algorithm,problem,dim,seed,best_value,error,evaluations,iterations,evals_to_target,success,stop_reason,seconds
CDA (paper),paper_f1,2,0,-19.966540768330105,0.0001425610355241247,3640,30,,False,mean_gap,0.011065601999689534
CDA (paper),paper_f1,2,1,-19.96654822414721,0.00013510521841908485,4018,23,,False,extinction,0.0018467840000084834
CDA (paper),paper_f1,2,2,-19.966679352781693,3.976583936804445e-06,749,18,717,True,extinction,0.0012656999997489038
CDA (paper),paper_f1,2,3,-19.96668276893578,5.604298500827554e-07,4158,27,4070,True,extinction,0.0021182860000408255
CDA (paper),paper_f1,2,4,-19.96647943358816,0.00020389577747081944,4655,16,,False,extinction,0.0015346660002251156
CDA (paper),paper_f1,2,5,-19.96658328220519,0.00010004716044065276,4492,32,,False,mean_gap,0.002325245000065479
CDA (paper),paper_f1,2,6,-19.966380144269746,0.00030318509588411757,2726,13,,False,extinction,0.001082468999811681
CDA (paper),paper_f1,2,7,-19.966522527449953,0.00016080191567624524,3392,32,,False,mean_gap,0.0022436669996750425
CDA (paper),paper_f1,2,8,-19.96663307104665,5.02583189785355e-05,4404,21,4367,True,extinction,0.0017551239998283563
CDA (paper),paper_f1,2,9,-19.96606450132355,0.0006188280420786896,776,15,,False,extinction,0.0009949400000550668
CDA (paper),paper_f1,2,10,-19.96658821506014,9.511430549125066e-05,4948,20,4930,True,extinction,0.0016944769995461684
CDA (paper),paper_f1,2,11,-19.96602285940491,0.0006604699607208886,1217,11,,False,extinction,0.0007996459999048966
CDA (paper),paper_f1,2,12,-19.96667461955886,8.709806770923478e-06,1373,23,1302,True,extinction,0.001540466999358614
CDA (paper),paper_f1,2,13,-19.96630384593465,0.0003794834309793771,2653,12,,False,extinction,0.0010392789999968954
CDA (paper),paper_f1,2,14,-19.96441476399125,0.00226856537437925,819,30,,False,extinction,0.0018343459996685851
CDA (paper),paper_f1,2,15,-19.96653308534123,0.00015024402440033668,4394,35,,False,mean_gap,0.0025960319999285275
CDA (paper),paper_f1,2,16,-19.966534638408884,0.000148690956745412,4103,30,,False,mean_gap,0.0021810930002175155
CDA (paper),paper_f1,2,17,-19.966051059490102,0.000632269875527669,698,13,,False,extinction,0.000885176000338106
CDA (paper),paper_f1,2,18,-19.966676381757782,6.947607847251902e-06,4467,14,4462,True,extinction,0.0013733269997828756
CDA (paper),paper_f1,2,19,-19.96637306360545,0.00031026576018078345,1955,17,,False,extinction,0.001239507999343914
CDA (paper),paper_f1,2,20,-19.966643120534716,4.0208830913712745e-05,3611,15,3606,True,extinction,0.0013038550005148863
CDA (paper),paper_f1,2,21,-19.964716515775134,0.001966813590495775,3350,32,,False,mean_gap,0.002174484000533994
CDA (paper),paper_f1,2,22,-19.96632973106358,0.0003535983020483968,4110,30,,False,mean_gap,0.0021922670002822997
CDA (paper),paper_f1,2,23,-19.966680137162562,3.192203067214905e-06,4185,19,3982,True,extinction,0.0015621149996150052
CDA (paper),paper_f1,2,24,-19.966053340510268,0.0006299888553620292,2571,20,,False,extinction,0.0015018370004327153
CDA (paper),paper_f1,2,25,-19.96664520714016,3.812222546883959e-05,3405,18,3382,True,extinction,0.0015890069998931722
CDA (paper),paper_f1,2,26,-19.966447669765817,0.00023565959981297624,4716,13,,False,extinction,0.0013461329999699956
CDA (paper),paper_f1,2,27,-19.966669858938552,1.3470427077777458e-05,3759,35,3603,True,mean_gap,0.0024083850003080443
CDA (paper),paper_f1,2,28,-19.957950440848393,0.008732888517236859,642,33,,False,mean_gap,0.0019008879999091732
CDA (paper),paper_f1,2,29,-19.966669862198234,1.3467167395475599e-05,3685,17,3668,True,extinction,0.0014037569999345578
CDA (budgeted),paper_f1,2,0,-19.964023345554075,0.0026599838115544117,10000,22,,False,budget_exhausted,0.0025790640002014698
CDA (budgeted),paper_f1,2,1,-19.964463741621557,0.002219587744072271,10000,24,,False,budget_exhausted,0.002437235000797955
CDA (budgeted),paper_f1,2,2,-19.959433190371985,0.0072501389936441285,10000,18,,False,budget_exhausted,0.0020240210005795234
CDA (budgeted),paper_f1,2,3,-19.966397141138287,0.00028618822734216565,10000,13,,False,budget_exhausted,0.0017560770002091886
CDA (budgeted),paper_f1,2,4,-19.96467909316199,0.002004236203639209,10000,19,,False,budget_exhausted,0.002169739000237314
CDA (budgeted),paper_f1,2,5,-19.964317303338696,0.0023660260269338096,10000,21,,False,budget_exhausted,0.002188475000366452
CDA (budgeted),paper_f1,2,6,-19.9652377913653,0.001445538000329094,10000,19,,False,budget_exhausted,0.0022368480003933655
CDA (budgeted),paper_f1,2,7,-19.95232557034354,0.014357759022090022,10000,22,,False,budget_exhausted,0.002630521999890334
CDA (budgeted),paper_f1,2,8,-19.96363944218839,0.003043887177238247,10000,12,,False,budget_exhausted,0.0016788650000307825
CDA (budgeted),paper_f1,2,9,-19.963624302830507,0.0030590265351229107,10000,21,,False,budget_exhausted,0.0024304930002472247
CDA (budgeted),paper_f1,2,10,-19.96293194434857,0.0037513850170611818,10000,22,,False,budget_exhausted,0.0023216419995151227
CDA (budgeted),paper_f1,2,11,-19.962578830048212,0.00410449931741752,10000,19,,False,budget_exhausted,0.0020993250000174157
CDA (budgeted),paper_f1,2,12,-19.965315681276294,0.001367648089335205,10000,21,,False,budget_exhausted,0.002333204000024125
CDA (budgeted),paper_f1,2,13,-19.96277493720875,0.003908392156880325,10000,21,,False,budget_exhausted,0.0022415280000132043
CDA (budgeted),paper_f1,2,14,-19.964752570132685,0.0019307592329447232,10000,21,,False,budget_exhausted,0.0022935199995117728
CDA (budgeted),paper_f1,2,15,-19.962535522135166,0.004147807230463485,10000,21,,False,budget_exhausted,0.002374205999331025
CDA (budgeted),paper_f1,2,16,-19.963073436174692,0.0036098931909371856,10000,20,,False,budget_exhausted,0.002179894999244425
CDA (budgeted),paper_f1,2,17,-19.963929510595474,0.0027538187701559025,10000,20,,False,budget_exhausted,0.002189296999858925
CDA (budgeted),paper_f1,2,18,-19.961818631850583,0.004864697515046146,10000,19,,False,budget_exhausted,0.0022172899998622597
CDA (budgeted),paper_f1,2,19,-19.96290327137035,0.003780057995278696,10000,13,,False,budget_exhausted,0.001671252999585704
CDA (budgeted),paper_f1,2,20,-19.96011265813491,0.006570671230718972,10000,21,,False,budget_exhausted,0.002302868999322527
CDA (budgeted),paper_f1,2,21,-19.963897757663275,0.0027855717023541615,10000,23,,False,budget_exhausted,0.0023684920006417087
CDA (budgeted),paper_f1,2,22,-19.965789054602848,0.0008942747627820324,10000,20,,False,budget_exhausted,0.002248826999675657
CDA (budgeted),paper_f1,2,23,-19.96567195424327,0.0010113751223599365,10000,20,,False,budget_exhausted,0.0022638219998043496
CDA (budgeted),paper_f1,2,24,-19.966165520987765,0.0005178083778645259,10000,22,,False,budget_exhausted,0.002417122999759158
CDA (budgeted),paper_f1,2,25,-19.96411437837495,0.0025689509906783314,10000,11,,False,budget_exhausted,0.0016540970000278321
CDA (budgeted),paper_f1,2,26,-19.96093030144156,0.005753027924068732,10000,21,,False,budget_exhausted,0.002298768999935419
CDA (budgeted),paper_f1,2,27,-19.964494648610962,0.0021886807546671605,10000,22,,False,budget_exhausted,0.0023695840000073076
CDA (budgeted),paper_f1,2,28,-19.96347361346048,0.00320971590515029,10000,22,,False,budget_exhausted,0.0023101870001482894
CDA (budgeted),paper_f1,2,29,-19.964023952039444,0.002659377326185819,10000,21,,False,budget_exhausted,0.002260825000121258
PSO,paper_f1,2,0,-19.966683329362002,3.6273206660553114e-12,10000,199,2600,True,budget_exhausted,0.0064190919993052376
PSO,paper_f1,2,1,-19.96668332936108,4.551026222543442e-12,10000,199,3000,True,budget_exhausted,0.006399252999472083
PSO,paper_f1,2,2,-19.966683329347063,1.8566481685411418e-11,10000,199,3100,True,budget_exhausted,0.006441595999604033
PSO,paper_f1,2,3,-19.96668332935327,1.2359890888546943e-11,10000,199,2750,True,budget_exhausted,0.0066159570005766
PSO,paper_f1,2,4,-19.96668332935715,8.480327551296796e-12,10000,199,2550,True,budget_exhausted,0.006618102999709663
PSO,paper_f1,2,5,-19.96668332935137,1.426059270670521e-11,10000,199,2850,True,budget_exhausted,0.0065692190000845585
PSO,paper_f1,2,6,-19.966683329358585,7.045031225061393e-12,10000,199,2800,True,budget_exhausted,0.006525277000037022
PSO,paper_f1,2,7,-19.966683329365082,5.471179065352771e-13,10000,199,2550,True,budget_exhausted,0.006326868000542163
PSO,paper_f1,2,8,-19.96668332936241,3.218758592993254e-12,10000,199,2500,True,budget_exhausted,0.00632897800005594
PSO,paper_f1,2,9,-19.966683329354574,1.1056044968427159e-11,10000,199,2550,True,budget_exhausted,0.006352647000312572
PSO,paper_f1,2,10,-19.966683329363367,2.263078613395919e-12,10000,199,2600,True,budget_exhausted,0.00656996900033846
PSO,paper_f1,2,11,-19.966683329360183,5.446310069601168e-12,10000,199,2600,True,budget_exhausted,0.00652379000075598
PSO,paper_f1,2,12,-19.9666833293625,3.1299407510232413e-12,10000,199,2450,True,budget_exhausted,0.006470033000368858
PSO,paper_f1,2,13,-19.966683329361448,4.1815439999481896e-12,10000,199,2300,True,budget_exhausted,0.006473921999713639
PSO,paper_f1,2,14,-19.966683329362255,3.375077994860476e-12,10000,199,2350,True,budget_exhausted,0.006488562999948044
PSO,paper_f1,2,15,-19.96668332932492,4.071054604537494e-11,10000,199,3100,True,budget_exhausted,0.006485774000793754
PSO,paper_f1,2,16,-19.966683329363676,1.9539925233402755e-12,10000,199,2250,True,budget_exhausted,0.00650391499948455
PSO,paper_f1,2,17,-19.966683329341684,2.3945290195115376e-11,10000,199,2750,True,budget_exhausted,0.0064871759996094625
PSO,paper_f1,2,18,-19.96668332935453,1.1098677532572765e-11,10000,199,2700,True,budget_exhausted,0.006500497000160976
PSO,paper_f1,2,19,-19.966683329336732,2.8897773063363275e-11,10000,199,3050,True,budget_exhausted,0.006538057000398112
PSO,paper_f1,2,20,-19.966683329364844,7.851497230149107e-13,10000,199,2600,True,budget_exhausted,0.006482204999883834
PSO,paper_f1,2,21,-19.966683329365566,6.394884621840902e-14,10000,199,2500,True,budget_exhausted,0.006431890000385465
PSO,paper_f1,2,22,-19.96668332936323,2.398081733190338e-12,10000,199,2500,True,budget_exhausted,0.0064344279999204446
PSO,paper_f1,2,23,-19.966683329362947,2.682298827494378e-12,10000,199,2300,True,budget_exhausted,0.006477101999735169
PSO,paper_f1,2,24,-19.96668332936203,3.5988989566249074e-12,10000,199,2400,True,budget_exhausted,0.006524192000142648
PSO,paper_f1,2,25,-19.966683329320837,4.4792614062316716e-11,10000,199,2450,True,budget_exhausted,0.0064905080007520155
PSO,paper_f1,2,26,-19.966683329338245,2.738431703619426e-11,10000,199,2900,True,budget_exhausted,0.0063790479998715455
PSO,paper_f1,2,27,-19.966683329343525,2.2104984509496717e-11,10000,199,2850,True,budget_exhausted,0.0064417809999213205
PSO,paper_f1,2,28,-19.966683329346715,1.8914647625933867e-11,10000,199,2600,True,budget_exhausted,0.00636891599970113
PSO,paper_f1,2,29,-19.96668332936169,3.9399594697897555e-12,10000,199,2750,True,budget_exhausted,0.0063492070003121626
GA,paper_f1,2,0,-19.965977660848072,0.0007056685175577115,10000,199,,False,budget_exhausted,0.010999187000379607
GA,paper_f1,2,1,-19.96668332936563,0.0,10000,199,700,True,budget_exhausted,0.010759953999695426
GA,paper_f1,2,2,-19.966633247987474,5.0081378155653056e-05,10000,199,1050,True,budget_exhausted,0.010851898000510118
GA,paper_f1,2,3,-19.966683299430418,2.9935211642850845e-08,10000,199,700,True,budget_exhausted,0.010876364000068861
GA,paper_f1,2,4,-19.96668332936563,0.0,10000,199,850,True,budget_exhausted,0.010841813000297407
GA,paper_f1,2,5,-19.96668332936563,0.0,10000,199,750,True,budget_exhausted,0.01097937600025034
GA,paper_f1,2,6,-19.96668332936563,0.0,10000,199,850,True,budget_exhausted,0.010944591000225046
GA,paper_f1,2,7,-19.96654313396523,0.00014019540039811318,10000,199,,False,budget_exhausted,0.01084396599981119
GA,paper_f1,2,8,-19.96668332936563,0.0,10000,199,950,True,budget_exhausted,0.01042358900031104
GA,paper_f1,2,9,-19.96668332936563,0.0,10000,199,750,True,budget_exhausted,0.011262755999268848
GA,paper_f1,2,10,-19.96668332936563,0.0,10000,199,950,True,budget_exhausted,0.010264031000588147
GA,paper_f1,2,11,-19.96668332872013,6.454996537286206e-10,10000,199,950,True,budget_exhausted,0.01047170299989375
GA,paper_f1,2,12,-19.96668332936563,0.0,10000,199,900,True,budget_exhausted,0.009970861000510922
GA,paper_f1,2,13,-19.96668332936563,0.0,10000,199,850,True,budget_exhausted,0.010298577999492409
GA,paper_f1,2,14,-19.96668332936561,2.1316282072803006e-14,10000,199,850,True,budget_exhausted,0.010385176000454521
GA,paper_f1,2,15,-19.96668332936563,0.0,10000,199,850,True,budget_exhausted,0.01035078900076769
GA,paper_f1,2,16,-19.966043790937338,0.000639538428291786,10000,199,,False,budget_exhausted,0.010493408000002091
GA,paper_f1,2,17,-19.96668332936563,0.0,10000,199,850,True,budget_exhausted,0.01051039799949649
GA,paper_f1,2,18,-19.96668332936563,0.0,10000,199,800,True,budget_exhausted,0.010499672999685572
GA,paper_f1,2,19,-19.96668332936563,0.0,10000,199,850,True,budget_exhausted,0.010405205999632017
GA,paper_f1,2,20,-19.96668332936563,0.0,10000,199,700,True,budget_exhausted,0.010496011000213912
GA,paper_f1,2,21,-19.96668332936563,0.0,10000,199,1000,True,budget_exhausted,0.010391555000751396
GA,paper_f1,2,22,-19.96668332936563,0.0,10000,199,900,True,budget_exhausted,0.01027133500065247
GA,paper_f1,2,23,-19.96668332936563,0.0,10000,199,950,True,budget_exhausted,0.010209167999164492
GA,paper_f1,2,24,-19.966682487517076,8.418485535344189e-07,10000,199,1000,True,budget_exhausted,0.010389555000074324
GA,paper_f1,2,25,-19.96668332936563,0.0,10000,199,950,True,budget_exhausted,0.010326902000088012
GA,paper_f1,2,26,-19.96568694605921,0.0009963833064183802,10000,199,,False,budget_exhausted,0.010524127000280714
GA,paper_f1,2,27,-19.96668332936563,0.0,10000,199,1050,True,budget_exhausted,0.010641689999829396
GA,paper_f1,2,28,-19.966683291024836,3.834079365105936e-08,10000,199,1000,True,budget_exhausted,0.010643861000062316
GA,paper_f1,2,29,-19.96668332936563,0.0,10000,199,900,True,budget_exhausted,0.01036055300028238
DE,paper_f1,2,0,-19.96668332936563,0.0,10000,199,1850,True,budget_exhausted,0.012255954000465863
DE,paper_f1,2,1,-19.96668332936563,0.0,10000,199,1650,True,budget_exhausted,0.012373775999549252
DE,paper_f1,2,2,-19.96668332936563,0.0,10000,199,1850,True,budget_exhausted,0.012179102000118291
DE,paper_f1,2,3,-19.96668332936563,0.0,10000,199,1700,True,budget_exhausted,0.012085938000382157
DE,paper_f1,2,4,-19.96668332936563,0.0,10000,199,1700,True,budget_exhausted,0.012295162000555138
DE,paper_f1,2,5,-19.96668332936563,0.0,10000,199,1850,True,budget_exhausted,0.012119062999772723
DE,paper_f1,2,6,-19.96668332936563,0.0,10000,199,1750,True,budget_exhausted,0.012208703999931458
DE,paper_f1,2,7,-19.96668332936563,0.0,10000,199,1850,True,budget_exhausted,0.01230966100047226
DE,paper_f1,2,8,-19.96668332936563,0.0,10000,199,1850,True,budget_exhausted,0.012379953999698046
DE,paper_f1,2,9,-19.96668332936563,0.0,10000,199,1600,True,budget_exhausted,0.01203419000012218
DE,paper_f1,2,10,-19.96668332936563,0.0,10000,199,1600,True,budget_exhausted,0.012089060999642243
DE,paper_f1,2,11,-19.96668332936563,0.0,10000,199,1750,True,budget_exhausted,0.012074162000317301
DE,paper_f1,2,12,-19.96668332936563,0.0,10000,199,1550,True,budget_exhausted,0.011829335000584251
DE,paper_f1,2,13,-19.96668332936563,0.0,10000,199,1700,True,budget_exhausted,0.011888488000295183
DE,paper_f1,2,14,-19.96668332936563,0.0,10000,199,1850,True,budget_exhausted,0.011824472000625974
DE,paper_f1,2,15,-19.96668332936563,0.0,10000,199,1550,True,budget_exhausted,0.011908331000086037
DE,paper_f1,2,16,-19.96668332936563,0.0,10000,199,1450,True,budget_exhausted,0.012158046999502403
DE,paper_f1,2,17,-19.96668332936563,0.0,10000,199,1750,True,budget_exhausted,0.011917908000214084
DE,paper_f1,2,18,-19.96668332936563,0.0,10000,199,1850,True,budget_exhausted,0.012184401999547845
DE,paper_f1,2,19,-19.96668332936563,0.0,10000,199,1850,True,budget_exhausted,0.0123385650003911
DE,paper_f1,2,20,-19.96668332936563,0.0,10000,199,1900,True,budget_exhausted,0.012031844000375713
DE,paper_f1,2,21,-19.96668332936563,0.0,10000,199,1450,True,budget_exhausted,0.011782970999774989
DE,paper_f1,2,22,-19.96668332936563,0.0,10000,199,1700,True,budget_exhausted,0.011888089000422042
DE,paper_f1,2,23,-19.96668332936563,0.0,10000,199,1900,True,budget_exhausted,0.014387125999746786
DE,paper_f1,2,24,-19.96668332936563,0.0,10000,199,1600,True,budget_exhausted,0.015325126000789169
DE,paper_f1,2,25,-19.96668332936563,0.0,10000,199,1700,True,budget_exhausted,0.012184581999463262
DE,paper_f1,2,26,-19.96668332936563,0.0,10000,199,1700,True,budget_exhausted,0.013514979999854404
DE,paper_f1,2,27,-19.96668332936563,0.0,10000,199,1550,True,budget_exhausted,0.01179475699973409
DE,paper_f1,2,28,-19.96668332936563,0.0,10000,199,1800,True,budget_exhausted,0.012060994999956165
DE,paper_f1,2,29,-19.96668332936563,0.0,10000,199,2000,True,budget_exhausted,0.011993592000180797
Random,paper_f1,2,0,-19.927129894735092,0.03955343463053751,10000,200,,False,budget_exhausted,0.0038622459996986436
Random,paper_f1,2,1,-19.943600252787597,0.023083076578032546,10000,200,,False,budget_exhausted,0.0038110579998829053
Random,paper_f1,2,2,-19.89933172889038,0.06735160047524857,10000,200,,False,budget_exhausted,0.0038824120001663687
Random,paper_f1,2,3,-19.88502436222906,0.08165896713656906,10000,200,,False,budget_exhausted,0.0038162480004757526
Random,paper_f1,2,4,-19.910671351433905,0.056011977931724743,10000,200,,False,budget_exhausted,0.0037772040004711016
Random,paper_f1,2,5,-19.96216776134968,0.004515568015950322,10000,200,,False,budget_exhausted,0.0038123009999253554
Random,paper_f1,2,6,-19.946488253813893,0.020195075551736608,10000,200,,False,budget_exhausted,0.0038635299997622496
Random,paper_f1,2,7,-19.95285560463203,0.013827724733598501,10000,200,,False,budget_exhausted,0.003932800999791652
Random,paper_f1,2,8,-19.91455049783067,0.05213283153495851,10000,200,,False,budget_exhausted,0.003826002000096196
Random,paper_f1,2,9,-19.93586356913069,0.03081976023494093,10000,200,,False,budget_exhausted,0.003797368000050483
Random,paper_f1,2,10,-19.93623566071708,0.030447668648548643,10000,200,,False,budget_exhausted,0.0037207589994068258
Random,paper_f1,2,11,-19.888174552886674,0.07850877647895516,10000,200,,False,budget_exhausted,0.0037584889996651327
Random,paper_f1,2,12,-19.884632960641643,0.08205036872398708,10000,200,,False,budget_exhausted,0.004912372000035248
Random,paper_f1,2,13,-19.95674417367227,0.00993915569335968,10000,200,,False,budget_exhausted,0.003770133999751124
Random,paper_f1,2,14,-19.960701858314895,0.005981471050734655,10000,200,,False,budget_exhausted,0.0037720880000051693
Random,paper_f1,2,15,-19.941019987867495,0.02566334149813443,10000,200,,False,budget_exhausted,0.0037001660002715653
Random,paper_f1,2,16,-19.960599447365947,0.006083881999682461,10000,200,,False,budget_exhausted,0.0038335720000759466
Random,paper_f1,2,17,-19.944564092709793,0.02211923665583626,10000,200,,False,budget_exhausted,0.0038757530001021223
Random,paper_f1,2,18,-19.93765676667767,0.029026562687960222,10000,200,,False,budget_exhausted,0.00379674400028307
Random,paper_f1,2,19,-19.959356825258983,0.007326504106647036,10000,200,,False,budget_exhausted,0.00383439899997029
Random,paper_f1,2,20,-19.940223186493316,0.02646014287231324,10000,200,,False,budget_exhausted,0.0037904490000073565
Random,paper_f1,2,21,-19.945687081304413,0.02099624806121625,10000,200,,False,budget_exhausted,0.0038148280000314116
Random,paper_f1,2,22,-19.87719324351735,0.08949008584827922,10000,200,,False,budget_exhausted,0.003801049999310635
Random,paper_f1,2,23,-19.941379981303665,0.025303348061964215,10000,200,,False,budget_exhausted,0.0037542279997069272
Random,paper_f1,2,24,-19.92076749385985,0.04591583550578093,10000,200,,False,budget_exhausted,0.0037305279993233853
Random,paper_f1,2,25,-19.952700701212805,0.013982628152824361,10000,200,,False,budget_exhausted,0.0038236809996305965
Random,paper_f1,2,26,-19.792203633247524,0.1744796961181052,10000,200,,False,budget_exhausted,0.0037771790002807393
Random,paper_f1,2,27,-19.923438983347058,0.04324434601857163,10000,200,,False,budget_exhausted,0.003731580000021495
Random,paper_f1,2,28,-19.89756495933252,0.0691183700331095,10000,200,,False,budget_exhausted,0.0037463170001501567
Random,paper_f1,2,29,-19.94808068772474,0.018602641640889317,10000,200,,False,budget_exhausted,0.003742480999790132
CDA (paper),paper_f2,2,0,-0.24220460453860337,0.005200589500012842,1993,21,,False,extinction,0.0017104230000768439
CDA (paper),paper_f2,2,1,-0.24452819783044144,0.0028769962081747757,1248,9,,False,extinction,0.0008157799993568915
CDA (paper),paper_f2,2,2,-0.24691069446442743,0.0004944995741887892,2363,23,,False,extinction,0.0017860640000435524
CDA (paper),paper_f2,2,3,-0.24582651452857723,0.0015786795100389828,3914,12,,False,extinction,0.0012937989995407406
CDA (paper),paper_f2,2,4,-0.24728994506822805,0.00011524897038817095,1459,13,,False,extinction,0.0010230779998892103
CDA (paper),paper_f2,2,5,-0.23128967406468753,0.016115519973928683,1290,17,,False,extinction,0.0012172240003565094
CDA (paper),paper_f2,2,6,-0.2371627269389716,0.010242467099644603,1599,33,,False,mean_gap,0.0022977959997660946
CDA (paper),paper_f2,2,7,-0.24571001569776796,0.001695178340848258,1297,32,,False,extinction,0.0021064080001451657
CDA (paper),paper_f2,2,8,-0.16841003836963986,0.07899515566897636,643,26,,False,mean_gap,0.0016751560006014188
CDA (paper),paper_f2,2,9,-0.24010382290855586,0.007301371130060352,1651,35,,False,mean_gap,0.0023561360003441223
CDA (paper),paper_f2,2,10,-0.24616219276724222,0.0012430012713740002,2207,22,,False,extinction,0.0016675339993525995
CDA (paper),paper_f2,2,11,-0.2292954224684119,0.018109771570204325,1946,13,,False,extinction,0.0011132710005767876
CDA (paper),paper_f2,2,12,-0.24243828185251348,0.004966912186102734,1622,32,,False,extinction,0.0021281839999574004
CDA (paper),paper_f2,2,13,-0.21575376877013597,0.03165142526848025,2018,13,,False,extinction,0.0011115990000689635
CDA (paper),paper_f2,2,14,-0.24403836416786817,0.003366829870748045,978,27,,False,mean_gap,0.0017403170004399726
CDA (paper),paper_f2,2,15,-0.24449639766894943,0.0029087963696667885,1178,10,,False,extinction,0.0007977949999258271
CDA (paper),paper_f2,2,16,-0.24064359447590727,0.006761599562708942,2063,34,,False,mean_gap,0.0022898859997440013
CDA (paper),paper_f2,2,17,-0.2459291938835203,0.0014760001550959134,3401,32,,False,mean_gap,0.0023388720001094043
CDA (paper),paper_f2,2,18,-0.24731370915845602,9.148488016019751e-05,3784,13,3756,True,extinction,0.0013043040007687523
CDA (paper),paper_f2,2,19,-0.2454801635078151,0.0019250305308011195,1907,12,,False,extinction,0.0010408060006739106
CDA (paper),paper_f2,2,20,-0.23486180392984507,0.012543390108771146,1778,15,,False,extinction,0.0012092079996364191
CDA (paper),paper_f2,2,21,-0.2388913173194679,0.008513876719148328,817,9,,False,extinction,0.0006832849994680146
CDA (paper),paper_f2,2,22,-0.21576135041030986,0.031643843628306356,1181,15,,False,extinction,0.001114783999582869
CDA (paper),paper_f2,2,23,-0.24440457521283876,0.003000618825777457,1437,35,,False,mean_gap,0.00225656499969773
CDA (paper),paper_f2,2,24,-0.24509184472317613,0.002313349315440083,858,24,,False,extinction,0.0015143429991439916
CDA (paper),paper_f2,2,25,-0.24648079674010714,0.000924397298509072,3208,14,,False,extinction,0.0012961149996044696
CDA (paper),paper_f2,2,26,-0.24721326859385473,0.0001919254447614871,1859,20,,False,extinction,0.0015064780000102473
CDA (paper),paper_f2,2,27,-0.24710516877094163,0.00030002526767458626,1541,17,,False,extinction,0.0012209870001242962
CDA (paper),paper_f2,2,28,-0.24685087115606275,0.0005543228825534707,1150,12,,False,extinction,0.0009256439998353017
CDA (paper),paper_f2,2,29,-0.2474050431913869,1.5084722931879568e-07,1318,16,1286,True,extinction,0.0011602100003074156
CDA (budgeted),paper_f2,2,0,-0.24691610466351271,0.0004890893751035019,10000,23,,False,budget_exhausted,0.0026529890001256717
CDA (budgeted),paper_f2,2,1,-0.23581462314034318,0.011590570898273034,10000,19,,False,budget_exhausted,0.0024099519996525487
CDA (budgeted),paper_f2,2,2,-0.2423574883281283,0.005047705710487904,10000,18,,False,budget_exhausted,0.0022904830002516974
CDA (budgeted),paper_f2,2,3,-0.2434219940519815,0.003983199986634711,10000,17,,False,budget_exhausted,0.0022287340007096645
CDA (budgeted),paper_f2,2,4,-0.22661250076406392,0.0207926932745523,10000,11,,False,budget_exhausted,0.0018789890000334708
CDA (budgeted),paper_f2,2,5,-0.24182887640825368,0.005576317630362537,10000,18,,False,budget_exhausted,0.002315630000339297
CDA (budgeted),paper_f2,2,6,-0.24159493586442726,0.005810258174188954,10000,34,,False,budget_exhausted,0.0032931859996097046
CDA (budgeted),paper_f2,2,7,-0.2462562765582979,0.0011489174803183122,10000,19,,False,budget_exhausted,0.002402715999778593
CDA (budgeted),paper_f2,2,8,-0.21946840665886463,0.027936787379751582,10000,19,,False,budget_exhausted,0.00240194399975735
CDA (budgeted),paper_f2,2,9,-0.22956680639352717,0.01783838764508905,10000,18,,False,budget_exhausted,0.002338014000088151
CDA (budgeted),paper_f2,2,10,-0.24282666293127114,0.004578531107345074,10000,19,,False,budget_exhausted,0.0023546789998363238
CDA (budgeted),paper_f2,2,11,-0.24014357410711956,0.0072616199314966545,10000,22,,False,budget_exhausted,0.002541976000429713
CDA (budgeted),paper_f2,2,12,-0.239397495293734,0.008007698744882219,10000,11,,False,budget_exhausted,0.0018582289994810708
CDA (budgeted),paper_f2,2,13,-0.24128825092377015,0.006116943114846063,10000,20,,False,budget_exhausted,0.002377910999712185
CDA (budgeted),paper_f2,2,14,-0.23735650846581247,0.01004868557280375,10000,18,,False,budget_exhausted,0.002295070000400301
CDA (budgeted),paper_f2,2,15,-0.24244879315274093,0.0049564008858752895,10000,11,,False,budget_exhausted,0.0018749479995676666
CDA (budgeted),paper_f2,2,16,-0.236062840394961,0.011342353643655212,10000,19,,False,budget_exhausted,0.0023507680007242016
CDA (budgeted),paper_f2,2,17,-0.24504963746503577,0.002355556573580442,10000,15,,False,budget_exhausted,0.0021253249997243984
CDA (budgeted),paper_f2,2,18,-0.23573401165397095,0.011671182384645262,10000,20,,False,budget_exhausted,0.0024610959999336046
CDA (budgeted),paper_f2,2,19,-0.23457408065392926,0.012831113384686954,10000,18,,False,budget_exhausted,0.0023078479998730472
CDA (budgeted),paper_f2,2,20,-0.2435532405805727,0.003851953458043511,10000,10,,False,budget_exhausted,0.0017668010004854295
CDA (budgeted),paper_f2,2,21,-0.2309968906420537,0.016408303396562518,10000,20,,False,budget_exhausted,0.0024268530005429056
CDA (budgeted),paper_f2,2,22,-0.23177051356799244,0.015634680470623774,10000,27,,False,budget_exhausted,0.0028562920006152126
CDA (budgeted),paper_f2,2,23,-0.23958298562715258,0.007822208411463638,10000,21,,False,budget_exhausted,0.002455195000038657
CDA (budgeted),paper_f2,2,24,-0.24587570645076795,0.001529487587848266,10000,11,,False,budget_exhausted,0.0018556040004114038
CDA (budgeted),paper_f2,2,25,-0.24383550250473612,0.0035696915338800927,10000,17,,False,budget_exhausted,0.002271450000080222
CDA (budgeted),paper_f2,2,26,-0.23309877869930812,0.014306415339308098,10000,17,,False,budget_exhausted,0.0022523150000779424
CDA (budgeted),paper_f2,2,27,-0.24061230817651902,0.006792885862097198,10000,23,,False,budget_exhausted,0.002503103999515588
CDA (budgeted),paper_f2,2,28,-0.2434327772950215,0.00397241674359472,10000,16,,False,budget_exhausted,0.002138785999704851
CDA (budgeted),paper_f2,2,29,-0.24327006596644057,0.004135128072175642,10000,18,,False,budget_exhausted,0.0022849470005894545
PSO,paper_f2,2,0,-0.2474051940279277,1.0688505636125001e-11,10000,199,2650,True,budget_exhausted,0.006812893000642362
PSO,paper_f2,2,1,-0.2474051940365085,2.1077029010996284e-12,10000,199,2450,True,budget_exhausted,0.006809044999499747
PSO,paper_f2,2,2,-0.24740519403814804,4.681810494844285e-13,10000,199,3150,True,budget_exhausted,0.006881907999741088
PSO,paper_f2,2,3,-0.24740519403075628,7.859934925136258e-12,10000,199,3900,True,budget_exhausted,0.006875445999867225
PSO,paper_f2,2,4,-0.24740519403688044,1.735778187850201e-12,10000,199,2800,True,budget_exhausted,0.006922532999851683
PSO,paper_f2,2,5,-0.24740519403861327,2.942091015256665e-15,10000,199,2700,True,budget_exhausted,0.006886873999974341
PSO,paper_f2,2,6,-0.2474051940359729,2.6433299993300352e-12,10000,199,2400,True,budget_exhausted,0.006859258999611484
PSO,paper_f2,2,7,-0.2474051940377925,8.237299731206349e-13,10000,199,2900,True,budget_exhausted,0.006971824999709497
PSO,paper_f2,2,8,-0.24740519401756889,2.104733054508756e-11,10000,199,2950,True,budget_exhausted,0.006924786000126915
PSO,paper_f2,2,9,-0.24740519402565664,1.2959577855298221e-11,10000,199,2650,True,budget_exhausted,0.006863693999548559
PSO,paper_f2,2,10,-0.24740519403836236,2.5385249458054204e-13,10000,199,2100,True,budget_exhausted,0.0067713540001932415
PSO,paper_f2,2,11,-0.24740519403824912,3.67095243092308e-13,10000,199,3250,True,budget_exhausted,0.006786420999560505
PSO,paper_f2,2,12,-0.2474051940240759,1.4540313397759519e-11,10000,199,2650,True,budget_exhausted,0.006720557000335248
PSO,paper_f2,2,13,-0.2474051940377754,8.408274076998623e-13,10000,199,2600,True,budget_exhausted,0.006706170999677852
PSO,paper_f2,2,14,-0.24740519403830113,3.1508129438861943e-13,10000,199,3050,True,budget_exhausted,0.006894072999784839
PSO,paper_f2,2,15,-0.24740519392823224,1.1038397973450742e-10,10000,199,2800,True,budget_exhausted,0.006865530999675684
PSO,paper_f2,2,16,-0.24740519403856687,4.934941344458821e-14,10000,199,2900,True,budget_exhausted,0.0068759149999095825
PSO,paper_f2,2,17,-0.24740519403032063,8.29558643999917e-12,10000,199,3350,True,budget_exhausted,0.006932880000022124
PSO,paper_f2,2,18,-0.24740519403801875,5.97466520702028e-13,10000,199,1900,True,budget_exhausted,0.006845273000180896
PSO,paper_f2,2,19,-0.24740519402905153,9.564682379448186e-12,10000,199,2850,True,budget_exhausted,0.0068451350007308065
PSO,paper_f2,2,20,-0.24740519403741046,1.2057577158941513e-12,10000,199,2650,True,budget_exhausted,0.006886825000037788
PSO,paper_f2,2,21,-0.24740519403249683,6.119382778280169e-12,10000,199,4550,True,budget_exhausted,0.006882822000079614
PSO,paper_f2,2,22,-0.24740519403774364,8.725797862041418e-13,10000,199,2700,True,budget_exhausted,0.006857540000055451
PSO,paper_f2,2,23,-0.24740519403792993,6.862843626720405e-13,10000,199,3150,True,budget_exhausted,0.006862270000056014
PSO,paper_f2,2,24,-0.24740519403557154,3.0446756227320293e-12,10000,199,3050,True,budget_exhausted,0.006907874999342312
PSO,paper_f2,2,25,-0.24740519403653183,2.0843882175825e-12,10000,199,3600,True,budget_exhausted,0.006976412000767596
PSO,paper_f2,2,26,-0.2474051940385702,4.601874437071274e-14,10000,199,3150,True,budget_exhausted,0.006875389000015275
PSO,paper_f2,2,27,-0.2474051940378928,7.23421322845752e-13,10000,199,1950,True,budget_exhausted,0.006900701999256853
PSO,paper_f2,2,28,-0.24740519403744943,1.1667888877298083e-12,10000,199,3650,True,budget_exhausted,0.00687358800041693
PSO,paper_f2,2,29,-0.247405193942353,9.626321961775375e-11,10000,199,4500,True,budget_exhausted,0.006795590999900014
GA,paper_f2,2,0,-0.24740519403861622,0.0,10000,199,8300,True,budget_exhausted,0.011320143000375538
GA,paper_f2,2,1,-0.24740519403861622,0.0,10000,199,1050,True,budget_exhausted,0.010866468999665813
GA,paper_f2,2,2,-0.24740519403861622,0.0,10000,199,850,True,budget_exhausted,0.010953170999528083
GA,paper_f2,2,3,-0.24737218073043998,3.3013308176232936e-05,10000,199,7750,True,budget_exhausted,0.0110337639998761
GA,paper_f2,2,4,-0.24740519403861622,0.0,10000,199,700,True,budget_exhausted,0.010899179000261938
GA,paper_f2,2,5,-0.08217999488893979,0.16522519914967643,10000,199,,False,budget_exhausted,0.010986247999426269
GA,paper_f2,2,6,-0.24740519403861622,0.0,10000,199,3350,True,budget_exhausted,0.011069899999711197
GA,paper_f2,2,7,-0.2474051940386111,5.10702591327572e-15,10000,199,900,True,budget_exhausted,0.011104661999524978
GA,paper_f2,2,8,-0.24740519403861622,0.0,10000,199,800,True,budget_exhausted,0.011127670999485417
GA,paper_f2,2,9,-0.24740519403861622,0.0,10000,199,7400,True,budget_exhausted,0.011159517000123742
GA,paper_f2,2,10,-0.24740519403861622,0.0,10000,199,650,True,budget_exhausted,0.010994432999723358
GA,paper_f2,2,11,-0.24740519403861533,8.881784197001252e-16,10000,199,3100,True,budget_exhausted,0.011563983000087319
GA,paper_f2,2,12,-0.24740519403861622,0.0,10000,199,800,True,budget_exhausted,0.010842752999451477
GA,paper_f2,2,13,-0.24740519403843186,1.8435253323900724e-13,10000,199,1200,True,budget_exhausted,0.011135683999782486
GA,paper_f2,2,14,-0.24740519403861622,0.0,10000,199,950,True,budget_exhausted,0.011063510999520076
GA,paper_f2,2,15,-0.24740519403861622,0.0,10000,199,2700,True,budget_exhausted,0.011093858999629447
GA,paper_f2,2,16,-0.24738123698869052,2.3957049925693585e-05,10000,199,950,True,budget_exhausted,0.011296704999949725
GA,paper_f2,2,17,-0.24740519403861622,0.0,10000,199,3700,True,budget_exhausted,0.011036242000045604
GA,paper_f2,2,18,-0.24740519403861622,0.0,10000,199,1050,True,budget_exhausted,0.011641590999715845
GA,paper_f2,2,19,-0.24740519403861622,0.0,10000,199,1050,True,budget_exhausted,0.011706281000442686
GA,paper_f2,2,20,-0.23600312580409827,0.011402068234517948,10000,199,,False,budget_exhausted,0.011467190000075789
GA,paper_f2,2,21,-0.24740519403861622,0.0,10000,199,1850,True,budget_exhausted,0.011217909000151849
GA,paper_f2,2,22,-0.24657472345149606,0.0008304705871201579,10000,199,,False,budget_exhausted,0.011654871000246203
GA,paper_f2,2,23,-0.24740519403861622,0.0,10000,199,950,True,budget_exhausted,0.011589331999857677
GA,paper_f2,2,24,-0.24740519403861622,0.0,10000,199,1400,True,budget_exhausted,0.01067254099962156
GA,paper_f2,2,25,-0.24740519403861622,0.0,10000,199,1050,True,budget_exhausted,0.011031282000658393
GA,paper_f2,2,26,-0.2157675342913824,0.031637659747233815,10000,199,,False,budget_exhausted,0.011096288999397075
GA,paper_f2,2,27,-0.24740519403861622,0.0,10000,199,1550,True,budget_exhausted,0.011385951000193018
GA,paper_f2,2,28,-0.2474051939775735,6.104272642915021e-11,10000,199,2500,True,budget_exhausted,0.01113411599999381
GA,paper_f2,2,29,-0.24740503162467337,1.624139428502147e-07,10000,199,6950,True,budget_exhausted,0.011270265999883122
DE,paper_f2,2,0,-0.24740519403861622,0.0,10000,199,2250,True,budget_exhausted,0.012546981999548734
DE,paper_f2,2,1,-0.24740519403861622,0.0,10000,199,2700,True,budget_exhausted,0.012334227000792453
DE,paper_f2,2,2,-0.24740519403861622,0.0,10000,199,2250,True,budget_exhausted,0.012377817000015057
DE,paper_f2,2,3,-0.24740519403861622,0.0,10000,199,2300,True,budget_exhausted,0.012483552000048803
DE,paper_f2,2,4,-0.24740519403861622,0.0,10000,199,2100,True,budget_exhausted,0.012360104000435967
DE,paper_f2,2,5,-0.24740519403861622,0.0,10000,199,2650,True,budget_exhausted,0.012389340000481752
DE,paper_f2,2,6,-0.24740519403861622,0.0,10000,199,1900,True,budget_exhausted,0.012411673999849882
DE,paper_f2,2,7,-0.24740519403861622,0.0,10000,199,2200,True,budget_exhausted,0.012585047000357008
DE,paper_f2,2,8,-0.24740519403861622,0.0,10000,199,2100,True,budget_exhausted,0.012501906000579766
DE,paper_f2,2,9,-0.24740519403861622,0.0,10000,199,2450,True,budget_exhausted,0.012567387999297353
DE,paper_f2,2,10,-0.24740519403861622,0.0,10000,199,2300,True,budget_exhausted,0.012482031999752508
DE,paper_f2,2,11,-0.24740519403861622,0.0,10000,199,2400,True,budget_exhausted,0.012970054000106757
DE,paper_f2,2,12,-0.24740519403861622,0.0,10000,199,2550,True,budget_exhausted,0.01240364800014504
DE,paper_f2,2,13,-0.24740519403861622,0.0,10000,199,2400,True,budget_exhausted,0.012651027999709186
DE,paper_f2,2,14,-0.24740519403861622,0.0,10000,199,1950,True,budget_exhausted,0.012647813000512542
DE,paper_f2,2,15,-0.24740519403861622,0.0,10000,199,2500,True,budget_exhausted,0.012488686000324378
DE,paper_f2,2,16,-0.24740519403861622,0.0,10000,199,2200,True,budget_exhausted,0.0125278019995676
DE,paper_f2,2,17,-0.24740519403861622,0.0,10000,199,1750,True,budget_exhausted,0.01260416900004202
DE,paper_f2,2,18,-0.24740519403861622,0.0,10000,199,1800,True,budget_exhausted,0.012624778999452246
DE,paper_f2,2,19,-0.24740519403861622,0.0,10000,199,2200,True,budget_exhausted,0.012521605999609164
DE,paper_f2,2,20,-0.24740519403861622,0.0,10000,199,2400,True,budget_exhausted,0.012537102999885974
DE,paper_f2,2,21,-0.24740519403861622,0.0,10000,199,2050,True,budget_exhausted,0.012431408000338706
DE,paper_f2,2,22,-0.24740519403861622,0.0,10000,199,2350,True,budget_exhausted,0.0124849699996048
DE,paper_f2,2,23,-0.24740519403861622,0.0,10000,199,2300,True,budget_exhausted,0.0123999500001446
DE,paper_f2,2,24,-0.24740519403861622,0.0,10000,199,2350,True,budget_exhausted,0.012217088999932457
DE,paper_f2,2,25,-0.24740519403861622,0.0,10000,199,2250,True,budget_exhausted,0.01231292200009193
DE,paper_f2,2,26,-0.24740519403861622,0.0,10000,199,2450,True,budget_exhausted,0.01249680000000808
DE,paper_f2,2,27,-0.24740519403861622,0.0,10000,199,2600,True,budget_exhausted,0.012530887000139046
DE,paper_f2,2,28,-0.24740519403861622,0.0,10000,199,2100,True,budget_exhausted,0.012585317999764811
DE,paper_f2,2,29,-0.24740519403861622,0.0,10000,199,2550,True,budget_exhausted,0.012542122000013478
Random,paper_f2,2,0,-0.20659815980535196,0.04080703423326426,10000,200,,False,budget_exhausted,0.004220009000164282
Random,paper_f2,2,1,-0.18992479919931532,0.0574803948393009,10000,200,,False,budget_exhausted,0.004259841999555647
Random,paper_f2,2,2,-0.19099780076760148,0.05640739327101474,10000,200,,False,budget_exhausted,0.004242143999363179
Random,paper_f2,2,3,-0.2231544713326401,0.024250722705976113,10000,200,,False,budget_exhausted,0.004323432999626675
Random,paper_f2,2,4,-0.2009134146042001,0.046491779434416125,10000,200,,False,budget_exhausted,0.004235598999912327
Random,paper_f2,2,5,-0.24025687376887328,0.007148320269742936,10000,200,,False,budget_exhausted,0.004272684999705234
Random,paper_f2,2,6,-0.17567002425353573,0.07173516978508049,10000,200,,False,budget_exhausted,0.004240514999764855
Random,paper_f2,2,7,-0.18419201167410953,0.06321318236450668,10000,200,,False,budget_exhausted,0.00443950200042309
Random,paper_f2,2,8,-0.1777298047615048,0.06967538927711142,10000,200,,False,budget_exhausted,0.004286945999410818
Random,paper_f2,2,9,-0.1928933098808937,0.05451188415772251,10000,200,,False,budget_exhausted,0.0042145469997194596
Random,paper_f2,2,10,-0.16122281096340252,0.0861823830752137,10000,200,,False,budget_exhausted,0.00421391500003665
Random,paper_f2,2,11,-0.1675489535142618,0.07985624052435442,10000,200,,False,budget_exhausted,0.004265690000465838
Random,paper_f2,2,12,-0.18531720321702105,0.06208799082159516,10000,200,,False,budget_exhausted,0.004181488000540412
Random,paper_f2,2,13,-0.2087358882387853,0.03866930579983091,10000,200,,False,budget_exhausted,0.004219084000396833
Random,paper_f2,2,14,-0.2095353216425303,0.03786987239608591,10000,200,,False,budget_exhausted,0.0041980570003943285
Random,paper_f2,2,15,-0.2183620391273972,0.029043154911219005,10000,200,,False,budget_exhausted,0.00422198100022797
Random,paper_f2,2,16,-0.2240368768229234,0.023368317215692824,10000,200,,False,budget_exhausted,0.004233208999721683
Random,paper_f2,2,17,-0.16914172152206697,0.07826347251654925,10000,200,,False,budget_exhausted,0.004218412999762222
Random,paper_f2,2,18,-0.199805664633521,0.04759952940509521,10000,200,,False,budget_exhausted,0.00424277899946901
Random,paper_f2,2,19,-0.23772158064097226,0.009683613397643953,10000,200,,False,budget_exhausted,0.00432360500053619
Random,paper_f2,2,20,-0.21992990129318268,0.027475292745433533,10000,200,,False,budget_exhausted,0.004315509000662132
Random,paper_f2,2,21,-0.19913801040272427,0.04826718363589194,10000,200,,False,budget_exhausted,0.004272926999874471
Random,paper_f2,2,22,-0.2219711606971435,0.025434033341472706,10000,200,,False,budget_exhausted,0.004252700000506593
Random,paper_f2,2,23,-0.22567191953109067,0.021733274507525546,10000,200,,False,budget_exhausted,0.004260433999661473
Random,paper_f2,2,24,-0.18622929622818457,0.061175897810431645,10000,200,,False,budget_exhausted,0.004295286999877135
Random,paper_f2,2,25,-0.16676161066577055,0.08064358337284566,10000,200,,False,budget_exhausted,0.00427672200021334
Random,paper_f2,2,26,-0.22920584646679865,0.01819934757181757,10000,200,,False,budget_exhausted,0.004303632999835827
Random,paper_f2,2,27,-0.18016647388859386,0.06723872015002236,10000,200,,False,budget_exhausted,0.004256885000359034
Random,paper_f2,2,28,-0.20590549535267944,0.04149969868593678,10000,200,,False,budget_exhausted,0.00424994799959677
Random,paper_f2,2,29,-0.20199557553736036,0.045409618501255855,10000,200,,False,budget_exhausted,0.00429532299949642
CDA (paper),easom,2,0,-4.420985620216804e-59,1.0,104,1,,False,mean_gap,0.0001952760003405274
CDA (paper),easom,2,1,-4.991253348998478e-37,1.0,248,1,,False,mean_gap,0.00015353300022979965
CDA (paper),easom,2,2,-1.4761455324957848e-11,0.9999999999852386,294,1,,False,mean_gap,0.00015074500061018625
CDA (paper),easom,2,3,-1.1473430754851822e-18,1.0,296,1,,False,mean_gap,0.00015041499955259496
CDA (paper),easom,2,4,-2.740638750292982e-107,1.0,104,1,,False,mean_gap,0.00011852900024678092
CDA (paper),easom,2,5,-2.0231772852847425e-47,1.0,296,1,,False,mean_gap,0.00013896100062993355
CDA (paper),easom,2,6,-1.59628413809103e-77,1.0,104,1,,False,mean_gap,0.00011224299942114158
CDA (paper),easom,2,7,-4.273430793473306e-29,1.0,295,1,,False,mean_gap,0.0001378110000587185
CDA (paper),easom,2,8,-1.5675133625589743e-15,0.9999999999999984,104,1,,False,mean_gap,0.00012870099999418017
CDA (paper),easom,2,9,-3.355125561686515e-17,1.0,104,1,,False,mean_gap,0.00011172399990755366
CDA (paper),easom,2,10,-2.329581611137874e-78,1.0,105,1,,False,mean_gap,0.00011163099952682387
CDA (paper),easom,2,11,-2.8882307013054003e-64,1.0,104,1,,False,mean_gap,0.00012145699929533293
CDA (paper),easom,2,12,-1.9326393022272773e-62,1.0,296,1,,False,mean_gap,0.00013543099976232043
CDA (paper),easom,2,13,-3.413149713782141e-12,0.9999999999965868,296,1,,False,mean_gap,0.00013506499999493826
CDA (paper),easom,2,14,-6.155848350226513e-21,1.0,296,1,,False,mean_gap,0.00013168299938115524
CDA (paper),easom,2,15,-3.5425454184374207e-69,1.0,296,1,,False,mean_gap,0.00013605899948743172
CDA (paper),easom,2,16,-4.355285722530302e-35,1.0,104,1,,False,mean_gap,0.0001211139997394639
CDA (paper),easom,2,17,-5.529902777698086e-48,1.0,104,1,,False,mean_gap,0.00010630199994920986
CDA (paper),easom,2,18,-3.602456555128773e-05,0.9999639754344487,104,1,,False,mean_gap,0.00010557699988567038
CDA (paper),easom,2,19,-5.241288974015036e-88,1.0,104,1,,False,mean_gap,0.00010971400024573086
CDA (paper),easom,2,20,-3.5117000137263225e-09,0.9999999964883,530,2,,False,mean_gap,0.00023534000047220616
CDA (paper),easom,2,21,-2.079778789276115e-06,0.9999979202212107,757,3,,False,mean_gap,0.0003509940006551915
CDA (paper),easom,2,22,-2.7522386712252608e-14,0.9999999999999725,296,1,,False,mean_gap,0.00013830399984726682
CDA (paper),easom,2,23,-1.3775356429567012e-99,1.0,296,1,,False,mean_gap,0.00013014700016356073
CDA (paper),easom,2,24,-3.777657818716454e-89,1.0,104,1,,False,mean_gap,0.00011042499954783125
CDA (paper),easom,2,25,-5.17989366779852e-10,0.9999999994820107,518,2,,False,mean_gap,0.00022873500074638287
CDA (paper),easom,2,26,-4.601624404307886e-41,1.0,296,1,,False,mean_gap,0.00013955000031273812
CDA (paper),easom,2,27,-1.1957972622309524e-50,1.0,296,1,,False,mean_gap,0.00013178799963498022
CDA (paper),easom,2,28,-9.733598305656839e-32,1.0,104,1,,False,mean_gap,0.00011181099944224115
CDA (paper),easom,2,29,-0.05823877303772116,0.9417612269622788,154,2,,False,mean_gap,0.00017646000014792662
CDA (budgeted),easom,2,0,-0.9621597906043008,0.03784020939569921,10000,208,,False,budget_exhausted,0.015589011000884057
CDA (budgeted),easom,2,1,-0.9581556473270637,0.04184435267293629,10000,208,,False,budget_exhausted,0.015576589000374952
CDA (budgeted),easom,2,2,-0.9985315442203667,0.001468455779633282,10000,201,,False,budget_exhausted,0.015200248999462929
CDA (budgeted),easom,2,3,-0.9988887770297163,0.001111222970283654,10000,211,,False,budget_exhausted,0.015932330999930855
CDA (budgeted),easom,2,4,-0.9974370289825704,0.0025629710174296383,10000,204,,False,budget_exhausted,0.015633732999958738
CDA (budgeted),easom,2,5,-0.9950404088450484,0.0049595911549515925,10000,201,,False,budget_exhausted,0.015353095000136818
CDA (budgeted),easom,2,6,-0.9992831711601589,0.0007168288398411438,10000,208,,False,budget_exhausted,0.015937361000396777
CDA (budgeted),easom,2,7,-0.9988015103029033,0.001198489697096683,10000,200,,False,budget_exhausted,0.015440078000210633
CDA (budgeted),easom,2,8,-0.9999305608267478,6.943917325219484e-05,10000,212,7557,True,budget_exhausted,0.015917790999992576
CDA (budgeted),easom,2,9,-0.9751994204331682,0.024800579566831793,10000,212,,False,budget_exhausted,0.01590087800013862
CDA (budgeted),easom,2,10,-0.9969887135008109,0.0030112864991891364,10000,213,,False,budget_exhausted,0.01591308399929403
CDA (budgeted),easom,2,11,-0.998552560843849,0.0014474391561509758,10000,209,,False,budget_exhausted,0.015883212000517233
CDA (budgeted),easom,2,12,-0.9743179915777088,0.02568200842229118,10000,198,,False,budget_exhausted,0.01517138300005172
CDA (budgeted),easom,2,13,-0.9844908844432854,0.015509115556714637,10000,199,,False,budget_exhausted,0.015106675999959407
CDA (budgeted),easom,2,14,-0.9857606482105564,0.014239351789443577,10000,212,,False,budget_exhausted,0.01591018199997052
CDA (budgeted),easom,2,15,-0.9988969220852474,0.0011030779147526149,10000,211,,False,budget_exhausted,0.016136081999320595
CDA (budgeted),easom,2,16,-0.9471195968123639,0.052880403187636094,10000,207,,False,budget_exhausted,0.01586702900021919
CDA (budgeted),easom,2,17,-0.9811102243364092,0.018889775663590846,10000,203,,False,budget_exhausted,0.015527965000728727
CDA (budgeted),easom,2,18,-0.9995689146880429,0.0004310853119571245,10000,208,,False,budget_exhausted,0.01585775500007003
CDA (budgeted),easom,2,19,-0.992972963676845,0.007027036323155045,10000,210,,False,budget_exhausted,0.01607717800015962
CDA (budgeted),easom,2,20,-0.9844772501503212,0.01552274984967883,10000,203,,False,budget_exhausted,0.015646968000510242
CDA (budgeted),easom,2,21,-0.9734195760523052,0.026580423947694776,10000,205,,False,budget_exhausted,0.015862002999710967
CDA (budgeted),easom,2,22,-0.9926236737990269,0.00737632620097306,10000,206,,False,budget_exhausted,0.015716908000285912
CDA (budgeted),easom,2,23,-0.9949125137850691,0.005087486214930936,10000,199,,False,budget_exhausted,0.0151299539993488
CDA (budgeted),easom,2,24,-0.9980687103535382,0.0019312896464618312,10000,204,,False,budget_exhausted,0.015308716000618006
CDA (budgeted),easom,2,25,-0.9864881752345023,0.013511824765497726,10000,200,,False,budget_exhausted,0.015343588000177988
CDA (budgeted),easom,2,26,-0.9985176696042558,0.0014823303957441913,10000,209,,False,budget_exhausted,0.015864674000113155
CDA (budgeted),easom,2,27,-0.9943235999895764,0.005676400010423577,10000,212,,False,budget_exhausted,0.016078506999292586
CDA (budgeted),easom,2,28,-0.9857097424181472,0.014290257581852761,10000,213,,False,budget_exhausted,0.01632418599911034
CDA (budgeted),easom,2,29,-0.9951319012622378,0.004868098737762172,10000,211,,False,budget_exhausted,0.016196232999391214
PSO,easom,2,0,-1.0,0.0,10000,199,2500,True,budget_exhausted,0.006663332999778504
PSO,easom,2,1,-1.0,0.0,10000,199,2000,True,budget_exhausted,0.006565841999872646
PSO,easom,2,2,-1.0,0.0,10000,199,2350,True,budget_exhausted,0.006543129000419867
PSO,easom,2,3,-1.0,0.0,10000,199,2700,True,budget_exhausted,0.0066397959999449085
PSO,easom,2,4,-1.0,0.0,10000,199,2100,True,budget_exhausted,0.0065614779996394645
PSO,easom,2,5,-1.0,0.0,10000,199,2850,True,budget_exhausted,0.006615194000005431
PSO,easom,2,6,-1.0,0.0,10000,199,2650,True,budget_exhausted,0.0064885550000326475
PSO,easom,2,7,-1.0,0.0,10000,199,2100,True,budget_exhausted,0.00653145699925517
PSO,easom,2,8,-1.0,0.0,10000,199,2350,True,budget_exhausted,0.006570931000169367
PSO,easom,2,9,-1.0,0.0,10000,199,1800,True,budget_exhausted,0.006556667000040761
PSO,easom,2,10,-1.0,0.0,10000,199,2650,True,budget_exhausted,0.0064829130005819025
PSO,easom,2,11,-1.0,0.0,10000,199,1750,True,budget_exhausted,0.006541495000419673
PSO,easom,2,12,-1.0,0.0,10000,199,2950,True,budget_exhausted,0.0065370080001230235
PSO,easom,2,13,-1.0,0.0,10000,199,2650,True,budget_exhausted,0.006555496999681054
PSO,easom,2,14,-1.0,0.0,10000,199,2250,True,budget_exhausted,0.0065643580001051305
PSO,easom,2,15,-1.0,0.0,10000,199,2250,True,budget_exhausted,0.006580101000508876
PSO,easom,2,16,-1.0,0.0,10000,199,2450,True,budget_exhausted,0.006488032999186544
PSO,easom,2,17,-1.0,0.0,10000,199,2850,True,budget_exhausted,0.0064271470000676345
PSO,easom,2,18,-1.0,0.0,10000,199,2850,True,budget_exhausted,0.0064084939995154855
PSO,easom,2,19,-1.0,0.0,10000,199,2300,True,budget_exhausted,0.006436448000386008
PSO,easom,2,20,-1.0,0.0,10000,199,2300,True,budget_exhausted,0.006472100000792125
PSO,easom,2,21,-1.0,0.0,10000,199,2600,True,budget_exhausted,0.006519081999613263
PSO,easom,2,22,-1.0,0.0,10000,199,2800,True,budget_exhausted,0.006565610000507149
PSO,easom,2,23,-1.0,0.0,10000,199,2750,True,budget_exhausted,0.006549761000314902
PSO,easom,2,24,-1.0,0.0,10000,199,2900,True,budget_exhausted,0.007161653000366641
PSO,easom,2,25,-1.0,0.0,10000,199,2750,True,budget_exhausted,0.007293096000466903
PSO,easom,2,26,-1.0,0.0,10000,199,2700,True,budget_exhausted,0.00652660699961416
PSO,easom,2,27,-1.0,0.0,10000,199,2100,True,budget_exhausted,0.00603520899949217
PSO,easom,2,28,-1.0,0.0,10000,199,2250,True,budget_exhausted,0.005995638000058534
PSO,easom,2,29,-1.0,0.0,10000,199,2400,True,budget_exhausted,0.006141990000287478
GA,easom,2,0,-0.9999999949218876,5.078112375045407e-09,10000,199,850,True,budget_exhausted,0.010740917000475747
GA,easom,2,1,-8.110223889869921e-05,0.9999188977611013,10000,199,,False,budget_exhausted,0.010839895999197324
GA,easom,2,2,-1.0,0.0,10000,199,900,True,budget_exhausted,0.011716874000740063
GA,easom,2,3,-1.0,0.0,10000,199,650,True,budget_exhausted,0.010549173000072187
GA,easom,2,4,-0.40923669495413545,0.5907633050458645,10000,199,,False,budget_exhausted,0.010057442999823252
GA,easom,2,5,-0.9999999990571274,9.428725578075614e-10,10000,199,1200,True,budget_exhausted,0.009940381999513193
GA,easom,2,6,-8.110223868103331e-05,0.9999188977613189,10000,199,,False,budget_exhausted,0.010311506999642006
GA,easom,2,7,-1.0,0.0,10000,199,1350,True,budget_exhausted,0.010309303000212822
GA,easom,2,8,-1.0,0.0,10000,199,1200,True,budget_exhausted,0.01030454500050837
GA,easom,2,9,-1.0,0.0,10000,199,1050,True,budget_exhausted,0.010268117000123311
GA,easom,2,10,-1.0,0.0,10000,199,1000,True,budget_exhausted,0.010421755000606936
GA,easom,2,11,-1.0,0.0,10000,199,4700,True,budget_exhausted,0.010606533000100171
GA,easom,2,12,-0.9996410917917393,0.0003589082082606776,10000,199,,False,budget_exhausted,0.01069425500008947
GA,easom,2,13,-0.8305766604132586,0.16942333958674138,10000,199,,False,budget_exhausted,0.010599189999993541
GA,easom,2,14,-1.0,0.0,10000,199,1050,True,budget_exhausted,0.010288204000062251
GA,easom,2,15,-1.0,0.0,10000,199,900,True,budget_exhausted,0.010446882999531226
GA,easom,2,16,-0.9999257702918993,7.422970810067042e-05,10000,199,1650,True,budget_exhausted,0.010487001000001328
GA,easom,2,17,-1.0,0.0,10000,199,850,True,budget_exhausted,0.010472949000359222
GA,easom,2,18,-0.9999999943440615,5.655938495330304e-09,10000,199,900,True,budget_exhausted,0.010493246000805811
GA,easom,2,19,-8.110223891570053e-05,0.9999188977610843,10000,199,,False,budget_exhausted,0.010478131000127178
GA,easom,2,20,-8.110223891570067e-05,0.9999188977610843,10000,199,,False,budget_exhausted,0.01049404700006562
GA,easom,2,21,-1.0,0.0,10000,199,1200,True,budget_exhausted,0.010653708999598166
GA,easom,2,22,-1.0,0.0,10000,199,1050,True,budget_exhausted,0.010569829999440117
GA,easom,2,23,-1.0,0.0,10000,199,1300,True,budget_exhausted,0.010496378000425466
GA,easom,2,24,-1.0,0.0,10000,199,1000,True,budget_exhausted,0.010563548000391165
GA,easom,2,25,-1.0,0.0,10000,199,700,True,budget_exhausted,0.010720989999754238
GA,easom,2,26,-0.9999999544635948,4.553640520210678e-08,10000,199,1050,True,budget_exhausted,0.010854189999918162
GA,easom,2,27,-1.0,0.0,10000,199,800,True,budget_exhausted,0.010793780000312836
GA,easom,2,28,-1.0,0.0,10000,199,950,True,budget_exhausted,0.010611464999783493
GA,easom,2,29,-0.9999323051888547,6.769481114532461e-05,10000,199,1950,True,budget_exhausted,0.010606868000650138
DE,easom,2,0,-1.0,0.0,10000,199,2600,True,budget_exhausted,0.012203792000036628
DE,easom,2,1,-1.0,0.0,10000,199,2450,True,budget_exhausted,0.012046228000144765
DE,easom,2,2,-1.0,0.0,10000,199,2200,True,budget_exhausted,0.012074323999513581
DE,easom,2,3,-1.0,0.0,10000,199,2950,True,budget_exhausted,0.012133879999964847
DE,easom,2,4,-1.0,0.0,10000,199,2650,True,budget_exhausted,0.012228798999785795
DE,easom,2,5,-1.0,0.0,10000,199,2450,True,budget_exhausted,0.012189152000246395
DE,easom,2,6,-1.0,0.0,10000,199,2800,True,budget_exhausted,0.012039092000122764
DE,easom,2,7,-1.0,0.0,10000,199,2850,True,budget_exhausted,0.011901107000085176
DE,easom,2,8,-1.0,0.0,10000,199,2300,True,budget_exhausted,0.01211488700027985
DE,easom,2,9,-1.0,0.0,10000,199,2800,True,budget_exhausted,0.012113836000025913
DE,easom,2,10,-1.0,0.0,10000,199,2500,True,budget_exhausted,0.012310396000430046
DE,easom,2,11,-1.0,0.0,10000,199,2600,True,budget_exhausted,0.012150751000262972
DE,easom,2,12,-1.0,0.0,10000,199,2450,True,budget_exhausted,0.012147226000706723
DE,easom,2,13,-1.0,0.0,10000,199,2550,True,budget_exhausted,0.012164638000285777
DE,easom,2,14,-1.0,0.0,10000,199,2150,True,budget_exhausted,0.012222649000250385
DE,easom,2,15,-1.0,0.0,10000,199,2900,True,budget_exhausted,0.01208265399964148
DE,easom,2,16,-1.0,0.0,10000,199,2300,True,budget_exhausted,0.012083558999620436
DE,easom,2,17,-1.0,0.0,10000,199,2250,True,budget_exhausted,0.012162267999883625
DE,easom,2,18,-1.0,0.0,10000,199,2150,True,budget_exhausted,0.012368054000035045
DE,easom,2,19,-1.0,0.0,10000,199,2500,True,budget_exhausted,0.01253603899931477
DE,easom,2,20,-1.0,0.0,10000,199,2850,True,budget_exhausted,0.012379664000036428
DE,easom,2,21,-1.0,0.0,10000,199,2600,True,budget_exhausted,0.012223646999700577
DE,easom,2,22,-1.0,0.0,10000,199,2400,True,budget_exhausted,0.012706389000413765
DE,easom,2,23,-1.0,0.0,10000,199,2600,True,budget_exhausted,0.012119701000301575
DE,easom,2,24,-1.0,0.0,10000,199,2700,True,budget_exhausted,0.012111403000744758
DE,easom,2,25,-1.0,0.0,10000,199,2700,True,budget_exhausted,0.01210005299981276
DE,easom,2,26,-1.0,0.0,10000,199,2350,True,budget_exhausted,0.012098559999685676
DE,easom,2,27,-1.0,0.0,10000,199,2800,True,budget_exhausted,0.012194625999654818
DE,easom,2,28,-1.0,0.0,10000,199,2400,True,budget_exhausted,0.01223704899985023
DE,easom,2,29,-1.0,0.0,10000,199,2650,True,budget_exhausted,0.011996370999440842
Random,easom,2,0,-0.2698753891926657,0.7301246108073343,10000,200,,False,budget_exhausted,0.0039643979998800205
Random,easom,2,1,-0.09583248908198393,0.9041675109180161,10000,200,,False,budget_exhausted,0.003971291000198107
Random,easom,2,2,-0.7100300010632441,0.2899699989367559,10000,200,,False,budget_exhausted,0.003991186999883212
Random,easom,2,3,-0.9378323262986025,0.06216767370139753,10000,200,,False,budget_exhausted,0.003953723999984504
Random,easom,2,4,-0.0018426428092600071,0.99815735719074,10000,200,,False,budget_exhausted,0.003943494999475661
Random,easom,2,5,-0.05950769325862415,0.9404923067413758,10000,200,,False,budget_exhausted,0.003969952000261401
Random,easom,2,6,-0.1453738998145731,0.854626100185427,10000,200,,False,budget_exhausted,0.003991775000031339
Random,easom,2,7,-0.5683228675742514,0.43167713242574857,10000,200,,False,budget_exhausted,0.004096089000086067
Random,easom,2,8,-0.032568516156057346,0.9674314838439426,10000,200,,False,budget_exhausted,0.003980716999649303
Random,easom,2,9,-6.811138825027042e-05,0.9999318886117498,10000,200,,False,budget_exhausted,0.004032642000311171
Random,easom,2,10,-0.8620326914441359,0.13796730855586414,10000,200,,False,budget_exhausted,0.0042079680006281706
Random,easom,2,11,-0.18482448356140832,0.8151755164385917,10000,200,,False,budget_exhausted,0.004147478999584564
Random,easom,2,12,-0.5755600523351321,0.4244399476648679,10000,200,,False,budget_exhausted,0.004194482000457356
Random,easom,2,13,-0.44353090357575065,0.5564690964242494,10000,200,,False,budget_exhausted,0.0040939619993878296
Random,easom,2,14,-0.029620851472921334,0.9703791485270786,10000,200,,False,budget_exhausted,0.004107679000298958
Random,easom,2,15,-0.0011359018933566987,0.9988640981066433,10000,200,,False,budget_exhausted,0.0040655799994056
Random,easom,2,16,-0.8852304898370806,0.11476951016291936,10000,200,,False,budget_exhausted,0.004017769999336451
Random,easom,2,17,-0.07623485996557482,0.9237651400344252,10000,200,,False,budget_exhausted,0.003935298000214971
Random,easom,2,18,-0.03722230100789514,0.9627776989921049,10000,200,,False,budget_exhausted,0.004029349999655096
Random,easom,2,19,-0.019836651251479015,0.980163348748521,10000,200,,False,budget_exhausted,0.00400653299948317
Random,easom,2,20,-0.5990748302809561,0.4009251697190439,10000,200,,False,budget_exhausted,0.004005730999779189
Random,easom,2,21,-0.1282875961798618,0.8717124038201383,10000,200,,False,budget_exhausted,0.003960801000175707
Random,easom,2,22,-0.9252246640734041,0.07477533592659591,10000,200,,False,budget_exhausted,0.003973873999711941
Random,easom,2,23,-0.7107416114656819,0.28925838853431807,10000,200,,False,budget_exhausted,0.004030767000585911
Random,easom,2,24,-0.14698047792033453,0.8530195220796655,10000,200,,False,budget_exhausted,0.004045892000249296
Random,easom,2,25,-0.9157833574973724,0.08421664250262761,10000,200,,False,budget_exhausted,0.004002947000117274
Random,easom,2,26,-0.11553608435207077,0.8844639156479293,10000,200,,False,budget_exhausted,0.0039855220002209535
Random,easom,2,27,-0.10913864726574574,0.8908613527342543,10000,200,,False,budget_exhausted,0.003985144000580476
Random,easom,2,28,-0.06358698525295992,0.9364130147470401,10000,200,,False,budget_exhausted,0.004104646000087087
Random,easom,2,29,-0.017873973298784585,0.9821260267012154,10000,200,,False,budget_exhausted,0.00407892799921683
CDA (paper),six_hump_camel,2,0,-1.0316283328181477,1.206717292756565e-07,6632,19,4151,True,extinction,0.0022389519999705954
CDA (paper),six_hump_camel,2,1,-1.0316284511132754,2.3766015821991004e-09,6483,22,2440,True,mean_gap,0.0022053970005799783
CDA (paper),six_hump_camel,2,2,-1.0316284534549638,3.49131834553873e-11,8719,20,3567,True,extinction,0.0023362819993053563
CDA (paper),six_hump_camel,2,3,-1.0316284533854962,1.0438072628460304e-10,7046,18,2412,True,mean_gap,0.002015451999795914
CDA (paper),six_hump_camel,2,4,-1.0316284515337573,1.9561197106554573e-09,9661,20,4276,True,mean_gap,0.0023800260005373275
CDA (paper),six_hump_camel,2,5,-1.031628450528215,2.961662026734757e-09,6785,14,236,True,extinction,0.0017258840007343679
CDA (paper),six_hump_camel,2,6,-1.0316284203416346,3.314824237321545e-08,5868,15,4100,True,extinction,0.001648911999836855
CDA (paper),six_hump_camel,2,7,-1.0316284504137643,3.0761126978973152e-09,8055,15,4086,True,extinction,0.0019278060008218745
CDA (paper),six_hump_camel,2,8,-1.0316284531910265,2.988504999024144e-10,8794,16,4944,True,extinction,0.00199706400053401
CDA (paper),six_hump_camel,2,9,-1.0316284498902324,3.5996445824082457e-09,6869,22,2787,True,mean_gap,0.0022626419995503966
CDA (paper),six_hump_camel,2,10,-1.0316278922797926,5.61210084404351e-07,5909,12,2924,True,extinction,0.0015024739996079006
CDA (paper),six_hump_camel,2,11,-1.0316284517702663,1.7196106760763996e-09,8378,20,4995,True,mean_gap,0.0022597079996558023
CDA (paper),six_hump_camel,2,12,-1.0316284335287993,1.9961077679653272e-08,5866,13,4725,True,extinction,0.0015741369998067967
CDA (paper),six_hump_camel,2,13,-1.0316284530715116,4.1836534236949774e-10,6752,17,3460,True,extinction,0.0018520710000302643
CDA (paper),six_hump_camel,2,14,-1.0316284332107648,2.0279112167287394e-08,7712,14,4049,True,extinction,0.001775026000359503
CDA (paper),six_hump_camel,2,15,-1.0316284357178804,1.7771996541071644e-08,6402,17,3799,True,extinction,0.0017892559999381774
CDA (paper),six_hump_camel,2,16,-1.0316284532452236,2.446534086431029e-10,7537,16,3589,True,extinction,0.001841436999711732
CDA (paper),six_hump_camel,2,17,-1.0316284491389422,4.350934723618138e-09,7269,23,5112,True,mean_gap,0.0021894820001762128
CDA (paper),six_hump_camel,2,18,-1.0316284336299089,1.9859968114488424e-08,6454,14,2762,True,extinction,0.001647005000450008
CDA (paper),six_hump_camel,2,19,-1.0316284531232993,3.6657765711822776e-10,7859,17,4062,True,extinction,0.001961355000275944
CDA (paper),six_hump_camel,2,20,-1.0316284522522075,1.237669522424767e-09,6986,14,5077,True,extinction,0.0016925979998632101
CDA (paper),six_hump_camel,2,21,-1.0316283709321932,8.25576838003883e-08,7237,13,2770,True,extinction,0.0016820640003061271
CDA (paper),six_hump_camel,2,22,-1.031628453087892,4.0198488981957325e-10,8266,18,2591,True,mean_gap,0.0020461419999264763
CDA (paper),six_hump_camel,2,23,-1.0316284395943547,1.3895522288365214e-08,6450,14,1049,True,extinction,0.0016740659993956797
CDA (paper),six_hump_camel,2,24,-1.031628421336455,3.215342192497417e-08,7346,13,4042,True,extinction,0.0017153509998024674
CDA (paper),six_hump_camel,2,25,-1.0316284534478177,4.205924497568958e-11,7967,15,4538,True,extinction,0.0018263530000695027
CDA (paper),six_hump_camel,2,26,-1.0316284515397,1.9501769088492438e-09,7561,16,4229,True,mean_gap,0.001861642999756441
CDA (paper),six_hump_camel,2,27,-1.0316284502840454,3.2058316001837284e-09,8519,14,3574,True,extinction,0.0018359679997956846
CDA (paper),six_hump_camel,2,28,-1.031628452781874,7.080029895689677e-10,6537,23,2385,True,mean_gap,0.0021834500003024004
CDA (paper),six_hump_camel,2,29,-1.0316280199388388,4.335510381814345e-07,6585,24,3552,True,mean_gap,0.0022703310005454114
CDA (budgeted),six_hump_camel,2,0,-1.0315977440860145,3.070940386251664e-05,10000,15,5884,True,budget_exhausted,0.002021614999648591
CDA (budgeted),six_hump_camel,2,1,-1.0315871394679577,4.1314021919314214e-05,10000,9,5647,True,budget_exhausted,0.0016637540002193418
CDA (budgeted),six_hump_camel,2,2,-1.0315944456538502,3.4007836026805904e-05,10000,9,6922,True,budget_exhausted,0.0015628130004188279
CDA (budgeted),six_hump_camel,2,3,-1.0316061098329383,2.234365693865037e-05,10000,10,616,True,budget_exhausted,0.001585365000210004
CDA (budgeted),six_hump_camel,2,4,-1.0316206682694193,7.785220457634523e-06,10000,14,7714,True,budget_exhausted,0.0019085379999523866
CDA (budgeted),six_hump_camel,2,5,-1.0316077778811412,2.0675608735754025e-05,10000,11,5412,True,budget_exhausted,0.001617260999410064
CDA (budgeted),six_hump_camel,2,6,-1.0316233843066531,5.069183223849194e-06,10000,12,9917,True,budget_exhausted,0.0017178150001200265
CDA (budgeted),six_hump_camel,2,7,-1.0316265849609294,1.868528947568393e-06,10000,14,6925,True,budget_exhausted,0.0018730900001173723
CDA (budgeted),six_hump_camel,2,8,-1.0316146296106528,1.382387922421735e-05,10000,10,8093,True,budget_exhausted,0.0016744810000091093
CDA (budgeted),six_hump_camel,2,9,-1.031512622682845,0.00011583080703192472,10000,9,,False,budget_exhausted,0.001571990999764239
CDA (budgeted),six_hump_camel,2,10,-1.0315655325737738,6.292091610315964e-05,10000,11,9110,True,budget_exhausted,0.0016484580000906135
CDA (budgeted),six_hump_camel,2,11,-1.0315928836106327,3.556987924424604e-05,10000,10,7280,True,budget_exhausted,0.0016040230002545286
CDA (budgeted),six_hump_camel,2,12,-1.0315172181936676,0.00011123529620937767,10000,10,,False,budget_exhausted,0.0016187729997909628
CDA (budgeted),six_hump_camel,2,13,-1.031524208174349,0.00010424531552799543,10000,9,,False,budget_exhausted,0.0015107119997992413
CDA (budgeted),six_hump_camel,2,14,-1.031528336916763,0.00010011657311403965,10000,9,,False,budget_exhausted,0.0015342100005000248
CDA (budgeted),six_hump_camel,2,15,-1.0316129159148861,1.553757499084263e-05,10000,10,4905,True,budget_exhausted,0.0016446620002170675
CDA (budgeted),six_hump_camel,2,16,-1.0316162124612047,1.2241028672255183e-05,10000,9,9026,True,budget_exhausted,0.0015558220002276357
CDA (budgeted),six_hump_camel,2,17,-1.0316169218480908,1.1531641786133306e-05,10000,11,6387,True,budget_exhausted,0.0016164900007424876
CDA (budgeted),six_hump_camel,2,18,-1.0314133574306792,0.00021509605919778352,10000,9,,False,budget_exhausted,0.0015389689997391542
CDA (budgeted),six_hump_camel,2,19,-1.0316227385520034,5.714937873602111e-06,10000,9,7217,True,budget_exhausted,0.0015384609996544896
CDA (budgeted),six_hump_camel,2,20,-1.0315242924907433,0.00010416099913368448,10000,10,,False,budget_exhausted,0.0016685689997757436
CDA (budgeted),six_hump_camel,2,21,-1.0315165964380992,0.00011185705177774175,10000,10,,False,budget_exhausted,0.0016702490001989645
CDA (budgeted),six_hump_camel,2,22,-1.0316245026811932,3.950808683761409e-06,10000,9,3512,True,budget_exhausted,0.001634488000490819
CDA (budgeted),six_hump_camel,2,23,-1.0316099010306221,1.8552459254861375e-05,10000,9,10000,True,budget_exhausted,0.0015433819999088882
CDA (budgeted),six_hump_camel,2,24,-1.0316125304362356,1.59230536413979e-05,10000,9,5208,True,budget_exhausted,0.001510520999545406
CDA (budgeted),six_hump_camel,2,25,-1.0316071093739925,2.1344115884502912e-05,10000,15,6344,True,budget_exhausted,0.0020412610001585563
CDA (budgeted),six_hump_camel,2,26,-1.0316124736216135,1.597986826351594e-05,10000,11,3140,True,budget_exhausted,0.001729284000248299
CDA (budgeted),six_hump_camel,2,27,-1.0315321598354246,9.629365445240623e-05,10000,11,9808,True,budget_exhausted,0.0016692280005372595
CDA (budgeted),six_hump_camel,2,28,-1.0315269409595358,0.00010151253034118568,10000,10,,False,budget_exhausted,0.0016665729999658652
CDA (budgeted),six_hump_camel,2,29,-1.0316024598069824,2.5993682894576153e-05,10000,10,4685,True,budget_exhausted,0.0016260350002994528
PSO,six_hump_camel,2,0,-1.0316284534898774,4.440892098500626e-16,10000,199,1700,True,budget_exhausted,0.006584415000361332
PSO,six_hump_camel,2,1,-1.0316284534898774,4.440892098500626e-16,10000,199,1300,True,budget_exhausted,0.006703195000227424
PSO,six_hump_camel,2,2,-1.0316284534898774,4.440892098500626e-16,10000,199,1350,True,budget_exhausted,0.006786803000068176
PSO,six_hump_camel,2,3,-1.0316284534898774,4.440892098500626e-16,10000,199,1550,True,budget_exhausted,0.006733657000040694
PSO,six_hump_camel,2,4,-1.0316284534898774,4.440892098500626e-16,10000,199,1150,True,budget_exhausted,0.006854093000583816
PSO,six_hump_camel,2,5,-1.0316284534898774,4.440892098500626e-16,10000,199,1550,True,budget_exhausted,0.006818585000473831
PSO,six_hump_camel,2,6,-1.0316284534898774,4.440892098500626e-16,10000,199,1300,True,budget_exhausted,0.006778671999200014
PSO,six_hump_camel,2,7,-1.0316284534898774,4.440892098500626e-16,10000,199,1050,True,budget_exhausted,0.007180392999543983
PSO,six_hump_camel,2,8,-1.0316284534898774,4.440892098500626e-16,10000,199,1150,True,budget_exhausted,0.006824518000030366
PSO,six_hump_camel,2,9,-1.0316284534898774,4.440892098500626e-16,10000,199,1350,True,budget_exhausted,0.006804036999710661
PSO,six_hump_camel,2,10,-1.0316284534898774,4.440892098500626e-16,10000,199,950,True,budget_exhausted,0.00686892599969724
PSO,six_hump_camel,2,11,-1.0316284534898774,4.440892098500626e-16,10000,199,1050,True,budget_exhausted,0.006782243999623461
PSO,six_hump_camel,2,12,-1.0316284534898774,4.440892098500626e-16,10000,199,1950,True,budget_exhausted,0.006805899000028148
PSO,six_hump_camel,2,13,-1.0316284534898774,4.440892098500626e-16,10000,199,1200,True,budget_exhausted,0.006828928000686574
PSO,six_hump_camel,2,14,-1.0316284534898774,4.440892098500626e-16,10000,199,1550,True,budget_exhausted,0.00681658499979676
PSO,six_hump_camel,2,15,-1.0316284534898774,4.440892098500626e-16,10000,199,1200,True,budget_exhausted,0.006842014000540075
PSO,six_hump_camel,2,16,-1.0316284534898774,4.440892098500626e-16,10000,199,1000,True,budget_exhausted,0.0067603359993881895
PSO,six_hump_camel,2,17,-1.0316284534898774,4.440892098500626e-16,10000,199,1000,True,budget_exhausted,0.006849868000244896
PSO,six_hump_camel,2,18,-1.0316284534898774,4.440892098500626e-16,10000,199,1050,True,budget_exhausted,0.006822141000156989
PSO,six_hump_camel,2,19,-1.0316284534898774,4.440892098500626e-16,10000,199,1250,True,budget_exhausted,0.006824616999438149
PSO,six_hump_camel,2,20,-1.0316284534898774,4.440892098500626e-16,10000,199,950,True,budget_exhausted,0.006676113999674271
PSO,six_hump_camel,2,21,-1.0316284534898774,4.440892098500626e-16,10000,199,1200,True,budget_exhausted,0.006706747999487561
PSO,six_hump_camel,2,22,-1.0316284534898774,4.440892098500626e-16,10000,199,950,True,budget_exhausted,0.006646503999945708
PSO,six_hump_camel,2,23,-1.0316284534898774,4.440892098500626e-16,10000,199,1250,True,budget_exhausted,0.006750995999937004
PSO,six_hump_camel,2,24,-1.0316284534898774,4.440892098500626e-16,10000,199,1300,True,budget_exhausted,0.00676276499962114
PSO,six_hump_camel,2,25,-1.0316284534898774,4.440892098500626e-16,10000,199,1750,True,budget_exhausted,0.006959583999559982
PSO,six_hump_camel,2,26,-1.0316284534898774,4.440892098500626e-16,10000,199,1250,True,budget_exhausted,0.00676012400072068
PSO,six_hump_camel,2,27,-1.0316284534898774,4.440892098500626e-16,10000,199,1550,True,budget_exhausted,0.006914255000083358
PSO,six_hump_camel,2,28,-1.0316284534898774,4.440892098500626e-16,10000,199,1050,True,budget_exhausted,0.006741816999237926
PSO,six_hump_camel,2,29,-1.0316284534898774,4.440892098500626e-16,10000,199,1400,True,budget_exhausted,0.006866026999887254
GA,six_hump_camel,2,0,-1.0316284534898774,4.440892098500626e-16,10000,199,450,True,budget_exhausted,0.011155586000313633
GA,six_hump_camel,2,1,-1.0316284492763985,4.213478455028508e-09,10000,199,650,True,budget_exhausted,0.011180522999893583
GA,six_hump_camel,2,2,-1.0316269065728507,1.5469170262516485e-06,10000,199,400,True,budget_exhausted,0.011011165999661898
GA,six_hump_camel,2,3,-1.0316284534898774,4.440892098500626e-16,10000,199,600,True,budget_exhausted,0.010964391000015894
GA,six_hump_camel,2,4,-1.0316284534898774,4.440892098500626e-16,10000,199,300,True,budget_exhausted,0.010945457000161696
GA,six_hump_camel,2,5,-1.0316284534898774,4.440892098500626e-16,10000,199,250,True,budget_exhausted,0.011069448999478482
GA,six_hump_camel,2,6,-1.0316257318884678,2.721601409128027e-06,10000,199,750,True,budget_exhausted,0.011138621999634779
GA,six_hump_camel,2,7,-1.0316284534898774,4.440892098500626e-16,10000,199,500,True,budget_exhausted,0.011052817999370745
GA,six_hump_camel,2,8,-1.0316284534898774,4.440892098500626e-16,10000,199,550,True,budget_exhausted,0.01106082700061961
GA,six_hump_camel,2,9,-1.0316284534898774,4.440892098500626e-16,10000,199,450,True,budget_exhausted,0.011049998999624222
GA,six_hump_camel,2,10,-1.0316284534898774,4.440892098500626e-16,10000,199,150,True,budget_exhausted,0.011051038000005065
GA,six_hump_camel,2,11,-1.0316284534898774,4.440892098500626e-16,10000,199,350,True,budget_exhausted,0.011054434000470792
GA,six_hump_camel,2,12,-1.0316284534898774,4.440892098500626e-16,10000,199,500,True,budget_exhausted,0.010996732999956293
GA,six_hump_camel,2,13,-1.0316284324501646,2.103971241673719e-08,10000,199,400,True,budget_exhausted,0.010916262999671744
GA,six_hump_camel,2,14,-1.0316284534874223,2.454703107446221e-12,10000,199,550,True,budget_exhausted,0.010822219000147015
GA,six_hump_camel,2,15,-1.0316284534898774,4.440892098500626e-16,10000,199,350,True,budget_exhausted,0.010842470000170579
GA,six_hump_camel,2,16,-1.0316284534898774,4.440892098500626e-16,10000,199,500,True,budget_exhausted,0.011060746000111976
GA,six_hump_camel,2,17,-1.0316284534898774,4.440892098500626e-16,10000,199,300,True,budget_exhausted,0.011055904000386363
GA,six_hump_camel,2,18,-1.0316284534898725,4.440892098500626e-15,10000,199,450,True,budget_exhausted,0.010757422999631672
GA,six_hump_camel,2,19,-1.031626144708924,2.3087809528643533e-06,10000,199,350,True,budget_exhausted,0.010927641999842308
GA,six_hump_camel,2,20,-1.031628453436116,5.376099565523873e-11,10000,199,550,True,budget_exhausted,0.010881404999963706
GA,six_hump_camel,2,21,-1.0315864581617782,4.1995328098787255e-05,10000,199,9350,True,budget_exhausted,0.011056260000259499
GA,six_hump_camel,2,22,-1.0316284534898774,4.440892098500626e-16,10000,199,400,True,budget_exhausted,0.011042156999792496
GA,six_hump_camel,2,23,-1.0316284534898774,4.440892098500626e-16,10000,199,450,True,budget_exhausted,0.01082437100012612
GA,six_hump_camel,2,24,-1.0316284534898774,4.440892098500626e-16,10000,199,600,True,budget_exhausted,0.010861658999601786
GA,six_hump_camel,2,25,-1.0315111253423515,0.00011732814752551946,10000,199,,False,budget_exhausted,0.011186705000000075
GA,six_hump_camel,2,26,-1.0316284534898774,4.440892098500626e-16,10000,199,700,True,budget_exhausted,0.011252401999627182
GA,six_hump_camel,2,27,-1.0316280708147971,3.8267507984635074e-07,10000,199,500,True,budget_exhausted,0.01077818700014177
GA,six_hump_camel,2,28,-1.0316284534898774,4.440892098500626e-16,10000,199,600,True,budget_exhausted,0.0110247820002769
GA,six_hump_camel,2,29,-1.0316284534898774,4.440892098500626e-16,10000,199,500,True,budget_exhausted,0.011142606000248634
DE,six_hump_camel,2,0,-1.0316284534898774,4.440892098500626e-16,10000,199,1650,True,budget_exhausted,0.01264112999979261
DE,six_hump_camel,2,1,-1.0316284534898774,4.440892098500626e-16,10000,199,1400,True,budget_exhausted,0.012595694000083313
DE,six_hump_camel,2,2,-1.0316284534898774,4.440892098500626e-16,10000,199,1050,True,budget_exhausted,0.012531394000689033
DE,six_hump_camel,2,3,-1.0316284534898774,4.440892098500626e-16,10000,199,1050,True,budget_exhausted,0.012699615000201447
DE,six_hump_camel,2,4,-1.0316284534898774,4.440892098500626e-16,10000,199,800,True,budget_exhausted,0.012471748999814736
DE,six_hump_camel,2,5,-1.0316284534898774,4.440892098500626e-16,10000,199,1200,True,budget_exhausted,0.012332266999692365
DE,six_hump_camel,2,6,-1.0316284534898774,4.440892098500626e-16,10000,199,1250,True,budget_exhausted,0.012535826000203087
DE,six_hump_camel,2,7,-1.0316284534898774,4.440892098500626e-16,10000,199,1650,True,budget_exhausted,0.012441951999790035
DE,six_hump_camel,2,8,-1.0316284534898774,4.440892098500626e-16,10000,199,1250,True,budget_exhausted,0.012606021000465262
DE,six_hump_camel,2,9,-1.0316284534898774,4.440892098500626e-16,10000,199,1150,True,budget_exhausted,0.012644489999729558
DE,six_hump_camel,2,10,-1.0316284534898774,4.440892098500626e-16,10000,199,1250,True,budget_exhausted,0.012732651000078476
DE,six_hump_camel,2,11,-1.0316284534898774,4.440892098500626e-16,10000,199,1200,True,budget_exhausted,0.012527764999504143
DE,six_hump_camel,2,12,-1.0316284534898774,4.440892098500626e-16,10000,199,1050,True,budget_exhausted,0.012613661999239412
DE,six_hump_camel,2,13,-1.0316284534898774,4.440892098500626e-16,10000,199,1450,True,budget_exhausted,0.012701767000180553
DE,six_hump_camel,2,14,-1.0316284534898774,4.440892098500626e-16,10000,199,1250,True,budget_exhausted,0.012413399000251957
DE,six_hump_camel,2,15,-1.0316284534898774,4.440892098500626e-16,10000,199,1150,True,budget_exhausted,0.012749176999932388
DE,six_hump_camel,2,16,-1.0316284534898774,4.440892098500626e-16,10000,199,1300,True,budget_exhausted,0.012591372999850137
DE,six_hump_camel,2,17,-1.0316284534898774,4.440892098500626e-16,10000,199,1550,True,budget_exhausted,0.012576371999784897
DE,six_hump_camel,2,18,-1.0316284534898774,4.440892098500626e-16,10000,199,1250,True,budget_exhausted,0.012589842999659595
DE,six_hump_camel,2,19,-1.0316284534898774,4.440892098500626e-16,10000,199,1600,True,budget_exhausted,0.012525060000371013
DE,six_hump_camel,2,20,-1.0316284534898774,4.440892098500626e-16,10000,199,1250,True,budget_exhausted,0.013532217000829405
DE,six_hump_camel,2,21,-1.0316284534898774,4.440892098500626e-16,10000,199,1500,True,budget_exhausted,0.013299223000103666
DE,six_hump_camel,2,22,-1.0316284534898774,4.440892098500626e-16,10000,199,1200,True,budget_exhausted,0.013225869000052626
DE,six_hump_camel,2,23,-1.0316284534898774,4.440892098500626e-16,10000,199,1050,True,budget_exhausted,0.012865716999840515
DE,six_hump_camel,2,24,-1.0316284534898774,4.440892098500626e-16,10000,199,1200,True,budget_exhausted,0.012766933999955654
DE,six_hump_camel,2,25,-1.0316284534898774,4.440892098500626e-16,10000,199,1200,True,budget_exhausted,0.012562036999952397
DE,six_hump_camel,2,26,-1.0316284534898774,4.440892098500626e-16,10000,199,1350,True,budget_exhausted,0.012634016000447446
DE,six_hump_camel,2,27,-1.0316284534898774,4.440892098500626e-16,10000,199,1200,True,budget_exhausted,0.012524476000180584
DE,six_hump_camel,2,28,-1.0316284534898774,4.440892098500626e-16,10000,199,1100,True,budget_exhausted,0.01265197700013232
DE,six_hump_camel,2,29,-1.0316284534898774,4.440892098500626e-16,10000,199,1500,True,budget_exhausted,0.012506935000601516
Random,six_hump_camel,2,0,-1.0302126198319554,0.001415833657921528,10000,200,,False,budget_exhausted,0.004054875000292668
Random,six_hump_camel,2,1,-1.027559427900384,0.004069025589493069,10000,200,,False,budget_exhausted,0.0041170989998136065
Random,six_hump_camel,2,2,-1.0298820385862122,0.0017464149036647836,10000,200,,False,budget_exhausted,0.0041028929999811226
Random,six_hump_camel,2,3,-1.0313301056042226,0.0002983478856544153,10000,200,,False,budget_exhausted,0.004219233999720018
Random,six_hump_camel,2,4,-1.0283927198577432,0.003235733632133808,10000,200,,False,budget_exhausted,0.004121324000152526
Random,six_hump_camel,2,5,-1.0310931804641388,0.0005352730257381921,10000,200,,False,budget_exhausted,0.004026282000268111
Random,six_hump_camel,2,6,-1.0312103711179315,0.00041808237194551623,10000,200,,False,budget_exhausted,0.004065568999976676
Random,six_hump_camel,2,7,-1.029012957777279,0.002615495712597893,10000,200,,False,budget_exhausted,0.004135078000217618
Random,six_hump_camel,2,8,-1.0284530061244515,0.003175447365425521,10000,200,,False,budget_exhausted,0.004064353000103438
Random,six_hump_camel,2,9,-1.0307954152380385,0.0008330382518384472,10000,200,,False,budget_exhausted,0.004036692000227049
Random,six_hump_camel,2,10,-1.030386875587288,0.0012415779025889417,10000,200,,False,budget_exhausted,0.004066870999849925
Random,six_hump_camel,2,11,-1.0314115071581493,0.000216946331727641,10000,200,,False,budget_exhausted,0.004095852999853378
Random,six_hump_camel,2,12,-1.02775362853213,0.0038748249577469362,10000,200,,False,budget_exhausted,0.004218520999529574
Random,six_hump_camel,2,13,-1.0308017496948425,0.0008267037950344669,10000,200,,False,budget_exhausted,0.004105140000319807
Random,six_hump_camel,2,14,-1.027878665780247,0.0037497877096299703,10000,200,,False,budget_exhausted,0.00407945999995718
Random,six_hump_camel,2,15,-1.031478401952661,0.0001500515372159228,10000,200,,False,budget_exhausted,0.004028146000564448
Random,six_hump_camel,2,16,-1.029426784898474,0.0022016685914030276,10000,200,,False,budget_exhausted,0.004020481999759795
Random,six_hump_camel,2,17,-1.0298182298565457,0.001810223633331276,10000,200,,False,budget_exhausted,0.00404004200026975
Random,six_hump_camel,2,18,-1.0303655199349477,0.0012629335549292353,10000,200,,False,budget_exhausted,0.004148993999478989
Random,six_hump_camel,2,19,-1.0298190387156718,0.0018094147742051536,10000,200,,False,budget_exhausted,0.004131276999942202
Random,six_hump_camel,2,20,-1.0278359964720272,0.003792457017849804,10000,200,,False,budget_exhausted,0.004118564000236802
Random,six_hump_camel,2,21,-1.0300432643449826,0.0015851891448943611,10000,200,,False,budget_exhausted,0.004128847000174574
Random,six_hump_camel,2,22,-1.0298321627227434,0.0017962907671336126,10000,200,,False,budget_exhausted,0.004215562999888789
Random,six_hump_camel,2,23,-1.0281107538381467,0.0035176996517303216,10000,200,,False,budget_exhausted,0.004156533999776002
Random,six_hump_camel,2,24,-1.0306648225923425,0.0009636308975344843,10000,200,,False,budget_exhausted,0.004103934000340814
Random,six_hump_camel,2,25,-1.0285216026345305,0.0031068508553464547,10000,200,,False,budget_exhausted,0.0041749609999897075
Random,six_hump_camel,2,26,-1.025872268393648,0.005756185096228883,10000,200,,False,budget_exhausted,0.004146457000388182
Random,six_hump_camel,2,27,-1.0302815773228184,0.0013468761670585305,10000,200,,False,budget_exhausted,0.0041800499993769336
Random,six_hump_camel,2,28,-1.0300779871052321,0.001550466384644844,10000,200,,False,budget_exhausted,0.004113488999792025
Random,six_hump_camel,2,29,-1.0294742601909992,0.0021541932988777823,10000,200,,False,budget_exhausted,0.004161383999417012
CDA (paper),branin,2,0,0.3978874096435394,5.191380042512961e-08,7844,14,5065,True,extinction,0.001903286000015214
CDA (paper),branin,2,1,0.397887357852861,1.231220125852417e-10,9295,16,4288,True,extinction,0.002086518000396609
CDA (paper),branin,2,2,0.3978873653529096,7.623170594772688e-09,7694,14,6714,True,extinction,0.0017694409998512128
CDA (paper),branin,2,3,0.39788752607383593,1.6834409694022057e-07,5564,16,3993,True,extinction,0.0017177440004161326
CDA (paper),branin,2,4,0.39788735775808526,2.8346269775880728e-11,7451,20,2606,True,mean_gap,0.0022155810002004728
CDA (paper),branin,2,5,0.39788735778840234,5.86633519539248e-11,8368,18,4690,True,mean_gap,0.0023597270001118886
CDA (paper),branin,2,6,0.39788735932752317,1.597784182738593e-09,7748,16,6191,True,extinction,0.0019360129999768105
CDA (paper),branin,2,7,0.3978874167511197,5.902138072721996e-08,7516,14,6380,True,extinction,0.0017324999998891144
CDA (paper),branin,2,8,0.39788797560983014,6.178800911471605e-07,7157,24,6322,True,mean_gap,0.0023411040001519723
CDA (paper),branin,2,9,0.3978873601712909,2.4415519050968726e-09,8639,15,4199,True,extinction,0.0019184049997420516
CDA (paper),branin,2,10,0.39788737937325,2.1643511038949015e-08,8368,15,4775,True,extinction,0.0019068080000579357
CDA (paper),branin,2,11,0.39788735900333094,1.2735919541206897e-09,7711,15,4941,True,extinction,0.00179135899998073
CDA (paper),branin,2,12,0.3978873953796729,3.764993389276938e-08,7663,16,5770,True,extinction,0.0018426349997753277
CDA (paper),branin,2,13,0.3978876011846033,2.434548643237555e-07,7782,14,4159,True,extinction,0.0017308320002484834
CDA (paper),branin,2,14,0.39788736609970243,8.369963444554429e-09,6302,13,4896,True,extinction,0.0016036019997045514
CDA (paper),branin,2,15,0.39788736793622625,1.0206487266462005e-08,6201,15,5000,True,extinction,0.001657686000726244
CDA (paper),branin,2,16,0.39788744678236654,8.90526275498793e-08,7836,14,4807,True,extinction,0.001775450999957684
CDA (paper),branin,2,17,0.3978873741212503,1.6391511314939322e-08,7057,22,5314,True,mean_gap,0.0021383040002547204
CDA (paper),branin,2,18,0.3978873594472656,1.7175266209257245e-09,8183,15,5111,True,extinction,0.001831614000366244
CDA (paper),branin,2,19,0.3978873611091682,3.379429236449738e-09,7528,19,4724,True,mean_gap,0.0019765090000873897
CDA (paper),branin,2,20,0.39788736090223864,3.1724996518711635e-09,8431,21,4952,True,mean_gap,0.0022096760003478266
CDA (paper),branin,2,21,0.3978873585918201,8.620811287052277e-10,7492,19,5869,True,mean_gap,0.0020390030003909487
CDA (paper),branin,2,22,0.3978873763631974,1.8633458387373736e-08,7704,15,5142,True,extinction,0.0018235939996884554
CDA (paper),branin,2,23,0.39788737071017266,1.298043367237156e-08,7278,14,5561,True,extinction,0.0016802189993541106
CDA (paper),branin,2,24,0.3978873740611597,1.633142071577609e-08,7156,15,4966,True,extinction,0.0017504420002296683
CDA (paper),branin,2,25,0.39788759025088005,2.325211410636463e-07,6273,24,5207,True,mean_gap,0.0021982329999445938
CDA (paper),branin,2,26,0.3978873812796415,2.3549902528063882e-08,8248,15,5749,True,extinction,0.001895546000014292
CDA (paper),branin,2,27,0.3978873986276277,4.089788868677502e-08,9071,18,4175,True,extinction,0.0021386710004662746
CDA (paper),branin,2,28,0.39788757509366235,2.173639233604696e-07,8348,24,4205,True,mean_gap,0.002473335000104271
CDA (paper),branin,2,29,0.39788735774586215,1.6123158363967605e-11,9854,21,4232,True,mean_gap,0.0024192979999497766
CDA (budgeted),branin,2,0,0.3983461847285348,0.0004588269987957916,10000,10,,False,budget_exhausted,0.0017511159994683112
CDA (budgeted),branin,2,1,0.3979511898956254,6.383216588640162e-05,10000,9,10000,True,budget_exhausted,0.0015868020000198158
CDA (budgeted),branin,2,2,0.3982676325453838,0.0003802748156447877,10000,11,,False,budget_exhausted,0.001678546000221104
CDA (budgeted),branin,2,3,0.3980240513186626,0.00013669358892359762,10000,15,,False,budget_exhausted,0.0019493449999572476
CDA (budgeted),branin,2,4,0.39844076987321664,0.0005534121434776496,10000,9,,False,budget_exhausted,0.0016680830003679148
CDA (budgeted),branin,2,5,0.39794929294456693,6.193521482794617e-05,10000,9,7196,True,budget_exhausted,0.0016004520002752542
CDA (budgeted),branin,2,6,0.3979435624472476,5.620471750861222e-05,10000,10,8267,True,budget_exhausted,0.001672205000431859
CDA (budgeted),branin,2,7,0.39795762351787545,7.026578813645878e-05,10000,16,3741,True,budget_exhausted,0.0020453850002013496
CDA (budgeted),branin,2,8,0.39859273142437424,0.0007053736946352474,10000,10,,False,budget_exhausted,0.0016966799994406756
CDA (budgeted),branin,2,9,0.398769660306705,0.000882302576966032,10000,12,,False,budget_exhausted,0.0017542609994052327
CDA (budgeted),branin,2,10,0.3981118453242196,0.00022448759448062683,10000,10,,False,budget_exhausted,0.001644814000428596
CDA (budgeted),branin,2,11,0.3979742324881581,8.687475841911985e-05,10000,16,6871,True,budget_exhausted,0.0020405430004757363
CDA (budgeted),branin,2,12,0.397968909389796,8.155166005702208e-05,10000,15,8836,True,budget_exhausted,0.002026453999860678
CDA (budgeted),branin,2,13,0.3980032784121015,0.00011592068236249142,10000,16,,False,budget_exhausted,0.0020357530002002022
CDA (budgeted),branin,2,14,0.3981265373380616,0.00023917960832259277,10000,10,,False,budget_exhausted,0.001671910999903048
CDA (budgeted),branin,2,15,0.3984740689719981,0.0005867112422591192,10000,15,,False,budget_exhausted,0.0020775230004801415
CDA (budgeted),branin,2,16,0.39788997725442954,2.619524690550268e-06,10000,9,5124,True,budget_exhausted,0.001552411999909964
CDA (budgeted),branin,2,17,0.39807654866535636,0.0001891909356173671,10000,10,,False,budget_exhausted,0.0016273500004899688
CDA (budgeted),branin,2,18,0.39803566747193564,0.0001483097421966506,10000,12,,False,budget_exhausted,0.0017296400001214352
CDA (budgeted),branin,2,19,0.3980333010912478,0.0001459433615088046,10000,10,,False,budget_exhausted,0.0015921930007607443
CDA (budgeted),branin,2,20,0.3981378766380601,0.0002505189083211179,10000,10,,False,budget_exhausted,0.0016258020004897844
CDA (budgeted),branin,2,21,0.39805586772142654,0.00016850999168754877,10000,10,,False,budget_exhausted,0.00162552800065896
CDA (budgeted),branin,2,22,0.3982104287855268,0.0003230710557878269,10000,17,,False,budget_exhausted,0.002161591000003682
CDA (budgeted),branin,2,23,0.3979665840473583,7.922631761930754e-05,10000,10,9616,True,budget_exhausted,0.0016218809996644268
CDA (budgeted),branin,2,24,0.398049287964259,0.00016193023451999133,10000,9,,False,budget_exhausted,0.0015666739991502254
CDA (budgeted),branin,2,25,0.3979224165629809,3.5058833241896625e-05,10000,11,8348,True,budget_exhausted,0.001658758999838028
CDA (budgeted),branin,2,26,0.39811286108327515,0.00022550335353616058,10000,9,,False,budget_exhausted,0.001520189999610011
CDA (budgeted),branin,2,27,0.3980277386718001,0.0001403809420610913,10000,18,,False,budget_exhausted,0.002287923000039882
CDA (budgeted),branin,2,28,0.39826784463543063,0.000380486905691646,10000,10,,False,budget_exhausted,0.0017332659999738098
CDA (budgeted),branin,2,29,0.398580959729232,0.000693601999493032,10000,9,,False,budget_exhausted,0.0015796580000824179
PSO,branin,2,0,0.39788735772973816,8.326672684688674e-16,10000,199,1500,True,budget_exhausted,0.006632186000388174
PSO,branin,2,1,0.39788735772973816,8.326672684688674e-16,10000,199,1400,True,budget_exhausted,0.006943557999875338
PSO,branin,2,2,0.39788735772973816,8.326672684688674e-16,10000,199,650,True,budget_exhausted,0.007151926000005915
PSO,branin,2,3,0.39788735772973816,8.326672684688674e-16,10000,199,1700,True,budget_exhausted,0.006967288999476295
PSO,branin,2,4,0.39788735772973816,8.326672684688674e-16,10000,199,550,True,budget_exhausted,0.006940342000234523
PSO,branin,2,5,0.39788735772973816,8.326672684688674e-16,10000,199,1100,True,budget_exhausted,0.0068745369999305694
PSO,branin,2,6,0.39788735772973816,8.326672684688674e-16,10000,199,1950,True,budget_exhausted,0.006858947000182525
PSO,branin,2,7,0.39788735772973816,8.326672684688674e-16,10000,199,700,True,budget_exhausted,0.006703291999656358
PSO,branin,2,8,0.39788735772973816,8.326672684688674e-16,10000,199,1100,True,budget_exhausted,0.006599506999918958
PSO,branin,2,9,0.39788735772973816,8.326672684688674e-16,10000,199,1500,True,budget_exhausted,0.006515226000374241
PSO,branin,2,10,0.39788735772973816,8.326672684688674e-16,10000,199,1200,True,budget_exhausted,0.006482718999905046
PSO,branin,2,11,0.39788735772973816,8.326672684688674e-16,10000,199,1400,True,budget_exhausted,0.006471464999776799
PSO,branin,2,12,0.39788735772973816,8.326672684688674e-16,10000,199,1350,True,budget_exhausted,0.006483581999418675
PSO,branin,2,13,0.39788735772973816,8.326672684688674e-16,10000,199,1900,True,budget_exhausted,0.006477250999523676
PSO,branin,2,14,0.39788735772973816,8.326672684688674e-16,10000,199,1900,True,budget_exhausted,0.0064228879991787835
PSO,branin,2,15,0.39788735772973816,8.326672684688674e-16,10000,199,1300,True,budget_exhausted,0.006597429999601445
PSO,branin,2,16,0.39788735772973816,8.326672684688674e-16,10000,199,1500,True,budget_exhausted,0.006528289999550907
PSO,branin,2,17,0.39788735772973816,8.326672684688674e-16,10000,199,1600,True,budget_exhausted,0.0065952439999819035
PSO,branin,2,18,0.39788735772973816,8.326672684688674e-16,10000,199,1850,True,budget_exhausted,0.00663710099979653
PSO,branin,2,19,0.39788735772973816,8.326672684688674e-16,10000,199,1250,True,budget_exhausted,0.006617206000555598
PSO,branin,2,20,0.39788735772973816,8.326672684688674e-16,10000,199,1550,True,budget_exhausted,0.006586692999917432
PSO,branin,2,21,0.39788735772973816,8.326672684688674e-16,10000,199,1400,True,budget_exhausted,0.0065867309995155665
PSO,branin,2,22,0.39788735772973816,8.326672684688674e-16,10000,199,1250,True,budget_exhausted,0.006638199000008171
PSO,branin,2,23,0.39788735772973816,8.326672684688674e-16,10000,199,1700,True,budget_exhausted,0.0066085030002795975
PSO,branin,2,24,0.39788735772973816,8.326672684688674e-16,10000,199,1550,True,budget_exhausted,0.006580989999747544
PSO,branin,2,25,0.39788735772973816,8.326672684688674e-16,10000,199,1500,True,budget_exhausted,0.006604836999940744
PSO,branin,2,26,0.39788735772973816,8.326672684688674e-16,10000,199,1450,True,budget_exhausted,0.006543750000673754
PSO,branin,2,27,0.39788735772973816,8.326672684688674e-16,10000,199,1650,True,budget_exhausted,0.006669647000308032
PSO,branin,2,28,0.39788735772973816,8.326672684688674e-16,10000,199,1550,True,budget_exhausted,0.006677350000245497
PSO,branin,2,29,0.39788735772973816,8.326672684688674e-16,10000,199,1650,True,budget_exhausted,0.0066406179994373815
GA,branin,2,0,0.3978873577327846,3.0456193123029607e-12,10000,199,450,True,budget_exhausted,0.010780558999613277
GA,branin,2,1,0.3978873617244503,3.994711283983321e-09,10000,199,700,True,budget_exhausted,0.010679527000320377
GA,branin,2,2,0.39793543650113605,4.807877139706429e-05,10000,199,800,True,budget_exhausted,0.01091390900000988
GA,branin,2,3,0.39788735772986783,1.2884138200774942e-13,10000,199,600,True,budget_exhausted,0.010765805000119144
GA,branin,2,4,0.4002775724696441,0.0023902147399051388,10000,199,,False,budget_exhausted,0.011113585000202875
GA,branin,2,5,0.39788735772973816,8.326672684688674e-16,10000,199,400,True,budget_exhausted,0.010882053000386804
GA,branin,2,6,0.39788735772973816,8.326672684688674e-16,10000,199,600,True,budget_exhausted,0.0108883920001972
GA,branin,2,7,0.39788735772973816,8.326672684688674e-16,10000,199,500,True,budget_exhausted,0.010762492999674578
GA,branin,2,8,0.39788735772973816,8.326672684688674e-16,10000,199,650,True,budget_exhausted,0.010908101000495662
GA,branin,2,9,0.3987017617372093,0.000814404007470293,10000,199,,False,budget_exhausted,0.010859988999982306
GA,branin,2,10,0.39788735772973816,8.326672684688674e-16,10000,199,650,True,budget_exhausted,0.010686003000046185
GA,branin,2,11,0.39788735772973816,8.326672684688674e-16,10000,199,600,True,budget_exhausted,0.01088330099992163
GA,branin,2,12,0.3979462134614451,5.8855731706108916e-05,10000,199,950,True,budget_exhausted,0.011105534999842348
GA,branin,2,13,0.39788736956819015,1.1838451163814767e-08,10000,199,550,True,budget_exhausted,0.011067622999689775
GA,branin,2,14,0.39788735772973816,8.326672684688674e-16,10000,199,650,True,budget_exhausted,0.010852005999367975
GA,branin,2,15,0.39788735772973816,8.326672684688674e-16,10000,199,450,True,budget_exhausted,0.010829148000084388
GA,branin,2,16,0.39788735772973816,8.326672684688674e-16,10000,199,600,True,budget_exhausted,0.010885490000873688
GA,branin,2,17,0.39788735772973816,8.326672684688674e-16,10000,199,450,True,budget_exhausted,0.010794227000587853
GA,branin,2,18,0.3978873577300597,3.2068792066297647e-13,10000,199,550,True,budget_exhausted,0.011015406000296935
GA,branin,2,19,0.3978873577606379,3.089889455409889e-11,10000,199,550,True,budget_exhausted,0.01100998099991557
GA,branin,2,20,0.39788735772973816,8.326672684688674e-16,10000,199,500,True,budget_exhausted,0.01070289600011165
GA,branin,2,21,0.39789640884455757,9.05111481858123e-06,10000,199,450,True,budget_exhausted,0.010824315999343526
GA,branin,2,22,0.39797980546908285,9.244773934385941e-05,10000,199,8050,True,budget_exhausted,0.010974241000440088
GA,branin,2,23,0.39788735772973816,8.326672684688674e-16,10000,199,600,True,budget_exhausted,0.0107223580007485
GA,branin,2,24,0.3978873577333193,3.580302720962436e-12,10000,199,1000,True,budget_exhausted,0.010958283999570995
GA,branin,2,25,0.3994921088755312,0.001604751145792227,10000,199,,False,budget_exhausted,0.011137807999148208
GA,branin,2,26,0.39788735772973816,8.326672684688674e-16,10000,199,1050,True,budget_exhausted,0.010878052999942156
GA,branin,2,27,0.39788735772976125,2.225997164373439e-14,10000,199,900,True,budget_exhausted,0.010918840999693202
GA,branin,2,28,0.39788735772973816,8.326672684688674e-16,10000,199,750,True,budget_exhausted,0.011359057999470679
GA,branin,2,29,0.39788735772973816,8.326672684688674e-16,10000,199,400,True,budget_exhausted,0.01078994599993166
DE,branin,2,0,0.39788735772973816,8.326672684688674e-16,10000,199,2350,True,budget_exhausted,0.012362276000203565
DE,branin,2,1,0.39788735772973816,8.326672684688674e-16,10000,199,1800,True,budget_exhausted,0.012260133000381757
DE,branin,2,2,0.39788735772973816,8.326672684688674e-16,10000,199,1350,True,budget_exhausted,0.012487287000112701
DE,branin,2,3,0.39788735772973816,8.326672684688674e-16,10000,199,2250,True,budget_exhausted,0.012415267000505992
DE,branin,2,4,0.39788735772973816,8.326672684688674e-16,10000,199,2150,True,budget_exhausted,0.01228866199926415
DE,branin,2,5,0.39788735772973816,8.326672684688674e-16,10000,199,1800,True,budget_exhausted,0.0122712419997697
DE,branin,2,6,0.39788735772973816,8.326672684688674e-16,10000,199,1400,True,budget_exhausted,0.012431059999471472
DE,branin,2,7,0.39788735772973816,8.326672684688674e-16,10000,199,2600,True,budget_exhausted,0.012253607000275224
DE,branin,2,8,0.39788735772973816,8.326672684688674e-16,10000,199,1750,True,budget_exhausted,0.012512893000348413
DE,branin,2,9,0.39788735772973816,8.326672684688674e-16,10000,199,1850,True,budget_exhausted,0.012187352999717405
DE,branin,2,10,0.39788735772973816,8.326672684688674e-16,10000,199,2300,True,budget_exhausted,0.012214684999889869
DE,branin,2,11,0.39788735772973816,8.326672684688674e-16,10000,199,1450,True,budget_exhausted,0.012070091000168759
DE,branin,2,12,0.39788735772973816,8.326672684688674e-16,10000,199,2050,True,budget_exhausted,0.012131460999626142
DE,branin,2,13,0.39788735772973816,8.326672684688674e-16,10000,199,1050,True,budget_exhausted,0.012191992000225582
DE,branin,2,14,0.39788735772973816,8.326672684688674e-16,10000,199,1800,True,budget_exhausted,0.01239199199972063
DE,branin,2,15,0.39788735772973816,8.326672684688674e-16,10000,199,1850,True,budget_exhausted,0.012403803999404772
DE,branin,2,16,0.39788735772973816,8.326672684688674e-16,10000,199,1450,True,budget_exhausted,0.012315258999478829
DE,branin,2,17,0.39788735772973816,8.326672684688674e-16,10000,199,1650,True,budget_exhausted,0.01219387299988739
DE,branin,2,18,0.39788735772973816,8.326672684688674e-16,10000,199,1050,True,budget_exhausted,0.012406195000039588
DE,branin,2,19,0.39788735772973816,8.326672684688674e-16,10000,199,1900,True,budget_exhausted,0.01230980600030307
DE,branin,2,20,0.39788735772973816,8.326672684688674e-16,10000,199,1950,True,budget_exhausted,0.012232596000103513
DE,branin,2,21,0.39788735772973816,8.326672684688674e-16,10000,199,1450,True,budget_exhausted,0.012130584999795246
DE,branin,2,22,0.39788735772973816,8.326672684688674e-16,10000,199,1550,True,budget_exhausted,0.012267340999642329
DE,branin,2,23,0.39788735772973816,8.326672684688674e-16,10000,199,1000,True,budget_exhausted,0.012304228000175499
DE,branin,2,24,0.39788735772973816,8.326672684688674e-16,10000,199,1600,True,budget_exhausted,0.012441626999134314
DE,branin,2,25,0.39788735772973816,8.326672684688674e-16,10000,199,1750,True,budget_exhausted,0.012397589999636693
DE,branin,2,26,0.39788735772973816,8.326672684688674e-16,10000,199,1650,True,budget_exhausted,0.012362409999695956
DE,branin,2,27,0.39788735772973816,8.326672684688674e-16,10000,199,1500,True,budget_exhausted,0.012376401999972586
DE,branin,2,28,0.39788735772973816,8.326672684688674e-16,10000,199,1750,True,budget_exhausted,0.012421561000337533
DE,branin,2,29,0.39788735772973816,8.326672684688674e-16,10000,199,1400,True,budget_exhausted,0.012277844999516674
Random,branin,2,0,0.4034532219931517,0.005565864263412712,10000,200,,False,budget_exhausted,0.004375661000267428
Random,branin,2,1,0.3998268246869987,0.0019394669572597167,10000,200,,False,budget_exhausted,0.003968767999140255
Random,branin,2,2,0.4092078045717926,0.011320446842053633,10000,200,,False,budget_exhausted,0.0039552489997731755
Random,branin,2,3,0.3981060696775067,0.00021871194776773573,10000,200,,False,budget_exhausted,0.003990721999798552
Random,branin,2,4,0.4013901611722588,0.0035028034425197974,10000,200,,False,budget_exhausted,0.00394049599981372
Random,branin,2,5,0.4085867746440055,0.010699416914266513,10000,200,,False,budget_exhausted,0.0039660769998590695
Random,branin,2,6,0.40703235873568744,0.00914500100594845,10000,200,,False,budget_exhausted,0.003997239999989688
Random,branin,2,7,0.40248140607681115,0.004594048347072166,10000,200,,False,budget_exhausted,0.003962867000154802
Random,branin,2,8,0.39807137750343813,0.00018401977369914002,10000,200,,False,budget_exhausted,0.003968163999161334
Random,branin,2,9,0.3990945307281688,0.0012071729984298174,10000,200,,False,budget_exhausted,0.0039430449996871175
Random,branin,2,10,0.4077571626889096,0.009869804959170614,10000,200,,False,budget_exhausted,0.003975980000177515
Random,branin,2,11,0.4068590952300699,0.008971737500330923,10000,200,,False,budget_exhausted,0.0039339100003417116
Random,branin,2,12,0.4008524359824559,0.002965078252716913,10000,200,,False,budget_exhausted,0.003967300000113028
Random,branin,2,13,0.4023178331306241,0.004430475400885092,10000,200,,False,budget_exhausted,0.004032882999126741
Random,branin,2,14,0.40561401819555876,0.007726660465819768,10000,200,,False,budget_exhausted,0.0039737959996273275
Random,branin,2,15,0.39817390596529556,0.00028654823555657183,10000,200,,False,budget_exhausted,0.003975855999669875
Random,branin,2,16,0.4011732090523452,0.003285851322606226,10000,200,,False,budget_exhausted,0.004036233000078937
Random,branin,2,17,0.39828234698939546,0.00039498925965647524,10000,200,,False,budget_exhausted,0.003988901000411715
Random,branin,2,18,0.40550343922222964,0.007616081492490656,10000,200,,False,budget_exhausted,0.0039691430001767
Random,branin,2,19,0.4008178946671528,0.002930536937413797,10000,200,,False,budget_exhausted,0.00397218200032512
Random,branin,2,20,0.40122124161512573,0.003333883885386746,10000,200,,False,budget_exhausted,0.003967379999266996
Random,branin,2,21,0.4050985924462367,0.007211234716497705,10000,200,,False,budget_exhausted,0.003931743999601167
Random,branin,2,22,0.4068896283914665,0.009002270661727485,10000,200,,False,budget_exhausted,0.003923533000488533
Random,branin,2,23,0.4012661547361276,0.003378797006388601,10000,200,,False,budget_exhausted,0.0040175969998017536
Random,branin,2,24,0.39790367462718557,1.6316897446577716e-05,10000,200,1200,True,budget_exhausted,0.003998834000412899
Random,branin,2,25,0.41807130480674815,0.020183947077009157,10000,200,,False,budget_exhausted,0.0039017799999783165
Random,branin,2,26,0.41274404134924403,0.01485668361950504,10000,200,,False,budget_exhausted,0.003929953999431746
Random,branin,2,27,0.40500391756494025,0.007116559835201264,10000,200,,False,budget_exhausted,0.003943980999792984
Random,branin,2,28,0.4036346462313194,0.005747288501580405,10000,200,,False,budget_exhausted,0.004001377999884426
Random,branin,2,29,0.39871967779099826,0.0008323200612592729,10000,200,,False,budget_exhausted,0.003940516000511707
CDA (paper),booth,2,0,1.7748333024670025e-09,1.7748333024670025e-09,7517,18,6158,True,extinction,0.0020954939991497668
CDA (paper),booth,2,1,5.256670807046986e-06,5.256670807046986e-06,6548,20,5222,True,extinction,0.0019379200002731523
CDA (paper),booth,2,2,9.757441119897142e-07,9.757441119897142e-07,8271,27,5940,True,mean_gap,0.0025516400000924477
CDA (paper),booth,2,3,1.0041233550809282e-10,1.0041233550809282e-10,9517,21,5622,True,extinction,0.002324569000847987
CDA (paper),booth,2,4,1.6994194992482969e-09,1.6994194992482969e-09,8800,15,5237,True,extinction,0.001842750999458076
CDA (paper),booth,2,5,7.063514306900134e-09,7.063514306900134e-09,8263,24,4695,True,mean_gap,0.0023079800002960837
CDA (paper),booth,2,6,3.4932637799865714e-07,3.4932637799865714e-07,7852,26,6729,True,mean_gap,0.002418511000541912
CDA (paper),booth,2,7,3.873748217469371e-07,3.873748217469371e-07,7313,22,4976,True,mean_gap,0.002103187999637157
CDA (paper),booth,2,8,3.9043941909953155e-08,3.9043941909953155e-08,7643,23,5745,True,extinction,0.002156419000129972
CDA (paper),booth,2,9,1.0882042838106285e-08,1.0882042838106285e-08,8330,15,5381,True,extinction,0.0018080830004691961
CDA (paper),booth,2,10,1.1178214622088894e-07,1.1178214622088894e-07,7091,14,5979,True,extinction,0.0015736320001451531
CDA (paper),booth,2,11,6.406568399776423e-10,6.406568399776423e-10,7421,20,6204,True,mean_gap,0.001991808000639139
CDA (paper),booth,2,12,2.541598273692089e-06,2.541598273692089e-06,7728,27,6548,True,mean_gap,0.0023930730003485223
CDA (paper),booth,2,13,7.138903039034754e-09,7.138903039034754e-09,9591,22,5672,True,mean_gap,0.0023241629996846314
CDA (paper),booth,2,14,2.735208195535745e-08,2.735208195535745e-08,9076,15,6748,True,extinction,0.001846580999881553
CDA (paper),booth,2,15,1.6570632891736709e-06,1.6570632891736709e-06,7555,27,5869,True,mean_gap,0.002387770000495948
CDA (paper),booth,2,16,4.6787018875349475e-09,4.6787018875349475e-09,7443,21,4995,True,mean_gap,0.0020027030004712287
CDA (paper),booth,2,17,3.415829772382103e-08,3.415829772382103e-08,8995,23,6857,True,mean_gap,0.0023325089996433235
CDA (paper),booth,2,18,2.183120723140481e-07,2.183120723140481e-07,7760,17,6751,True,extinction,0.0018601009996928042
CDA (paper),booth,2,19,1.0545398435586542e-07,1.0545398435586542e-07,8657,16,3909,True,extinction,0.0018645800000740564
CDA (paper),booth,2,20,5.004612122910834e-06,5.004612122910834e-06,7081,26,4066,True,mean_gap,0.0022976620002737036
CDA (paper),booth,2,21,1.2012496484623678e-08,1.2012496484623678e-08,7316,21,4097,True,extinction,0.001993015000152809
CDA (paper),booth,2,22,1.135212865119414e-08,1.135212865119414e-08,9452,16,5785,True,extinction,0.0019496889999572886
CDA (paper),booth,2,23,2.567923089487298e-08,2.567923089487298e-08,7626,25,5892,True,mean_gap,0.002357757999561727
CDA (paper),booth,2,24,1.2287390865015986e-07,1.2287390865015986e-07,7941,16,6540,True,extinction,0.0018159940000259667
CDA (paper),booth,2,25,2.8481951798904318e-08,2.8481951798904318e-08,7578,15,5605,True,extinction,0.001711583000542305
CDA (paper),booth,2,26,2.759843092638885e-10,2.759843092638885e-10,7246,15,6396,True,extinction,0.0017058660005204729
CDA (paper),booth,2,27,4.384153689584987e-08,4.384153689584987e-08,8006,20,5482,True,mean_gap,0.00202053400062141
CDA (paper),booth,2,28,3.344583932502758e-07,3.344583932502758e-07,7450,21,4936,True,mean_gap,0.001979609999580134
CDA (paper),booth,2,29,7.757772893678716e-10,7.757772893678716e-10,8236,15,5805,True,extinction,0.0017690770000626799
CDA (budgeted),booth,2,0,0.0005074660488227675,0.0005074660488227675,10000,10,,False,budget_exhausted,0.0015610740001648082
CDA (budgeted),booth,2,1,0.00018550332937027048,0.00018550332937027048,10000,9,,False,budget_exhausted,0.0014330160001918557
CDA (budgeted),booth,2,2,0.0003311495676374437,0.0003311495676374437,10000,10,,False,budget_exhausted,0.0015363450002041645
CDA (budgeted),booth,2,3,0.00039386921577718625,0.00039386921577718625,10000,10,,False,budget_exhausted,0.001537672999802453
CDA (budgeted),booth,2,4,0.0004079285650205108,0.0004079285650205108,10000,10,,False,budget_exhausted,0.0015314579995902022
CDA (budgeted),booth,2,5,0.00018769747371404885,0.00018769747371404885,10000,9,,False,budget_exhausted,0.0015322440003728843
CDA (budgeted),booth,2,6,0.0003734376306660545,0.0003734376306660545,10000,9,,False,budget_exhausted,0.0015257040004144073
CDA (budgeted),booth,2,7,0.00036120302302647156,0.00036120302302647156,10000,12,,False,budget_exhausted,0.001604002999556542
CDA (budgeted),booth,2,8,0.0023027049344096374,0.0023027049344096374,10000,9,,False,budget_exhausted,0.001418675999957486
CDA (budgeted),booth,2,9,0.0003896462840725386,0.0003896462840725386,10000,9,,False,budget_exhausted,0.0014261530004660017
CDA (budgeted),booth,2,10,0.00030125425761444913,0.00030125425761444913,10000,10,,False,budget_exhausted,0.001541657999950985
CDA (budgeted),booth,2,11,0.0003715053969628143,0.0003715053969628143,10000,9,,False,budget_exhausted,0.00141332700059138
CDA (budgeted),booth,2,12,0.0003074733801627051,0.0003074733801627051,10000,14,,False,budget_exhausted,0.0017523980004625628
CDA (budgeted),booth,2,13,0.0008670761397949933,0.0008670761397949933,10000,10,,False,budget_exhausted,0.0014932770000086748
CDA (budgeted),booth,2,14,0.00025269554110422907,0.00025269554110422907,10000,10,,False,budget_exhausted,0.0015230110002448782
CDA (budgeted),booth,2,15,0.0009639076181859153,0.0009639076181859153,10000,9,,False,budget_exhausted,0.0014474730005531455
CDA (budgeted),booth,2,16,8.73750468673005e-05,8.73750468673005e-05,10000,10,8285,True,budget_exhausted,0.001475222999943071
CDA (budgeted),booth,2,17,0.000115705536928083,0.000115705536928083,10000,9,,False,budget_exhausted,0.0014833749992249068
CDA (budgeted),booth,2,18,0.0005396514496703739,0.0005396514496703739,10000,10,,False,budget_exhausted,0.0014846100002614548
CDA (budgeted),booth,2,19,0.0003011057435374614,0.0003011057435374614,10000,10,,False,budget_exhausted,0.0015623270001015044
CDA (budgeted),booth,2,20,0.0006016854702261167,0.0006016854702261167,10000,15,,False,budget_exhausted,0.0018163190006816876
CDA (budgeted),booth,2,21,0.000358672074534606,0.000358672074534606,10000,9,,False,budget_exhausted,0.0015524230002483819
CDA (budgeted),booth,2,22,0.000968959851693768,0.000968959851693768,10000,9,,False,budget_exhausted,0.0014366360001076828
CDA (budgeted),booth,2,23,0.0005057080876004976,0.0005057080876004976,10000,9,,False,budget_exhausted,0.0014840780004305998
CDA (budgeted),booth,2,24,0.001865665743708475,0.001865665743708475,10000,10,,False,budget_exhausted,0.001573483999891323
CDA (budgeted),booth,2,25,0.0006371815986291241,0.0006371815986291241,10000,14,,False,budget_exhausted,0.0017435609997846768
CDA (budgeted),booth,2,26,0.0005029710133472094,0.0005029710133472094,10000,9,,False,budget_exhausted,0.0015031760003694217
CDA (budgeted),booth,2,27,9.839497186766688e-05,9.839497186766688e-05,10000,11,9916,True,budget_exhausted,0.0015307529993151547
CDA (budgeted),booth,2,28,0.00035900180276367337,0.00035900180276367337,10000,10,,False,budget_exhausted,0.0015424680004798574
CDA (budgeted),booth,2,29,0.00030899648634679624,0.00030899648634679624,10000,10,,False,budget_exhausted,0.0015418579996548942
PSO,booth,2,0,5.638989247283926e-21,5.638989247283926e-21,10000,199,1150,True,budget_exhausted,0.006236328000341018
PSO,booth,2,1,3.2741270400950766e-20,3.2741270400950766e-20,10000,199,1850,True,budget_exhausted,0.0062120359998516506
PSO,booth,2,2,1.6966397226528958e-18,1.6966397226528958e-18,10000,199,1550,True,budget_exhausted,0.006268351000471739
PSO,booth,2,3,2.0317260077313894e-20,2.0317260077313894e-20,10000,199,1850,True,budget_exhausted,0.0062637119999635615
PSO,booth,2,4,5.860139217401502e-19,5.860139217401502e-19,10000,199,1700,True,budget_exhausted,0.006308405000709172
PSO,booth,2,5,1.7961836896776273e-18,1.7961836896776273e-18,10000,199,2000,True,budget_exhausted,0.0062112850000630715
PSO,booth,2,6,4.5838723286636125e-20,4.5838723286636125e-20,10000,199,1800,True,budget_exhausted,0.006237935000172001
PSO,booth,2,7,6.398322634470188e-19,6.398322634470188e-19,10000,199,1650,True,budget_exhausted,0.006323574999441917
PSO,booth,2,8,3.069176098908898e-18,3.069176098908898e-18,10000,199,1850,True,budget_exhausted,0.006262816999878851
PSO,booth,2,9,2.673207754305402e-19,2.673207754305402e-19,10000,199,1400,True,budget_exhausted,0.006302961000073992
PSO,booth,2,10,5.497853569702273e-20,5.497853569702273e-20,10000,199,1850,True,budget_exhausted,0.006260268999540131
PSO,booth,2,11,3.119245710835538e-20,3.119245710835538e-20,10000,199,1750,True,budget_exhausted,0.006086641999900166
PSO,booth,2,12,3.966943350079767e-20,3.966943350079767e-20,10000,199,1750,True,budget_exhausted,0.0060844550007459475
PSO,booth,2,13,7.877163511619211e-20,7.877163511619211e-20,10000,199,1050,True,budget_exhausted,0.0061564269999507815
PSO,booth,2,14,3.0755690087616136e-21,3.0755690087616136e-21,10000,199,2100,True,budget_exhausted,0.006263806999413646
PSO,booth,2,15,9.56743507573493e-20,9.56743507573493e-20,10000,199,1650,True,budget_exhausted,0.00630065299992566
PSO,booth,2,16,4.7814395589042713e-20,4.7814395589042713e-20,10000,199,1500,True,budget_exhausted,0.006280132000028971
PSO,booth,2,17,4.941902510732936e-21,4.941902510732936e-21,10000,199,2150,True,budget_exhausted,0.006267857000239019
PSO,booth,2,18,1.8593675406264452e-19,1.8593675406264452e-19,10000,199,1750,True,budget_exhausted,0.006298131999756151
PSO,booth,2,19,1.0520381415509084e-19,1.0520381415509084e-19,10000,199,1750,True,budget_exhausted,0.006314907999694697
PSO,booth,2,20,8.721232823468516e-19,8.721232823468516e-19,10000,199,2150,True,budget_exhausted,0.006265451000217581
PSO,booth,2,21,9.152594956300347e-20,9.152594956300347e-20,10000,199,1550,True,budget_exhausted,0.006272063000324124
PSO,booth,2,22,8.095396930473107e-20,8.095396930473107e-20,10000,199,1900,True,budget_exhausted,0.0063134259999060305
PSO,booth,2,23,1.6058630465157314e-19,1.6058630465157314e-19,10000,199,1600,True,budget_exhausted,0.006288036999649194
PSO,booth,2,24,1.8966478551480425e-21,1.8966478551480425e-21,10000,199,1600,True,budget_exhausted,0.0062819029999445775
PSO,booth,2,25,3.410381996128626e-19,3.410381996128626e-19,10000,199,1550,True,budget_exhausted,0.006242792999728408
PSO,booth,2,26,5.805941526375575e-20,5.805941526375575e-20,10000,199,1800,True,budget_exhausted,0.00619913200080191
PSO,booth,2,27,3.0273785420912223e-20,3.0273785420912223e-20,10000,199,1850,True,budget_exhausted,0.006260526000005484
PSO,booth,2,28,1.9214117592982462e-19,1.9214117592982462e-19,10000,199,1550,True,budget_exhausted,0.006299026000306185
PSO,booth,2,29,6.797213358672079e-20,6.797213358672079e-20,10000,199,1850,True,budget_exhausted,0.006275722999816935
GA,booth,2,0,2.004417133695087e-15,2.004417133695087e-15,10000,199,650,True,budget_exhausted,0.010593600999527553
GA,booth,2,1,2.5234625586099653e-09,2.5234625586099653e-09,10000,199,750,True,budget_exhausted,0.010405396000351175
GA,booth,2,2,1.1952160841612316e-09,1.1952160841612316e-09,10000,199,550,True,budget_exhausted,0.010329632999855676
GA,booth,2,3,3.148172061517367e-05,3.148172061517367e-05,10000,199,800,True,budget_exhausted,0.010365677000663709
GA,booth,2,4,0.00020601966506709828,0.00020601966506709828,10000,199,,False,budget_exhausted,0.010671379000086745
GA,booth,2,5,0.0006244625001052051,0.0006244625001052051,10000,199,,False,budget_exhausted,0.010617734000334167
GA,booth,2,6,3.484030469281723e-15,3.484030469281723e-15,10000,199,650,True,budget_exhausted,0.010592258000542643
GA,booth,2,7,1.8488417247313057e-06,1.8488417247313057e-06,10000,199,600,True,budget_exhausted,0.010604904000501847
GA,booth,2,8,2.624871763439678e-08,2.624871763439678e-08,10000,199,800,True,budget_exhausted,0.010595596999337431
GA,booth,2,9,5.422734836220004e-05,5.422734836220004e-05,10000,199,950,True,budget_exhausted,0.01046892099930119
GA,booth,2,10,2.1981704245169617e-10,2.1981704245169617e-10,10000,199,500,True,budget_exhausted,0.010388494999460818
GA,booth,2,11,0.1090007391994195,0.1090007391994195,10000,199,,False,budget_exhausted,0.010526217000006
GA,booth,2,12,0.055366881865685134,0.055366881865685134,10000,199,,False,budget_exhausted,0.010573980000117444
GA,booth,2,13,0.002801073246270512,0.002801073246270512,10000,199,,False,budget_exhausted,0.010540469999796187
GA,booth,2,14,9.093036118720905e-11,9.093036118720905e-11,10000,199,750,True,budget_exhausted,0.010722815000008268
GA,booth,2,15,2.165387938276754e-11,2.165387938276754e-11,10000,199,700,True,budget_exhausted,0.010482419000254595
GA,booth,2,16,5.793372182301481e-19,5.793372182301481e-19,10000,199,700,True,budget_exhausted,0.010571548999905644
GA,booth,2,17,2.2754617968408314e-06,2.2754617968408314e-06,10000,199,700,True,budget_exhausted,0.010614994000206934
GA,booth,2,18,6.732681606256011e-11,6.732681606256011e-11,10000,199,750,True,budget_exhausted,0.010675420000552549
GA,booth,2,19,0.0040897959004181595,0.0040897959004181595,10000,199,,False,budget_exhausted,0.01061654300065129
GA,booth,2,20,1.8661698622049997e-17,1.8661698622049997e-17,10000,199,500,True,budget_exhausted,0.01052063699989958
GA,booth,2,21,0.0007946178394905477,0.0007946178394905477,10000,199,,False,budget_exhausted,0.010558363000200188
GA,booth,2,22,5.002572938911754e-05,5.002572938911754e-05,10000,199,1000,True,budget_exhausted,0.010441562999403686
GA,booth,2,23,2.6464378537716764e-06,2.6464378537716764e-06,10000,199,500,True,budget_exhausted,0.010458208000272862
GA,booth,2,24,1.4554816377162008e-11,1.4554816377162008e-11,10000,199,450,True,budget_exhausted,0.010362244999669201
GA,booth,2,25,5.864580721896026e-17,5.864580721896026e-17,10000,199,800,True,budget_exhausted,0.010491066999748
GA,booth,2,26,4.714866446991848e-07,4.714866446991848e-07,10000,199,700,True,budget_exhausted,0.010618686999805504
GA,booth,2,27,0.0001910805364851072,0.0001910805364851072,10000,199,,False,budget_exhausted,0.010633273999701487
GA,booth,2,28,0.07409125818520697,0.07409125818520697,10000,199,,False,budget_exhausted,0.010693987000195193
GA,booth,2,29,1.891275277562996e-12,1.891275277562996e-12,10000,199,750,True,budget_exhausted,0.010561090999544831
DE,booth,2,0,0.0,0.0,10000,199,900,True,budget_exhausted,0.012061006000294583
DE,booth,2,1,0.0,0.0,10000,199,1150,True,budget_exhausted,0.011860818000059226
DE,booth,2,2,0.0,0.0,10000,199,1050,True,budget_exhausted,0.011889430000337597
DE,booth,2,3,0.0,0.0,10000,199,1350,True,budget_exhausted,0.011860139000418712
DE,booth,2,4,0.0,0.0,10000,199,1200,True,budget_exhausted,0.011782472000049893
DE,booth,2,5,0.0,0.0,10000,199,1150,True,budget_exhausted,0.011758941000152845
DE,booth,2,6,0.0,0.0,10000,199,1300,True,budget_exhausted,0.011963509000452177
DE,booth,2,7,0.0,0.0,10000,199,1050,True,budget_exhausted,0.0117763489997742
DE,booth,2,8,0.0,0.0,10000,199,1150,True,budget_exhausted,0.012035603000185802
DE,booth,2,9,0.0,0.0,10000,199,1250,True,budget_exhausted,0.011958572000366985
DE,booth,2,10,0.0,0.0,10000,199,1300,True,budget_exhausted,0.011874822000208951
DE,booth,2,11,0.0,0.0,10000,199,1150,True,budget_exhausted,0.011983504999989236
DE,booth,2,12,0.0,0.0,10000,199,1000,True,budget_exhausted,0.011985242000264407
DE,booth,2,13,0.0,0.0,10000,199,1250,True,budget_exhausted,0.011817073000202072
DE,booth,2,14,0.0,0.0,10000,199,1300,True,budget_exhausted,0.011754559999644698
DE,booth,2,15,0.0,0.0,10000,199,1150,True,budget_exhausted,0.011725100000148814
DE,booth,2,16,0.0,0.0,10000,199,1250,True,budget_exhausted,0.011769776999244641
DE,booth,2,17,0.0,0.0,10000,199,900,True,budget_exhausted,0.011926642000616994
DE,booth,2,18,0.0,0.0,10000,199,1050,True,budget_exhausted,0.01205061000018759
DE,booth,2,19,0.0,0.0,10000,199,1500,True,budget_exhausted,0.012069891999999527
DE,booth,2,20,0.0,0.0,10000,199,700,True,budget_exhausted,0.012080999999852793
DE,booth,2,21,0.0,0.0,10000,199,1400,True,budget_exhausted,0.011983565999798884
DE,booth,2,22,0.0,0.0,10000,199,1300,True,budget_exhausted,0.012509623999903852
DE,booth,2,23,0.0,0.0,10000,199,1200,True,budget_exhausted,0.011504858000080276
DE,booth,2,24,0.0,0.0,10000,199,1350,True,budget_exhausted,0.01177443599954131
DE,booth,2,25,0.0,0.0,10000,199,1250,True,budget_exhausted,0.012045947999467899
DE,booth,2,26,0.0,0.0,10000,199,1050,True,budget_exhausted,0.012073235000571003
DE,booth,2,27,0.0,0.0,10000,199,1300,True,budget_exhausted,0.012000138000075822
DE,booth,2,28,0.0,0.0,10000,199,1250,True,budget_exhausted,0.012082023999937519
DE,booth,2,29,0.0,0.0,10000,199,1250,True,budget_exhausted,0.012029686999994738
Random,booth,2,0,0.041192445760544275,0.041192445760544275,10000,200,,False,budget_exhausted,0.003693235999890021
Random,booth,2,1,0.018195358102936262,0.018195358102936262,10000,200,,False,budget_exhausted,0.003588941999623785
Random,booth,2,2,0.0011028954815574977,0.0011028954815574977,10000,200,,False,budget_exhausted,0.003570069000488729
Random,booth,2,3,0.008999263979817904,0.008999263979817904,10000,200,,False,budget_exhausted,0.0035442120006337063
Random,booth,2,4,0.01357648362229186,0.01357648362229186,10000,200,,False,budget_exhausted,0.0035915569997087005
Random,booth,2,5,0.02421406948908644,0.02421406948908644,10000,200,,False,budget_exhausted,0.0035819630002151825
Random,booth,2,6,0.06522337263221548,0.06522337263221548,10000,200,,False,budget_exhausted,0.0035582950004027225
Random,booth,2,7,0.011521744261580199,0.011521744261580199,10000,200,,False,budget_exhausted,0.003501620000861294
Random,booth,2,8,0.004278871607408317,0.004278871607408317,10000,200,,False,budget_exhausted,0.0034560880003482453
Random,booth,2,9,0.015406018678420785,0.015406018678420785,10000,200,,False,budget_exhausted,0.0034587199997986318
Random,booth,2,10,0.008004486589708976,0.008004486589708976,10000,200,,False,budget_exhausted,0.0034526270001151715
Random,booth,2,11,0.10352417487611756,0.10352417487611756,10000,200,,False,budget_exhausted,0.003447042000516376
Random,booth,2,12,0.11523173705919003,0.11523173705919003,10000,200,,False,budget_exhausted,0.00354406100086635
Random,booth,2,13,0.03138585601811453,0.03138585601811453,10000,200,,False,budget_exhausted,0.0036069210000277963
Random,booth,2,14,0.009828631976102776,0.009828631976102776,10000,200,,False,budget_exhausted,0.0035984520000056364
Random,booth,2,15,0.009658749347126369,0.009658749347126369,10000,200,,False,budget_exhausted,0.0035506779995557736
Random,booth,2,16,0.0019427008022590941,0.0019427008022590941,10000,200,,False,budget_exhausted,0.0035370550003790413
Random,booth,2,17,0.034527228442667715,0.034527228442667715,10000,200,,False,budget_exhausted,0.003577587000108906
Random,booth,2,18,0.0526584109598695,0.0526584109598695,10000,200,,False,budget_exhausted,0.0035598229997049202
Random,booth,2,19,0.07237372701097962,0.07237372701097962,10000,200,,False,budget_exhausted,0.0035161519999746815
Random,booth,2,20,0.041253817391120384,0.041253817391120384,10000,200,,False,budget_exhausted,0.003573891999621992
Random,booth,2,21,0.02822739881531335,0.02822739881531335,10000,200,,False,budget_exhausted,0.0035275709997222293
Random,booth,2,22,1.236160276506172e-05,1.236160276506172e-05,10000,200,3450,True,budget_exhausted,0.003590342000279634
Random,booth,2,23,0.0235466076379641,0.0235466076379641,10000,200,,False,budget_exhausted,0.0035867599999619415
Random,booth,2,24,0.07574071021018461,0.07574071021018461,10000,200,,False,budget_exhausted,0.0035490529999151477
Random,booth,2,25,0.008402079135041473,0.008402079135041473,10000,200,,False,budget_exhausted,0.0035818779997498496
Random,booth,2,26,0.01847795608178818,0.01847795608178818,10000,200,,False,budget_exhausted,0.0035400100005062995
Random,booth,2,27,0.03114157372652202,0.03114157372652202,10000,200,,False,budget_exhausted,0.003558434999831661
Random,booth,2,28,0.005346846830362944,0.005346846830362944,10000,200,,False,budget_exhausted,0.0035664619999806746
Random,booth,2,29,0.014687929381673449,0.014687929381673449,10000,200,,False,budget_exhausted,0.003530199000124412
CDA (paper),himmelblau,2,0,6.193622386528633e-07,6.193622386528633e-07,7346,13,5847,True,extinction,0.0017929420000655227
CDA (paper),himmelblau,2,1,8.241632858746532e-07,8.241632858746532e-07,6063,14,5553,True,extinction,0.0015653139998903498
CDA (paper),himmelblau,2,2,6.014810274098206e-08,6.014810274098206e-08,5540,12,5227,True,extinction,0.0013529859998016036
CDA (paper),himmelblau,2,3,5.820223825678181e-08,5.820223825678181e-08,7308,14,6084,True,extinction,0.001639128000533674
CDA (paper),himmelblau,2,4,3.380822719835589e-08,3.380822719835589e-08,8813,25,6376,True,mean_gap,0.0024040400003286777
CDA (paper),himmelblau,2,5,3.789679092026265e-08,3.789679092026265e-08,6138,24,5237,True,mean_gap,0.0021893020002607955
CDA (paper),himmelblau,2,6,9.54148908811102e-10,9.54148908811102e-10,5711,18,4469,True,extinction,0.001716818000204512
CDA (paper),himmelblau,2,7,2.3740525797728145e-07,2.3740525797728145e-07,8379,24,5406,True,mean_gap,0.0023183140001492575
CDA (paper),himmelblau,2,8,1.1947736626394907e-09,1.1947736626394907e-09,6789,19,4561,True,extinction,0.0019304209999972954
CDA (paper),himmelblau,2,9,1.4836684729448058e-06,1.4836684729448058e-06,6205,14,4537,True,extinction,0.0015474619995075045
CDA (paper),himmelblau,2,10,8.718942299217863e-10,8.718942299217863e-10,6461,18,5122,True,extinction,0.0018321540001124959
CDA (paper),himmelblau,2,11,1.7328493461341982e-11,1.7328493461341982e-11,7568,19,5072,True,mean_gap,0.0019033089993172325
CDA (paper),himmelblau,2,12,1.3727855140693525e-08,1.3727855140693525e-08,7007,15,5625,True,extinction,0.0016277299991998007
CDA (paper),himmelblau,2,13,4.764387669205048e-08,4.764387669205048e-08,6573,15,5225,True,extinction,0.0015965430002324865
CDA (paper),himmelblau,2,14,1.2926040482478854e-06,1.2926040482478854e-06,5232,13,4015,True,extinction,0.0013433439999062102
CDA (paper),himmelblau,2,15,3.773016681062227e-08,3.773016681062227e-08,7778,24,4772,True,extinction,0.0021886220001761103
CDA (paper),himmelblau,2,16,4.021502592397547e-06,4.021502592397547e-06,5973,13,3959,True,extinction,0.0014371770002981066
CDA (paper),himmelblau,2,17,9.684913742770844e-08,9.684913742770844e-08,7688,14,4209,True,extinction,0.0016007880003598984
CDA (paper),himmelblau,2,18,2.445626057590345e-07,2.445626057590345e-07,6295,15,5035,True,extinction,0.0015542480005024117
CDA (paper),himmelblau,2,19,1.0593844838726851e-07,1.0593844838726851e-07,6721,20,6249,True,extinction,0.0018730520005192375
CDA (paper),himmelblau,2,20,3.8479903408689954e-07,3.8479903408689954e-07,6570,24,5722,True,mean_gap,0.0021064140000817133
CDA (paper),himmelblau,2,21,1.5228089717417634e-08,1.5228089717417634e-08,6965,16,4916,True,extinction,0.0016834399993967963
CDA (paper),himmelblau,2,22,1.2830645384400964e-08,1.2830645384400964e-08,7614,14,6313,True,extinction,0.0016133279996211058
CDA (paper),himmelblau,2,23,1.7818726901679534e-08,1.7818726901679534e-08,7240,17,5511,True,extinction,0.0017638330000409042
CDA (paper),himmelblau,2,24,6.536597341587528e-09,6.536597341587528e-09,6665,15,4914,True,extinction,0.0016227219994107145
CDA (paper),himmelblau,2,25,6.097230338432882e-06,6.097230338432882e-06,6387,16,4277,True,extinction,0.0016231400004471652
CDA (paper),himmelblau,2,26,1.7235603948386217e-06,1.7235603948386217e-06,6418,26,5355,True,mean_gap,0.0022025910002412274
CDA (paper),himmelblau,2,27,5.678141913134751e-06,5.678141913134751e-06,6021,13,5762,True,extinction,0.001416256000084104
CDA (paper),himmelblau,2,28,4.7581822220198167e-07,4.7581822220198167e-07,6935,14,5521,True,extinction,0.001573141000335454
CDA (paper),himmelblau,2,29,8.700283690783924e-09,8.700283690783924e-09,6941,15,5246,True,extinction,0.0016326579998349189
CDA (budgeted),himmelblau,2,0,0.0011994799817738547,0.0011994799817738547,10000,16,,False,budget_exhausted,0.0019659600002341904
CDA (budgeted),himmelblau,2,1,0.0001597479452700041,0.0001597479452700041,10000,10,,False,budget_exhausted,0.0014714700000695302
CDA (budgeted),himmelblau,2,2,0.00022701509745693993,0.00022701509745693993,10000,11,,False,budget_exhausted,0.001550693000353931
CDA (budgeted),himmelblau,2,3,0.00038757058401725427,0.00038757058401725427,10000,9,,False,budget_exhausted,0.001430336999874271
CDA (budgeted),himmelblau,2,4,0.0007067306456086386,0.0007067306456086386,10000,9,,False,budget_exhausted,0.001514057999884244
CDA (budgeted),himmelblau,2,5,8.313503879493677e-05,8.313503879493677e-05,10000,10,9198,True,budget_exhausted,0.001493985999331926
CDA (budgeted),himmelblau,2,6,0.00048045248178873475,0.00048045248178873475,10000,10,,False,budget_exhausted,0.001533618000394199
CDA (budgeted),himmelblau,2,7,0.0006047895915579972,0.0006047895915579972,10000,15,,False,budget_exhausted,0.0017513499997221516
CDA (budgeted),himmelblau,2,8,0.0002104869491603499,0.0002104869491603499,10000,11,,False,budget_exhausted,0.001559998000630003
CDA (budgeted),himmelblau,2,9,0.00043788208762093943,0.00043788208762093943,10000,16,,False,budget_exhausted,0.0018599929999254528
CDA (budgeted),himmelblau,2,10,0.00011069338276796667,0.00011069338276796667,10000,11,,False,budget_exhausted,0.0015611079998052446
CDA (budgeted),himmelblau,2,11,0.0010056648155942556,0.0010056648155942556,10000,16,,False,budget_exhausted,0.0018563209996500518
CDA (budgeted),himmelblau,2,12,0.0015785351573740477,0.0015785351573740477,10000,15,,False,budget_exhausted,0.00186707699958788
CDA (budgeted),himmelblau,2,13,0.0004085522543736537,0.0004085522543736537,10000,10,,False,budget_exhausted,0.001481794000028458
CDA (budgeted),himmelblau,2,14,0.002127084001344198,0.002127084001344198,10000,16,,False,budget_exhausted,0.001940502999786986
CDA (budgeted),himmelblau,2,15,0.0001829877131683904,0.0001829877131683904,10000,11,,False,budget_exhausted,0.0015104359999895678
CDA (budgeted),himmelblau,2,16,0.0020545758749873507,0.0020545758749873507,10000,15,,False,budget_exhausted,0.001988781000363815
CDA (budgeted),himmelblau,2,17,0.0005638562066077386,0.0005638562066077386,10000,12,,False,budget_exhausted,0.0015990450001481804
CDA (budgeted),himmelblau,2,18,0.00015077951116138392,0.00015077951116138392,10000,9,,False,budget_exhausted,0.0014277629998105112
CDA (budgeted),himmelblau,2,19,0.0006243582318538795,0.0006243582318538795,10000,17,,False,budget_exhausted,0.0019844039998133667
CDA (budgeted),himmelblau,2,20,0.0021657865482496235,0.0021657865482496235,10000,17,,False,budget_exhausted,0.001923415999954159
CDA (budgeted),himmelblau,2,21,0.0017635163526131083,0.0017635163526131083,10000,16,,False,budget_exhausted,0.001924619000419625
CDA (budgeted),himmelblau,2,22,0.002585545953058017,0.002585545953058017,10000,16,,False,budget_exhausted,0.00190575800024817
CDA (budgeted),himmelblau,2,23,0.0015870992233446783,0.0015870992233446783,10000,16,,False,budget_exhausted,0.0018806909993145382
CDA (budgeted),himmelblau,2,24,0.00028093723638190085,0.00028093723638190085,10000,10,,False,budget_exhausted,0.0014586510005756281
CDA (budgeted),himmelblau,2,25,0.00024422756393880767,0.00024422756393880767,10000,11,,False,budget_exhausted,0.0015470680000362336
CDA (budgeted),himmelblau,2,26,0.00018517560836243648,0.00018517560836243648,10000,16,,False,budget_exhausted,0.0019068309993599541
CDA (budgeted),himmelblau,2,27,0.00022030539627261323,0.00022030539627261323,10000,17,,False,budget_exhausted,0.001998547000766848
CDA (budgeted),himmelblau,2,28,0.0005727997976065122,0.0005727997976065122,10000,11,,False,budget_exhausted,0.001528423000308976
CDA (budgeted),himmelblau,2,29,0.0003604365011154388,0.0003604365011154388,10000,15,,False,budget_exhausted,0.0018417060000501806
PSO,himmelblau,2,0,4.760981802803867e-22,4.760981802803867e-22,10000,199,1150,True,budget_exhausted,0.006034616999386344
PSO,himmelblau,2,1,2.847572454744312e-19,2.847572454744312e-19,10000,199,2050,True,budget_exhausted,0.0061324779999267776
PSO,himmelblau,2,2,1.7685577638352107e-18,1.7685577638352107e-18,10000,199,2000,True,budget_exhausted,0.006088491999435064
PSO,himmelblau,2,3,2.0973626264298066e-19,2.0973626264298066e-19,10000,199,1800,True,budget_exhausted,0.0061325930000748485
PSO,himmelblau,2,4,2.0916103534543612e-20,2.0916103534543612e-20,10000,199,1300,True,budget_exhausted,0.006105817999923602
PSO,himmelblau,2,5,6.047004086630729e-21,6.047004086630729e-21,10000,199,2050,True,budget_exhausted,0.00610247500026162
PSO,himmelblau,2,6,3.821061248287124e-20,3.821061248287124e-20,10000,199,1600,True,budget_exhausted,0.006188457000462222
PSO,himmelblau,2,7,3.881265729779311e-21,3.881265729779311e-21,10000,199,2000,True,budget_exhausted,0.006181362999996054
PSO,himmelblau,2,8,2.1638829272878018e-19,2.1638829272878018e-19,10000,199,2100,True,budget_exhausted,0.0061263119996510795
PSO,himmelblau,2,9,5.1708852311984485e-19,5.1708852311984485e-19,10000,199,1850,True,budget_exhausted,0.0061050739996062475
PSO,himmelblau,2,10,8.098102888407716e-20,8.098102888407716e-20,10000,199,1400,True,budget_exhausted,0.0061578570002893684
PSO,himmelblau,2,11,3.316938042109535e-23,3.316938042109535e-23,10000,199,1950,True,budget_exhausted,0.0062288620001709205
PSO,himmelblau,2,12,5.006778664450051e-20,5.006778664450051e-20,10000,199,1350,True,budget_exhausted,0.006157300999802828
PSO,himmelblau,2,13,9.248978133161544e-20,9.248978133161544e-20,10000,199,1250,True,budget_exhausted,0.006258262000301329
PSO,himmelblau,2,14,1.566958618283598e-21,1.566958618283598e-21,10000,199,2500,True,budget_exhausted,0.006154523000077461
PSO,himmelblau,2,15,8.847218841832919e-20,8.847218841832919e-20,10000,199,2100,True,budget_exhausted,0.006238230999770167
PSO,himmelblau,2,16,2.862989962176156e-21,2.862989962176156e-21,10000,199,2350,True,budget_exhausted,0.006266673000027367
PSO,himmelblau,2,17,3.989735918075079e-20,3.989735918075079e-20,10000,199,1750,True,budget_exhausted,0.006248873000004096
PSO,himmelblau,2,18,1.3209867764654645e-19,1.3209867764654645e-19,10000,199,1900,True,budget_exhausted,0.006216324999513745
PSO,himmelblau,2,19,2.230919465892919e-22,2.230919465892919e-22,10000,199,1700,True,budget_exhausted,0.006072610000046552
PSO,himmelblau,2,20,1.50354673413703e-20,1.50354673413703e-20,10000,199,1400,True,budget_exhausted,0.006083268000111275
PSO,himmelblau,2,21,4.908248987220764e-19,4.908248987220764e-19,10000,199,2200,True,budget_exhausted,0.006173273000058543
PSO,himmelblau,2,22,7.359407336943135e-21,7.359407336943135e-21,10000,199,2050,True,budget_exhausted,0.006177283000397438
PSO,himmelblau,2,23,1.2832869708633563e-19,1.2832869708633563e-19,10000,199,1750,True,budget_exhausted,0.006196669000019028
PSO,himmelblau,2,24,1.0681693810236136e-19,1.0681693810236136e-19,10000,199,1500,True,budget_exhausted,0.006206035999639425
PSO,himmelblau,2,25,1.4579419736536667e-20,1.4579419736536667e-20,10000,199,1750,True,budget_exhausted,0.0061983189998500166
PSO,himmelblau,2,26,2.303871886049822e-19,2.303871886049822e-19,10000,199,1300,True,budget_exhausted,0.0061732409994874615
PSO,himmelblau,2,27,2.641067340320141e-19,2.641067340320141e-19,10000,199,1700,True,budget_exhausted,0.0060686689994327025
PSO,himmelblau,2,28,1.5368113526308073e-20,1.5368113526308073e-20,10000,199,1950,True,budget_exhausted,0.006040522000148485
PSO,himmelblau,2,29,2.3002474377995134e-20,2.3002474377995134e-20,10000,199,2300,True,budget_exhausted,0.006223936000424146
GA,himmelblau,2,0,3.3714983055482574e-05,3.3714983055482574e-05,10000,199,600,True,budget_exhausted,0.010596373000225867
GA,himmelblau,2,1,8.914579362771911e-22,8.914579362771911e-22,10000,199,650,True,budget_exhausted,0.01042222900014167
GA,himmelblau,2,2,0.0005635644774979262,0.0005635644774979262,10000,199,,False,budget_exhausted,0.010875616999328486
GA,himmelblau,2,3,0.0,0.0,10000,199,650,True,budget_exhausted,0.010580667000795074
GA,himmelblau,2,4,0.0,0.0,10000,199,500,True,budget_exhausted,0.010534269999880053
GA,himmelblau,2,5,4.038606410618973e-09,4.038606410618973e-09,10000,199,950,True,budget_exhausted,0.010670124999705877
GA,himmelblau,2,6,0.0,0.0,10000,199,600,True,budget_exhausted,0.010643776000506477
GA,himmelblau,2,7,0.0044355425075595575,0.0044355425075595575,10000,199,,False,budget_exhausted,0.010956725000141887
GA,himmelblau,2,8,0.0,0.0,10000,199,600,True,budget_exhausted,0.010811055999511154
GA,himmelblau,2,9,0.0,0.0,10000,199,500,True,budget_exhausted,0.010813234999659471
GA,himmelblau,2,10,0.0,0.0,10000,199,600,True,budget_exhausted,0.010785823999867716
GA,himmelblau,2,11,7.348353376635716e-10,7.348353376635716e-10,10000,199,950,True,budget_exhausted,0.010887974000070244
GA,himmelblau,2,12,7.099748146989106e-30,7.099748146989106e-30,10000,199,750,True,budget_exhausted,0.010725279999860504
GA,himmelblau,2,13,4.696195904848333e-06,4.696195904848333e-06,10000,199,350,True,budget_exhausted,0.010955800000374438
GA,himmelblau,2,14,1.9899016334200023e-26,1.9899016334200023e-26,10000,199,550,True,budget_exhausted,0.010901822000050743
GA,himmelblau,2,15,5.36425415550288e-29,5.36425415550288e-29,10000,199,850,True,budget_exhausted,0.011358360000485845
GA,himmelblau,2,16,2.6047370160376883e-13,2.6047370160376883e-13,10000,199,500,True,budget_exhausted,0.010909612999967067
GA,himmelblau,2,17,3.377911884599689e-10,3.377911884599689e-10,10000,199,800,True,budget_exhausted,0.01099584900021
GA,himmelblau,2,18,4.601950225393101e-18,4.601950225393101e-18,10000,199,800,True,budget_exhausted,0.01086835699970834
GA,himmelblau,2,19,0.0,0.0,10000,199,550,True,budget_exhausted,0.010827114999301557
GA,himmelblau,2,20,2.640508509337684e-06,2.640508509337684e-06,10000,199,1300,True,budget_exhausted,0.010997137000231305
GA,himmelblau,2,21,2.346804002633223e-10,2.346804002633223e-10,10000,199,500,True,budget_exhausted,0.010887309000281675
GA,himmelblau,2,22,3.51650000366146e-07,3.51650000366146e-07,10000,199,7950,True,budget_exhausted,0.010785576000671426
GA,himmelblau,2,23,2.092311556135794e-25,2.092311556135794e-25,10000,199,450,True,budget_exhausted,0.010596136999993178
GA,himmelblau,2,24,5.310347856944098e-06,5.310347856944098e-06,10000,199,1000,True,budget_exhausted,0.010858585000278254
GA,himmelblau,2,25,2.1579973788543282e-05,2.1579973788543282e-05,10000,199,7200,True,budget_exhausted,0.011047395000787219
GA,himmelblau,2,26,0.0,0.0,10000,199,550,True,budget_exhausted,0.010772608999104705
GA,himmelblau,2,27,1.7056791265881823e-13,1.7056791265881823e-13,10000,199,550,True,budget_exhausted,0.010833087000719388
GA,himmelblau,2,28,0.008786206406703882,0.008786206406703882,10000,199,,False,budget_exhausted,0.010731718999522855
GA,himmelblau,2,29,1.9616876360728147e-17,1.9616876360728147e-17,10000,199,750,True,budget_exhausted,0.010903761000008672
DE,himmelblau,2,0,7.099748146989106e-30,7.099748146989106e-30,10000,199,2000,True,budget_exhausted,0.012453499999537598
DE,himmelblau,2,1,0.0,0.0,10000,199,2600,True,budget_exhausted,0.012351501000011922
DE,himmelblau,2,2,0.0,0.0,10000,199,2750,True,budget_exhausted,0.012352580999504426
DE,himmelblau,2,3,0.0,0.0,10000,199,1700,True,budget_exhausted,0.012257772000339173
DE,himmelblau,2,4,0.0,0.0,10000,199,1600,True,budget_exhausted,0.012317875000007916
DE,himmelblau,2,5,0.0,0.0,10000,199,2000,True,budget_exhausted,0.012232498999765085
DE,himmelblau,2,6,6.148381895292566e-26,6.148381895292566e-26,10000,199,1850,True,budget_exhausted,0.012406361999637738
DE,himmelblau,2,7,1.1675141397270975e-28,1.1675141397270975e-28,10000,199,2550,True,budget_exhausted,0.01238101800026925
DE,himmelblau,2,8,0.0,0.0,10000,199,2000,True,budget_exhausted,0.012283441000363382
DE,himmelblau,2,9,0.0,0.0,10000,199,1650,True,budget_exhausted,0.012486194999837608
DE,himmelblau,2,10,0.0,0.0,10000,199,2250,True,budget_exhausted,0.012459261000003607
DE,himmelblau,2,11,0.0,0.0,10000,199,2350,True,budget_exhausted,0.012552672999845527
DE,himmelblau,2,12,0.0,0.0,10000,199,1500,True,budget_exhausted,0.012433961000169802
DE,himmelblau,2,13,0.0,0.0,10000,199,1700,True,budget_exhausted,0.01241913800004113
DE,himmelblau,2,14,0.0,0.0,10000,199,1900,True,budget_exhausted,0.012450969000383338
DE,himmelblau,2,15,0.0,0.0,10000,199,2100,True,budget_exhausted,0.012361633999717014
DE,himmelblau,2,16,0.0,0.0,10000,199,2450,True,budget_exhausted,0.012544924999929208
DE,himmelblau,2,17,0.0,0.0,10000,199,1950,True,budget_exhausted,0.01235315299982176
DE,himmelblau,2,18,0.0,0.0,10000,199,2150,True,budget_exhausted,0.01240365000012389
DE,himmelblau,2,19,0.0,0.0,10000,199,2100,True,budget_exhausted,0.01247413399960351
DE,himmelblau,2,20,0.0,0.0,10000,199,2150,True,budget_exhausted,0.012372911000056774
DE,himmelblau,2,21,0.0,0.0,10000,199,2200,True,budget_exhausted,0.012461348999750044
DE,himmelblau,2,22,0.0,0.0,10000,199,1750,True,budget_exhausted,0.01254631000028894
DE,himmelblau,2,23,7.099748146989106e-30,7.099748146989106e-30,10000,199,2150,True,budget_exhausted,0.012267207000149938
DE,himmelblau,2,24,0.0,0.0,10000,199,2150,True,budget_exhausted,0.012261107000085758
DE,himmelblau,2,25,0.0,0.0,10000,199,2700,True,budget_exhausted,0.012240939000548678
DE,himmelblau,2,26,0.0,0.0,10000,199,1400,True,budget_exhausted,0.01244681399930414
DE,himmelblau,2,27,0.0,0.0,10000,199,1450,True,budget_exhausted,0.01238720099991042
DE,himmelblau,2,28,7.099748146989106e-30,7.099748146989106e-30,10000,199,2400,True,budget_exhausted,0.012463258000025235
DE,himmelblau,2,29,0.0,0.0,10000,199,2350,True,budget_exhausted,0.012564652000037313
Random,himmelblau,2,0,0.007902710186684318,0.007902710186684318,10000,200,,False,budget_exhausted,0.0036757449997821823
Random,himmelblau,2,1,0.0020019746098230676,0.0020019746098230676,10000,200,,False,budget_exhausted,0.00366491800014046
Random,himmelblau,2,2,0.04938467555768254,0.04938467555768254,10000,200,,False,budget_exhausted,0.0036538320000545355
Random,himmelblau,2,3,0.030153457041619352,0.030153457041619352,10000,200,,False,budget_exhausted,0.00362960800066503
Random,himmelblau,2,4,0.02473523106802903,0.02473523106802903,10000,200,,False,budget_exhausted,0.003615116999753809
Random,himmelblau,2,5,0.02621548385648291,0.02621548385648291,10000,200,,False,budget_exhausted,0.003653918999589223
Random,himmelblau,2,6,0.02248585926588685,0.02248585926588685,10000,200,,False,budget_exhausted,0.003663497000161442
Random,himmelblau,2,7,0.02655994724432169,0.02655994724432169,10000,200,,False,budget_exhausted,0.003675675999147643
Random,himmelblau,2,8,0.06644927789666806,0.06644927789666806,10000,200,,False,budget_exhausted,0.0036311969997768756
Random,himmelblau,2,9,0.05268365042091384,0.05268365042091384,10000,200,,False,budget_exhausted,0.003647442999863415
Random,himmelblau,2,10,0.012479143381196026,0.012479143381196026,10000,200,,False,budget_exhausted,0.003740416000255209
Random,himmelblau,2,11,0.01607473445963122,0.01607473445963122,10000,200,,False,budget_exhausted,0.0036355689999254537
Random,himmelblau,2,12,0.0002755657234402815,0.0002755657234402815,10000,200,,False,budget_exhausted,0.0037260339995555114
Random,himmelblau,2,13,0.013000333901688987,0.013000333901688987,10000,200,,False,budget_exhausted,0.0036457359992709826
Random,himmelblau,2,14,0.03187744916286072,0.03187744916286072,10000,200,,False,budget_exhausted,0.003651319999335101
Random,himmelblau,2,15,0.0418296711247843,0.0418296711247843,10000,200,,False,budget_exhausted,0.0036585790003300644
Random,himmelblau,2,16,0.010887021834986578,0.010887021834986578,10000,200,,False,budget_exhausted,0.003638815999693179
Random,himmelblau,2,17,0.06037385773250936,0.06037385773250936,10000,200,,False,budget_exhausted,0.0036818199996559997
Random,himmelblau,2,18,0.017774733493493428,0.017774733493493428,10000,200,,False,budget_exhausted,0.0036359379992063623
Random,himmelblau,2,19,0.024087549914766436,0.024087549914766436,10000,200,,False,budget_exhausted,0.0036786880000363453
Random,himmelblau,2,20,0.08354744124546865,0.08354744124546865,10000,200,,False,budget_exhausted,0.0036640950002038153
Random,himmelblau,2,21,0.037326220675540436,0.037326220675540436,10000,200,,False,budget_exhausted,0.003662973999780661
Random,himmelblau,2,22,0.026020335018947717,0.026020335018947717,10000,200,,False,budget_exhausted,0.0036849150001216913
Random,himmelblau,2,23,0.002630536116482667,0.002630536116482667,10000,200,,False,budget_exhausted,0.00364783900022303
Random,himmelblau,2,24,0.002960704224264457,0.002960704224264457,10000,200,,False,budget_exhausted,0.0036588889997801743
Random,himmelblau,2,25,0.012526778048165361,0.012526778048165361,10000,200,,False,budget_exhausted,0.003671683999527886
Random,himmelblau,2,26,0.014963976051594738,0.014963976051594738,10000,200,,False,budget_exhausted,0.0036410130005606334
Random,himmelblau,2,27,0.008191450339396765,0.008191450339396765,10000,200,,False,budget_exhausted,0.0036752759997398243
Random,himmelblau,2,28,0.014119986148497783,0.014119986148497783,10000,200,,False,budget_exhausted,0.003644593999524659
Random,himmelblau,2,29,0.03234853140733712,0.03234853140733712,10000,200,,False,budget_exhausted,0.003693935999763198
CDA (paper),sphere_2d,2,0,2.436645399695491e-08,2.436645399695491e-08,7167,13,3606,True,extinction,0.0018700849996093893
CDA (paper),sphere_2d,2,1,3.781190211712202e-09,3.781190211712202e-09,6830,21,1684,True,extinction,0.002157372999135987
CDA (paper),sphere_2d,2,2,6.670527405967438e-11,6.670527405967438e-11,7716,18,4744,True,mean_gap,0.002060587999949348
CDA (paper),sphere_2d,2,3,1.1054164721324774e-10,1.1054164721324774e-10,6497,17,1224,True,mean_gap,0.0018765370004985016
CDA (paper),sphere_2d,2,4,5.825960406222522e-09,5.825960406222522e-09,8154,15,3846,True,extinction,0.0019521389995134086
CDA (paper),sphere_2d,2,5,8.817160919666702e-11,8.817160919666702e-11,7806,17,4708,True,extinction,0.0020219150001139496
CDA (paper),sphere_2d,2,6,8.372686363238936e-09,8.372686363238936e-09,6358,15,2277,True,extinction,0.0017659229997661896
CDA (paper),sphere_2d,2,7,1.852623421359443e-09,1.852623421359443e-09,6866,16,4601,True,mean_gap,0.0018091149995598244
CDA (paper),sphere_2d,2,8,8.143831154560516e-09,8.143831154560516e-09,7687,14,2219,True,extinction,0.0018070999994961312
CDA (paper),sphere_2d,2,9,6.646221722625901e-08,6.646221722625901e-08,5957,12,2966,True,extinction,0.0014735900003870483
CDA (paper),sphere_2d,2,10,4.3935842646905317e-07,4.3935842646905317e-07,6085,13,2217,True,extinction,0.001496865999797592
CDA (paper),sphere_2d,2,11,3.974975475874236e-10,3.974975475874236e-10,6975,17,3001,True,mean_gap,0.001849000999754935
CDA (paper),sphere_2d,2,12,2.4921263763539993e-10,2.4921263763539993e-10,8113,15,4595,True,extinction,0.0018467590007276158
CDA (paper),sphere_2d,2,13,1.8108708657483213e-08,1.8108708657483213e-08,6776,14,3595,True,extinction,0.0017099930000767927
CDA (paper),sphere_2d,2,14,2.442133669892844e-10,2.442133669892844e-10,6682,18,2848,True,mean_gap,0.0019045729995923466
CDA (paper),sphere_2d,2,15,4.143069141013698e-11,4.143069141013698e-11,7615,18,3801,True,extinction,0.002020717999585031
CDA (paper),sphere_2d,2,16,8.501234493316799e-09,8.501234493316799e-09,7049,14,4409,True,extinction,0.0017339389996777754
CDA (paper),sphere_2d,2,17,3.334044313162838e-08,3.334044313162838e-08,6470,22,2287,True,mean_gap,0.002045532999545685
CDA (paper),sphere_2d,2,18,2.2998112692087295e-07,2.2998112692087295e-07,5726,15,4437,True,extinction,0.0015788219998285058
CDA (paper),sphere_2d,2,19,2.9623388000303058e-09,2.9623388000303058e-09,6243,13,3738,True,extinction,0.0015118549999897368
CDA (paper),sphere_2d,2,20,2.4236019040085726e-09,2.4236019040085726e-09,7402,22,4280,True,mean_gap,0.0022107290005806135
CDA (paper),sphere_2d,2,21,1.470297453727518e-10,1.470297453727518e-10,6434,16,2266,True,extinction,0.0018031619993053027
CDA (paper),sphere_2d,2,22,4.005808870012709e-11,4.005808870012709e-11,5656,18,4121,True,extinction,0.0017671410005277721
CDA (paper),sphere_2d,2,23,1.7702009772038414e-09,1.7702009772038414e-09,6528,19,3500,True,mean_gap,0.0018801659998644027
CDA (paper),sphere_2d,2,24,1.2441558817093214e-09,1.2441558817093214e-09,7806,15,2863,True,extinction,0.0017951170002561412
CDA (paper),sphere_2d,2,25,6.279567976619175e-12,6.279567976619175e-12,6518,18,3603,True,extinction,0.00184141699992324
CDA (paper),sphere_2d,2,26,2.632122018777109e-08,2.632122018777109e-08,7867,19,4050,True,mean_gap,0.0020496480001384043
CDA (paper),sphere_2d,2,27,1.2226125490272354e-09,1.2226125490272354e-09,7139,21,2733,True,mean_gap,0.002035354000327061
CDA (paper),sphere_2d,2,28,7.434353807705131e-09,7.434353807705131e-09,6097,14,3884,True,extinction,0.001573190999806684
CDA (paper),sphere_2d,2,29,4.343501850105821e-08,4.343501850105821e-08,6134,23,3994,True,mean_gap,0.00203674200020032
CDA (budgeted),sphere_2d,2,0,9.768564462073358e-05,9.768564462073358e-05,10000,16,7455,True,budget_exhausted,0.0020685099998445367
CDA (budgeted),sphere_2d,2,1,7.102548978651762e-05,7.102548978651762e-05,10000,10,6231,True,budget_exhausted,0.001607717999831948
CDA (budgeted),sphere_2d,2,2,9.753173764340727e-06,9.753173764340727e-06,10000,16,4996,True,budget_exhausted,0.0019695170003615203
CDA (budgeted),sphere_2d,2,3,1.7395321787011881e-06,1.7395321787011881e-06,10000,10,6360,True,budget_exhausted,0.0016113599995151162
CDA (budgeted),sphere_2d,2,4,8.511957875937705e-05,8.511957875937705e-05,10000,17,7659,True,budget_exhausted,0.0019791539998550434
CDA (budgeted),sphere_2d,2,5,6.199287311803135e-05,6.199287311803135e-05,10000,18,9363,True,budget_exhausted,0.0021011059998272685
CDA (budgeted),sphere_2d,2,6,1.927804475793852e-06,1.927804475793852e-06,10000,10,4656,True,budget_exhausted,0.001535277000584756
CDA (budgeted),sphere_2d,2,7,5.254316275500289e-05,5.254316275500289e-05,10000,10,6070,True,budget_exhausted,0.001614580999557802
CDA (budgeted),sphere_2d,2,8,0.00012898158927642834,0.00012898158927642834,10000,14,,False,budget_exhausted,0.0018266059996676631
CDA (budgeted),sphere_2d,2,9,8.095784118022351e-06,8.095784118022351e-06,10000,11,4488,True,budget_exhausted,0.0016501469999639085
CDA (budgeted),sphere_2d,2,10,3.246812949143812e-05,3.246812949143812e-05,10000,17,7248,True,budget_exhausted,0.002034631999777048
CDA (budgeted),sphere_2d,2,11,8.553411694353603e-05,8.553411694353603e-05,10000,9,10000,True,budget_exhausted,0.0014939189995857305
CDA (budgeted),sphere_2d,2,12,4.1452032408134975e-05,4.1452032408134975e-05,10000,12,7632,True,budget_exhausted,0.0017024709995894227
CDA (budgeted),sphere_2d,2,13,3.767742554916366e-05,3.767742554916366e-05,10000,10,7889,True,budget_exhausted,0.001631151000765385
CDA (budgeted),sphere_2d,2,14,3.0576501529474046e-06,3.0576501529474046e-06,10000,11,6404,True,budget_exhausted,0.0016342819999408675
CDA (budgeted),sphere_2d,2,15,9.58745943611965e-06,9.58745943611965e-06,10000,10,6254,True,budget_exhausted,0.0016365359997507767
CDA (budgeted),sphere_2d,2,16,0.00018432845032293038,0.00018432845032293038,10000,16,,False,budget_exhausted,0.0020142119992669905
CDA (budgeted),sphere_2d,2,17,1.2974065922408962e-05,1.2974065922408962e-05,10000,11,9695,True,budget_exhausted,0.0018346009992455947
CDA (budgeted),sphere_2d,2,18,1.4571668263916092e-05,1.4571668263916092e-05,10000,10,8190,True,budget_exhausted,0.001647179999963555
CDA (budgeted),sphere_2d,2,19,2.137752387357389e-05,2.137752387357389e-05,10000,16,9335,True,budget_exhausted,0.0019599399993239786
CDA (budgeted),sphere_2d,2,20,2.8519957424040198e-05,2.8519957424040198e-05,10000,10,6011,True,budget_exhausted,0.0016162639994945494
CDA (budgeted),sphere_2d,2,21,0.0001206287836562278,0.0001206287836562278,10000,16,,False,budget_exhausted,0.00199188700025843
CDA (budgeted),sphere_2d,2,22,3.9291078909166365e-05,3.9291078909166365e-05,10000,15,9740,True,budget_exhausted,0.0019704839996848023
CDA (budgeted),sphere_2d,2,23,8.253305565823042e-05,8.253305565823042e-05,10000,17,7858,True,budget_exhausted,0.0021123550004631397
CDA (budgeted),sphere_2d,2,24,2.691010430188977e-05,2.691010430188977e-05,10000,16,8183,True,budget_exhausted,0.002030668999395857
CDA (budgeted),sphere_2d,2,25,4.614293038039133e-06,4.614293038039133e-06,10000,17,4592,True,budget_exhausted,0.0020519760000752285
CDA (budgeted),sphere_2d,2,26,1.1988872570189681e-05,1.1988872570189681e-05,10000,10,6650,True,budget_exhausted,0.0017167800006063771
CDA (budgeted),sphere_2d,2,27,4.560450156574153e-05,4.560450156574153e-05,10000,12,4085,True,budget_exhausted,0.0017383069998686551
CDA (budgeted),sphere_2d,2,28,2.434283325598032e-05,2.434283325598032e-05,10000,10,9643,True,budget_exhausted,0.0015989040002750698
CDA (budgeted),sphere_2d,2,29,2.2235603205024646e-05,2.2235603205024646e-05,10000,9,3056,True,budget_exhausted,0.0015435929999512155
PSO,sphere_2d,2,0,5.499650967502258e-22,5.499650967502258e-22,10000,199,1000,True,budget_exhausted,0.0062952660000519245
PSO,sphere_2d,2,1,1.812934548830912e-21,1.812934548830912e-21,10000,199,1400,True,budget_exhausted,0.006255305999729899
PSO,sphere_2d,2,2,1.624919989490121e-21,1.624919989490121e-21,10000,199,650,True,budget_exhausted,0.006269471999985399
PSO,sphere_2d,2,3,2.2507934548260402e-21,2.2507934548260402e-21,10000,199,1150,True,budget_exhausted,0.006294681000326818
PSO,sphere_2d,2,4,4.675070827034682e-22,4.675070827034682e-22,10000,199,1400,True,budget_exhausted,0.006229468000128691
PSO,sphere_2d,2,5,2.0181386334210716e-21,2.0181386334210716e-21,10000,199,1450,True,budget_exhausted,0.00622270199983177
PSO,sphere_2d,2,6,1.2742700210209139e-21,1.2742700210209139e-21,10000,199,1800,True,budget_exhausted,0.006407017999663367
PSO,sphere_2d,2,7,1.5257989856603766e-24,1.5257989856603766e-24,10000,199,150,True,budget_exhausted,0.006374894000146014
PSO,sphere_2d,2,8,9.07517520042887e-22,9.07517520042887e-22,10000,199,450,True,budget_exhausted,0.006388638999851537
PSO,sphere_2d,2,9,1.3200258254906607e-22,1.3200258254906607e-22,10000,199,950,True,budget_exhausted,0.006340009000268765
PSO,sphere_2d,2,10,2.0002813074387193e-23,2.0002813074387193e-23,10000,199,1550,True,budget_exhausted,0.0063624330005040974
PSO,sphere_2d,2,11,1.2075935196373446e-21,1.2075935196373446e-21,10000,199,1150,True,budget_exhausted,0.0063511759999528294
PSO,sphere_2d,2,12,4.048053242018041e-21,4.048053242018041e-21,10000,199,1050,True,budget_exhausted,0.006355616000291775
PSO,sphere_2d,2,13,3.353379516196861e-20,3.353379516196861e-20,10000,199,1250,True,budget_exhausted,0.006369230000018433
PSO,sphere_2d,2,14,7.561613473203277e-21,7.561613473203277e-21,10000,199,1300,True,budget_exhausted,0.00634951100073522
PSO,sphere_2d,2,15,7.067131588457476e-23,7.067131588457476e-23,10000,199,1500,True,budget_exhausted,0.006375111000124889
PSO,sphere_2d,2,16,1.0813590943381418e-21,1.0813590943381418e-21,10000,199,1400,True,budget_exhausted,0.006312952999905974
PSO,sphere_2d,2,17,9.429552124100994e-22,9.429552124100994e-22,10000,199,1050,True,budget_exhausted,0.006332617000225582
PSO,sphere_2d,2,18,2.5013798158807416e-21,2.5013798158807416e-21,10000,199,1450,True,budget_exhausted,0.006354653999551374
PSO,sphere_2d,2,19,3.352495474095829e-22,3.352495474095829e-22,10000,199,1450,True,budget_exhausted,0.0063247670004784595
PSO,sphere_2d,2,20,8.355756703063897e-24,8.355756703063897e-24,10000,199,1400,True,budget_exhausted,0.006394418999661866
PSO,sphere_2d,2,21,1.456568575495147e-20,1.456568575495147e-20,10000,199,1050,True,budget_exhausted,0.006304917999841564
PSO,sphere_2d,2,22,9.598287303306912e-20,9.598287303306912e-20,10000,199,1350,True,budget_exhausted,0.006304556999566557
PSO,sphere_2d,2,23,1.1906973103852496e-20,1.1906973103852496e-20,10000,199,1100,True,budget_exhausted,0.0062669819999428
PSO,sphere_2d,2,24,2.18483415264534e-21,2.18483415264534e-21,10000,199,1300,True,budget_exhausted,0.006310187000053702
PSO,sphere_2d,2,25,2.124058263148558e-20,2.124058263148558e-20,10000,199,1300,True,budget_exhausted,0.006253315999856568
PSO,sphere_2d,2,26,4.707820451412666e-21,4.707820451412666e-21,10000,199,1450,True,budget_exhausted,0.006170972999825608
PSO,sphere_2d,2,27,6.768941929625662e-23,6.768941929625662e-23,10000,199,1550,True,budget_exhausted,0.006263205000323069
PSO,sphere_2d,2,28,2.782847023749977e-22,2.782847023749977e-22,10000,199,1100,True,budget_exhausted,0.006377300000167452
PSO,sphere_2d,2,29,3.563306875874747e-23,3.563306875874747e-23,10000,199,1200,True,budget_exhausted,0.006366282999806572
GA,sphere_2d,2,0,0.0,0.0,10000,199,450,True,budget_exhausted,0.010846729999684612
GA,sphere_2d,2,1,0.0,0.0,10000,199,450,True,budget_exhausted,0.010730940999565064
GA,sphere_2d,2,2,0.0,0.0,10000,199,650,True,budget_exhausted,0.010448337000525498
GA,sphere_2d,2,3,0.0,0.0,10000,199,400,True,budget_exhausted,0.010637440000209608
GA,sphere_2d,2,4,0.0,0.0,10000,199,300,True,budget_exhausted,0.01068094999936875
GA,sphere_2d,2,5,0.0,0.0,10000,199,350,True,budget_exhausted,0.010605558000861492
GA,sphere_2d,2,6,0.0,0.0,10000,199,450,True,budget_exhausted,0.01033757200002583
GA,sphere_2d,2,7,0.0,0.0,10000,199,500,True,budget_exhausted,0.0105796529996951
GA,sphere_2d,2,8,2.359221041240825e-21,2.359221041240825e-21,10000,199,450,True,budget_exhausted,0.010745347000010952
GA,sphere_2d,2,9,1.0990726384210327e-05,1.0990726384210327e-05,10000,199,800,True,budget_exhausted,0.010931552999863925
GA,sphere_2d,2,10,0.0,0.0,10000,199,500,True,budget_exhausted,0.010698766999666987
GA,sphere_2d,2,11,5.295854825287134e-17,5.295854825287134e-17,10000,199,350,True,budget_exhausted,0.010782131999803823
GA,sphere_2d,2,12,0.0,0.0,10000,199,350,True,budget_exhausted,0.010548706000008679
GA,sphere_2d,2,13,1.5620256748279931e-06,1.5620256748279931e-06,10000,199,400,True,budget_exhausted,0.010782452999592351
GA,sphere_2d,2,14,0.0,0.0,10000,199,450,True,budget_exhausted,0.010583106000012776
GA,sphere_2d,2,15,0.0,0.0,10000,199,500,True,budget_exhausted,0.011825087000033818
GA,sphere_2d,2,16,7.888609052210118e-31,7.888609052210118e-31,10000,199,600,True,budget_exhausted,0.013439945999380143
GA,sphere_2d,2,17,1.7962259230917924e-14,1.7962259230917924e-14,10000,199,450,True,budget_exhausted,0.010599864000141679
GA,sphere_2d,2,18,7.423181118129721e-27,7.423181118129721e-27,10000,199,550,True,budget_exhausted,0.010678964999897289
GA,sphere_2d,2,19,0.0,0.0,10000,199,350,True,budget_exhausted,0.01070273100049235
GA,sphere_2d,2,20,2.6093310182904295e-19,2.6093310182904295e-19,10000,199,450,True,budget_exhausted,0.010683972000151698
GA,sphere_2d,2,21,1.2560162178074464e-20,1.2560162178074464e-20,10000,199,650,True,budget_exhausted,0.010619000999213313
GA,sphere_2d,2,22,0.0,0.0,10000,199,550,True,budget_exhausted,0.01054220100013481
GA,sphere_2d,2,23,0.0,0.0,10000,199,400,True,budget_exhausted,0.010622189000059734
GA,sphere_2d,2,24,0.0,0.0,10000,199,500,True,budget_exhausted,0.010554700000284356
GA,sphere_2d,2,25,0.0,0.0,10000,199,600,True,budget_exhausted,0.010695758999645477
GA,sphere_2d,2,26,1.7029286852476081e-22,1.7029286852476081e-22,10000,199,550,True,budget_exhausted,0.010460735000378918
GA,sphere_2d,2,27,0.0,0.0,10000,199,650,True,budget_exhausted,0.010426416999507637
GA,sphere_2d,2,28,0.0,0.0,10000,199,450,True,budget_exhausted,0.010593009000331222
GA,sphere_2d,2,29,0.0,0.0,10000,199,500,True,budget_exhausted,0.010624141999869607
DE,sphere_2d,2,0,0.0,0.0,10000,199,900,True,budget_exhausted,0.01239774799978477
DE,sphere_2d,2,1,0.0,0.0,10000,199,950,True,budget_exhausted,0.012163596999926085
DE,sphere_2d,2,2,0.0,0.0,10000,199,750,True,budget_exhausted,0.012342436999460915
DE,sphere_2d,2,3,0.0,0.0,10000,199,700,True,budget_exhausted,0.012377981999634358
DE,sphere_2d,2,4,0.0,0.0,10000,199,1000,True,budget_exhausted,0.012200115000268852
DE,sphere_2d,2,5,0.0,0.0,10000,199,1000,True,budget_exhausted,0.01199497000015981
DE,sphere_2d,2,6,0.0,0.0,10000,199,1050,True,budget_exhausted,0.012299074999646109
DE,sphere_2d,2,7,0.0,0.0,10000,199,1050,True,budget_exhausted,0.012029407999762043
DE,sphere_2d,2,8,0.0,0.0,10000,199,800,True,budget_exhausted,0.012316811999880883
DE,sphere_2d,2,9,0.0,0.0,10000,199,800,True,budget_exhausted,0.01230347500040807
DE,sphere_2d,2,10,0.0,0.0,10000,199,700,True,budget_exhausted,0.012359493999611004
DE,sphere_2d,2,11,0.0,0.0,10000,199,950,True,budget_exhausted,0.012338724000073853
DE,sphere_2d,2,12,0.0,0.0,10000,199,950,True,budget_exhausted,0.01235017599992716
DE,sphere_2d,2,13,0.0,0.0,10000,199,900,True,budget_exhausted,0.012284935000025143
DE,sphere_2d,2,14,0.0,0.0,10000,199,850,True,budget_exhausted,0.01229954300015379
DE,sphere_2d,2,15,0.0,0.0,10000,199,500,True,budget_exhausted,0.01235315099984291
DE,sphere_2d,2,16,0.0,0.0,10000,199,800,True,budget_exhausted,0.0120723359996191
DE,sphere_2d,2,17,0.0,0.0,10000,199,900,True,budget_exhausted,0.012361600999611255
DE,sphere_2d,2,18,0.0,0.0,10000,199,1100,True,budget_exhausted,0.012423783000485855
DE,sphere_2d,2,19,0.0,0.0,10000,199,700,True,budget_exhausted,0.012124808999942616
DE,sphere_2d,2,20,0.0,0.0,10000,199,950,True,budget_exhausted,0.012358628000583849
DE,sphere_2d,2,21,0.0,0.0,10000,199,850,True,budget_exhausted,0.012250445000063337
DE,sphere_2d,2,22,0.0,0.0,10000,199,1000,True,budget_exhausted,0.012334910999925341
DE,sphere_2d,2,23,0.0,0.0,10000,199,700,True,budget_exhausted,0.012169704000370984
DE,sphere_2d,2,24,0.0,0.0,10000,199,950,True,budget_exhausted,0.012140412000007927
DE,sphere_2d,2,25,0.0,0.0,10000,199,800,True,budget_exhausted,0.012336628999946697
DE,sphere_2d,2,26,0.0,0.0,10000,199,1050,True,budget_exhausted,0.012332027999946149
DE,sphere_2d,2,27,0.0,0.0,10000,199,850,True,budget_exhausted,0.012264415000572626
DE,sphere_2d,2,28,0.0,0.0,10000,199,1000,True,budget_exhausted,0.012284221000300022
DE,sphere_2d,2,29,0.0,0.0,10000,199,1100,True,budget_exhausted,0.01241428299999825
Random,sphere_2d,2,0,0.0007662784577135006,0.0007662784577135006,10000,200,,False,budget_exhausted,0.003469154000413255
Random,sphere_2d,2,1,0.0032652718638304934,0.0032652718638304934,10000,200,,False,budget_exhausted,0.0034338830000706366
Random,sphere_2d,2,2,0.0031446019864754078,0.0031446019864754078,10000,200,,False,budget_exhausted,0.0035220590007156716
Random,sphere_2d,2,3,0.004313577981873105,0.004313577981873105,10000,200,,False,budget_exhausted,0.0035212319999118336
Random,sphere_2d,2,4,0.0002385409336157645,0.0002385409336157645,10000,200,,False,budget_exhausted,0.0034829840005841106
Random,sphere_2d,2,5,0.021630957023809537,0.021630957023809537,10000,200,,False,budget_exhausted,0.0034927199994854163
Random,sphere_2d,2,6,0.004754874801461418,0.004754874801461418,10000,200,,False,budget_exhausted,0.0035022579995711567
Random,sphere_2d,2,7,0.0017281689289378828,0.0017281689289378828,10000,200,,False,budget_exhausted,0.003490238000267709
Random,sphere_2d,2,8,0.0053714475607463735,0.0053714475607463735,10000,200,,False,budget_exhausted,0.003586327999983041
Random,sphere_2d,2,9,0.0057909066245936235,0.0057909066245936235,10000,200,,False,budget_exhausted,0.0035228160004407982
Random,sphere_2d,2,10,0.0036812953006606724,0.0036812953006606724,10000,200,,False,budget_exhausted,0.00351782599955186
Random,sphere_2d,2,11,0.00035700695368886143,0.00035700695368886143,10000,200,,False,budget_exhausted,0.0035344949992577313
Random,sphere_2d,2,12,0.0020067347520351694,0.0020067347520351694,10000,200,,False,budget_exhausted,0.0035113550002279226
Random,sphere_2d,2,13,0.0032171240069000288,0.0032171240069000288,10000,200,,False,budget_exhausted,0.003527185000166355
Random,sphere_2d,2,14,0.003228572052988354,0.003228572052988354,10000,200,,False,budget_exhausted,0.003587570000490814
Random,sphere_2d,2,15,0.0012223277626769104,0.0012223277626769104,10000,200,,False,budget_exhausted,0.003513046999614744
Random,sphere_2d,2,16,0.0008265574913328363,0.0008265574913328363,10000,200,,False,budget_exhausted,0.0034765729997161543
Random,sphere_2d,2,17,0.004022394247973725,0.004022394247973725,10000,200,,False,budget_exhausted,0.0034780229998432333
Random,sphere_2d,2,18,0.0018077666866817966,0.0018077666866817966,10000,200,,False,budget_exhausted,0.003534235000188346
Random,sphere_2d,2,19,0.006104247982080547,0.006104247982080547,10000,200,,False,budget_exhausted,0.0035028080001211492
Random,sphere_2d,2,20,0.001540031992836988,0.001540031992836988,10000,200,,False,budget_exhausted,0.003492328999527672
Random,sphere_2d,2,21,0.0068625373117849105,0.0068625373117849105,10000,200,,False,budget_exhausted,0.003470973000730737
Random,sphere_2d,2,22,0.00412799045909948,0.00412799045909948,10000,200,,False,budget_exhausted,0.0035378160000618664
Random,sphere_2d,2,23,0.0006895096935916394,0.0006895096935916394,10000,200,,False,budget_exhausted,0.0034752409992506728
Random,sphere_2d,2,24,0.002474959373231568,0.002474959373231568,10000,200,,False,budget_exhausted,0.0035071820002485765
Random,sphere_2d,2,25,0.006489038616956691,0.006489038616956691,10000,200,,False,budget_exhausted,0.003496504999930039
Random,sphere_2d,2,26,0.0060733711826796155,0.0060733711826796155,10000,200,,False,budget_exhausted,0.0035509090002960875
Random,sphere_2d,2,27,0.0021179053281400115,0.0021179053281400115,10000,200,,False,budget_exhausted,0.003481472000203212
Random,sphere_2d,2,28,0.004021349457361886,0.004021349457361886,10000,200,,False,budget_exhausted,0.0034782349994202377
Random,sphere_2d,2,29,0.00042537971909244437,0.00042537971909244437,10000,200,,False,budget_exhausted,0.0036087420003241277
CDA (paper),sphere_10d,10,0,0.1599452172934635,0.1599452172934635,9783,37,,False,mean_gap,0.004753977000291343
CDA (paper),sphere_10d,10,1,0.13257590889554752,0.13257590889554752,8742,33,,False,mean_gap,0.0040757079996183165
CDA (paper),sphere_10d,10,2,0.13589300502773743,0.13589300502773743,11839,36,,False,mean_gap,0.005052645999967353
CDA (paper),sphere_10d,10,3,0.1953524180304658,0.1953524180304658,10374,37,,False,mean_gap,0.004619438000190712
CDA (paper),sphere_10d,10,4,0.31799959673917133,0.31799959673917133,10803,35,,False,mean_gap,0.0046394179998969776
CDA (paper),sphere_10d,10,5,0.08775955612776525,0.08775955612776525,9431,37,,False,mean_gap,0.004383432999929937
CDA (paper),sphere_10d,10,6,0.07155521549769668,0.07155521549769668,12429,40,,False,mean_gap,0.005259556000055454
CDA (paper),sphere_10d,10,7,0.2627058813168814,0.2627058813168814,8286,34,,False,mean_gap,0.003947807000258763
CDA (paper),sphere_10d,10,8,0.22164874000475496,0.22164874000475496,7156,35,,False,mean_gap,0.0037743640004919143
CDA (paper),sphere_10d,10,9,0.2289708799798268,0.2289708799798268,15558,40,,False,mean_gap,0.00596133999988524
CDA (paper),sphere_10d,10,10,0.1767608047698036,0.1767608047698036,8179,37,,False,mean_gap,0.004326604000198131
CDA (paper),sphere_10d,10,11,0.2090712141999092,0.2090712141999092,11929,40,,False,mean_gap,0.005179716999919037
CDA (paper),sphere_10d,10,12,0.16680448198818873,0.16680448198818873,13743,38,,False,mean_gap,0.005440482000267366
CDA (paper),sphere_10d,10,13,0.22286279723493035,0.22286279723493035,13552,37,,False,mean_gap,0.0053080199995747535
CDA (paper),sphere_10d,10,14,0.07799074070351789,0.07799074070351789,7991,39,,False,mean_gap,0.004167969999798515
CDA (paper),sphere_10d,10,15,0.2256041974713589,0.2256041974713589,8068,32,,False,mean_gap,0.0038081080001575174
CDA (paper),sphere_10d,10,16,0.24878089805772208,0.24878089805772208,7242,32,,False,mean_gap,0.00356742599979043
CDA (paper),sphere_10d,10,17,0.12832163804238514,0.12832163804238514,7466,35,,False,mean_gap,0.0038683499997205217
CDA (paper),sphere_10d,10,18,0.3380903735273725,0.3380903735273725,8048,34,,False,mean_gap,0.003944023000258312
CDA (paper),sphere_10d,10,19,0.15027054575971582,0.15027054575971582,8369,36,,False,mean_gap,0.004078085999935865
CDA (paper),sphere_10d,10,20,0.25969760917851964,0.25969760917851964,8003,35,,False,extinction,0.004066380000040226
CDA (paper),sphere_10d,10,21,0.08379374517655973,0.08379374517655973,12366,38,,False,mean_gap,0.005052765000073123
CDA (paper),sphere_10d,10,22,0.1633481268007126,0.1633481268007126,8529,32,,False,mean_gap,0.0038648189993182314
CDA (paper),sphere_10d,10,23,0.26610509740071403,0.26610509740071403,9526,37,,False,mean_gap,0.004457490000277176
CDA (paper),sphere_10d,10,24,0.08151227214197965,0.08151227214197965,8579,38,,False,mean_gap,0.004266584000106377
CDA (paper),sphere_10d,10,25,0.13931232204705976,0.13931232204705976,10689,33,,False,mean_gap,0.004425852000167652
CDA (paper),sphere_10d,10,26,0.14622691136356564,0.14622691136356564,8569,34,,False,mean_gap,0.0039894120000099065
CDA (paper),sphere_10d,10,27,0.26493809183565437,0.26493809183565437,11458,33,,False,mean_gap,0.004619354999704228
CDA (paper),sphere_10d,10,28,0.5213675950960615,0.5213675950960615,9718,34,,False,mean_gap,0.00426400900050794
CDA (paper),sphere_10d,10,29,0.10677137379518235,0.10677137379518235,8624,30,,False,mean_gap,0.003730686000380956
CDA (budgeted),sphere_10d,10,0,0.006021837928120366,0.006021837928120366,30000,42,,False,budget_exhausted,0.00964854900030332
CDA (budgeted),sphere_10d,10,1,0.006048358816237257,0.006048358816237257,30000,41,,False,budget_exhausted,0.009464913000556407
CDA (budgeted),sphere_10d,10,2,2.34595790491218e-06,2.34595790491218e-06,30000,139,25529,True,budget_exhausted,0.014962893000301847
CDA (budgeted),sphere_10d,10,3,5.252052291755801e-07,5.252052291755801e-07,30000,144,24152,True,budget_exhausted,0.015069201000187604
CDA (budgeted),sphere_10d,10,4,3.221245214331472e-05,3.221245214331472e-05,30000,155,21907,True,budget_exhausted,0.015777045000504586
CDA (budgeted),sphere_10d,10,5,9.72405202926498e-05,9.72405202926498e-05,30000,48,26758,True,budget_exhausted,0.009633804999793938
CDA (budgeted),sphere_10d,10,6,0.0012900033782163854,0.0012900033782163854,30000,44,,False,budget_exhausted,0.009614765000151237
CDA (budgeted),sphere_10d,10,7,6.002664529923503e-06,6.002664529923503e-06,30000,59,23089,True,budget_exhausted,0.010159307999856537
CDA (budgeted),sphere_10d,10,8,4.478662428554345e-05,4.478662428554345e-05,30000,59,20281,True,budget_exhausted,0.010364349000155926
CDA (budgeted),sphere_10d,10,9,2.2126042180934287e-05,2.2126042180934287e-05,30000,159,26807,True,budget_exhausted,0.01644024100005481
CDA (budgeted),sphere_10d,10,10,0.003117633899089957,0.003117633899089957,30000,41,,False,budget_exhausted,0.009532590999697277
CDA (budgeted),sphere_10d,10,11,1.554522635330434e-06,1.554522635330434e-06,30000,158,19692,True,budget_exhausted,0.016214215000218246
CDA (budgeted),sphere_10d,10,12,2.5880827052206068e-05,2.5880827052206068e-05,30000,59,22774,True,budget_exhausted,0.010031122000327741
CDA (budgeted),sphere_10d,10,13,7.0223740916933134e-06,7.0223740916933134e-06,30000,112,28695,True,budget_exhausted,0.012940429000082077
CDA (budgeted),sphere_10d,10,14,2.0562085464503673e-05,2.0562085464503673e-05,30000,87,27733,True,budget_exhausted,0.011922382999728143
CDA (budgeted),sphere_10d,10,15,1.9310628478488914e-06,1.9310628478488914e-06,30000,148,26006,True,budget_exhausted,0.015296260000468465
CDA (budgeted),sphere_10d,10,16,3.082004485074828e-06,3.082004485074828e-06,30000,144,25816,True,budget_exhausted,0.014981250000346336
CDA (budgeted),sphere_10d,10,17,2.5769863472417496e-05,2.5769863472417496e-05,30000,160,21683,True,budget_exhausted,0.016312789999574306
CDA (budgeted),sphere_10d,10,18,0.0005298630264498263,0.0005298630264498263,30000,47,,False,budget_exhausted,0.009516789999906905
CDA (budgeted),sphere_10d,10,19,0.0003254205529682632,0.0003254205529682632,30000,43,,False,budget_exhausted,0.009459660000175063
CDA (budgeted),sphere_10d,10,20,9.34095560231096e-06,9.34095560231096e-06,30000,92,26943,True,budget_exhausted,0.011994987000434776
CDA (budgeted),sphere_10d,10,21,0.0051693875259900875,0.0051693875259900875,30000,40,,False,budget_exhausted,0.009162215999822365
CDA (budgeted),sphere_10d,10,22,2.3351961692186145e-05,2.3351961692186145e-05,30000,64,23988,True,budget_exhausted,0.010431054000036966
CDA (budgeted),sphere_10d,10,23,0.0013669348989087298,0.0013669348989087298,30000,41,,False,budget_exhausted,0.009136014999967301
CDA (budgeted),sphere_10d,10,24,0.0002788542713411869,0.0002788542713411869,30000,55,,False,budget_exhausted,0.010005493999415194
CDA (budgeted),sphere_10d,10,25,2.7962813550710934e-05,2.7962813550710934e-05,30000,153,22648,True,budget_exhausted,0.015572696000162978
CDA (budgeted),sphere_10d,10,26,0.0006673409551362287,0.0006673409551362287,30000,49,,False,budget_exhausted,0.00954232399999455
CDA (budgeted),sphere_10d,10,27,0.002285118156579804,0.002285118156579804,30000,41,,False,budget_exhausted,0.009018095999635989
CDA (budgeted),sphere_10d,10,28,5.536169027767431e-06,5.536169027767431e-06,30000,141,18137,True,budget_exhausted,0.014806764999775623
CDA (budgeted),sphere_10d,10,29,8.39699246863355e-08,8.39699246863355e-08,30000,148,20318,True,budget_exhausted,0.015534610999566212
PSO,sphere_10d,10,0,0.0,0.0,30000,599,4150,True,budget_exhausted,0.02156607599954441
PSO,sphere_10d,10,1,7.888609052210118e-31,7.888609052210118e-31,30000,599,5100,True,budget_exhausted,0.02145013100016513
PSO,sphere_10d,10,2,0.0,0.0,30000,599,4500,True,budget_exhausted,0.021258417000353802
PSO,sphere_10d,10,3,7.888609052210118e-31,7.888609052210118e-31,30000,599,4550,True,budget_exhausted,0.021525884999391565
PSO,sphere_10d,10,4,0.0,0.0,30000,599,5450,True,budget_exhausted,0.021594734000245808
PSO,sphere_10d,10,5,1.5777218104420236e-30,1.5777218104420236e-30,30000,599,4600,True,budget_exhausted,0.021397943999545532
PSO,sphere_10d,10,6,0.0,0.0,30000,599,4600,True,budget_exhausted,0.021297536999554723
PSO,sphere_10d,10,7,0.0,0.0,30000,599,4300,True,budget_exhausted,0.021390717000031145
PSO,sphere_10d,10,8,0.0,0.0,30000,599,4500,True,budget_exhausted,0.0214360250001846
PSO,sphere_10d,10,9,0.0,0.0,30000,599,4550,True,budget_exhausted,0.021322143000361393
PSO,sphere_10d,10,10,1.0255191767873153e-29,1.0255191767873153e-29,30000,599,5550,True,budget_exhausted,0.020958918999895104
PSO,sphere_10d,10,11,7.888609052210118e-31,7.888609052210118e-31,30000,599,4300,True,budget_exhausted,0.021288230000209296
PSO,sphere_10d,10,12,0.0,0.0,30000,599,4450,True,budget_exhausted,0.021337915000003704
PSO,sphere_10d,10,13,0.0,0.0,30000,599,4300,True,budget_exhausted,0.021400123000603344
PSO,sphere_10d,10,14,0.0,0.0,30000,599,4400,True,budget_exhausted,0.021054902999821934
PSO,sphere_10d,10,15,0.0,0.0,30000,599,4050,True,budget_exhausted,0.0209282619998703
PSO,sphere_10d,10,16,1.5777218104420236e-30,1.5777218104420236e-30,30000,599,4800,True,budget_exhausted,0.02139417400030652
PSO,sphere_10d,10,17,0.0,0.0,30000,599,4550,True,budget_exhausted,0.021351381000386027
PSO,sphere_10d,10,18,2.3665827156630354e-30,2.3665827156630354e-30,30000,599,5000,True,budget_exhausted,0.021126139999978477
PSO,sphere_10d,10,19,2.3665827156630354e-30,2.3665827156630354e-30,30000,599,4700,True,budget_exhausted,0.021405589999631047
PSO,sphere_10d,10,20,7.888609052210118e-31,7.888609052210118e-31,30000,599,4650,True,budget_exhausted,0.021381137000389572
PSO,sphere_10d,10,21,0.0,0.0,30000,599,4700,True,budget_exhausted,0.02091470899995329
PSO,sphere_10d,10,22,0.0,0.0,30000,599,4450,True,budget_exhausted,0.021251681000649114
PSO,sphere_10d,10,23,1.5777218104420236e-30,1.5777218104420236e-30,30000,599,4500,True,budget_exhausted,0.02141276200018183
PSO,sphere_10d,10,24,7.888609052210118e-31,7.888609052210118e-31,30000,599,4650,True,budget_exhausted,0.021417947000372806
PSO,sphere_10d,10,25,0.0,0.0,30000,599,4200,True,budget_exhausted,0.02125472700026876
PSO,sphere_10d,10,26,0.0,0.0,30000,599,5200,True,budget_exhausted,0.021042510999905062
PSO,sphere_10d,10,27,3.1554436208840472e-30,3.1554436208840472e-30,30000,599,5000,True,budget_exhausted,0.02149091100000078
PSO,sphere_10d,10,28,0.0,0.0,30000,599,4600,True,budget_exhausted,0.021166325000194774
PSO,sphere_10d,10,29,0.0,0.0,30000,599,5200,True,budget_exhausted,0.021198262999860162
GA,sphere_10d,10,0,4.797418646049312e-06,4.797418646049312e-06,30000,599,4700,True,budget_exhausted,0.03838156599977083
GA,sphere_10d,10,1,0.00012169664418152726,0.00012169664418152726,30000,599,,False,budget_exhausted,0.03791621399977885
GA,sphere_10d,10,2,5.531313465810189e-06,5.531313465810189e-06,30000,599,3100,True,budget_exhausted,0.03727429099944857
GA,sphere_10d,10,3,5.101501818477271e-05,5.101501818477271e-05,30000,599,14000,True,budget_exhausted,0.03821311699994112
GA,sphere_10d,10,4,1.2471285607759338e-06,1.2471285607759338e-06,30000,599,15000,True,budget_exhausted,0.03819645900057367
GA,sphere_10d,10,5,1.1011996953271656e-05,1.1011996953271656e-05,30000,599,9750,True,budget_exhausted,0.03956454199942527
GA,sphere_10d,10,6,9.890548294974733e-05,9.890548294974733e-05,30000,599,25300,True,budget_exhausted,0.040077657000438194
GA,sphere_10d,10,7,1.1828242411017453e-05,1.1828242411017453e-05,30000,599,4500,True,budget_exhausted,0.03835020899987285
GA,sphere_10d,10,8,3.907262161778644e-05,3.907262161778644e-05,30000,599,6150,True,budget_exhausted,0.03831903799982683
GA,sphere_10d,10,9,2.0280709441766032e-07,2.0280709441766032e-07,30000,599,15050,True,budget_exhausted,0.037639279999893915
GA,sphere_10d,10,10,6.597087195964044e-05,6.597087195964044e-05,30000,599,9650,True,budget_exhausted,0.03791451799952483
GA,sphere_10d,10,11,5.35289039156166e-06,5.35289039156166e-06,30000,599,4550,True,budget_exhausted,0.03848041499986721
GA,sphere_10d,10,12,9.340859168513688e-06,9.340859168513688e-06,30000,599,3100,True,budget_exhausted,0.03802845199970761
GA,sphere_10d,10,13,1.1076360183918668e-05,1.1076360183918668e-05,30000,599,10600,True,budget_exhausted,0.03793429699999251
GA,sphere_10d,10,14,1.7925201594749024e-05,1.7925201594749024e-05,30000,599,6700,True,budget_exhausted,0.038839687000290724
GA,sphere_10d,10,15,2.336623934982502e-06,2.336623934982502e-06,30000,599,2850,True,budget_exhausted,0.038109388000520994
GA,sphere_10d,10,16,3.5557462042672865e-05,3.5557462042672865e-05,30000,599,7100,True,budget_exhausted,0.0379156660001172
GA,sphere_10d,10,17,1.1180437129382089e-05,1.1180437129382089e-05,30000,599,4200,True,budget_exhausted,0.03843685399988317
GA,sphere_10d,10,18,6.058152544477134e-06,6.058152544477134e-06,30000,599,5900,True,budget_exhausted,0.03834860300048604
GA,sphere_10d,10,19,2.6581006818535362e-05,2.6581006818535362e-05,30000,599,17900,True,budget_exhausted,0.038679186000081245
GA,sphere_10d,10,20,4.420127296550373e-06,4.420127296550373e-06,30000,599,9200,True,budget_exhausted,0.0390134549998038
GA,sphere_10d,10,21,0.00029140353137187876,0.00029140353137187876,30000,599,,False,budget_exhausted,0.03986733500005357
GA,sphere_10d,10,22,2.6455461393665834e-05,2.6455461393665834e-05,30000,599,3600,True,budget_exhausted,0.0682973069997388
GA,sphere_10d,10,23,1.0056367846345425e-05,1.0056367846345425e-05,30000,599,11750,True,budget_exhausted,0.03682133999973303
GA,sphere_10d,10,24,2.605802786689301e-05,2.605802786689301e-05,30000,599,22750,True,budget_exhausted,0.037153747999582265
GA,sphere_10d,10,25,3.6302510096646242e-06,3.6302510096646242e-06,30000,599,6950,True,budget_exhausted,0.038297786999464734
GA,sphere_10d,10,26,2.0591762115667097e-05,2.0591762115667097e-05,30000,599,2450,True,budget_exhausted,0.03813669299961475
GA,sphere_10d,10,27,0.00015637274907219498,0.00015637274907219498,30000,599,,False,budget_exhausted,0.03902748200016504
GA,sphere_10d,10,28,8.645550221201626e-06,8.645550221201626e-06,30000,599,6000,True,budget_exhausted,0.038578777000111586
GA,sphere_10d,10,29,2.8316072991652623e-05,2.8316072991652623e-05,30000,599,14050,True,budget_exhausted,0.038199661999897216
DE,sphere_10d,10,0,3.9628033143324918e-25,3.9628033143324918e-25,30000,599,6300,True,budget_exhausted,0.03808688099979918
DE,sphere_10d,10,1,2.1854397414407554e-24,2.1854397414407554e-24,30000,599,6850,True,budget_exhausted,0.03823196800021833
DE,sphere_10d,10,2,3.0919245407956514e-25,3.0919245407956514e-25,30000,599,6900,True,budget_exhausted,0.03826351899988367
DE,sphere_10d,10,3,3.2098198030809316e-25,3.2098198030809316e-25,30000,599,6750,True,budget_exhausted,0.037618997000208765
DE,sphere_10d,10,4,6.441025625302405e-25,6.441025625302405e-25,30000,599,6650,True,budget_exhausted,0.038047291999646404
DE,sphere_10d,10,5,9.329069065143686e-27,9.329069065143686e-27,30000,599,6050,True,budget_exhausted,0.03786587500053429
DE,sphere_10d,10,6,1.2123135505345987e-25,1.2123135505345987e-25,30000,599,5750,True,budget_exhausted,0.03778548199989018
DE,sphere_10d,10,7,1.7019752916233852e-25,1.7019752916233852e-25,30000,599,6050,True,budget_exhausted,0.038143890000355896
DE,sphere_10d,10,8,1.984261277947672e-25,1.984261277947672e-25,30000,599,6250,True,budget_exhausted,0.03823374999956286
DE,sphere_10d,10,9,3.3862327673155064e-25,3.3862327673155064e-25,30000,599,6500,True,budget_exhausted,0.038157619000230625
DE,sphere_10d,10,10,7.901459596356168e-25,7.901459596356168e-25,30000,599,6850,True,budget_exhausted,0.038067250999120006
DE,sphere_10d,10,11,2.7828330609119545e-25,2.7828330609119545e-25,30000,599,6150,True,budget_exhausted,0.038099442000202544
DE,sphere_10d,10,12,6.178674154053053e-26,6.178674154053053e-26,30000,599,6350,True,budget_exhausted,0.03814082999997481
DE,sphere_10d,10,13,1.7868646136342183e-25,1.7868646136342183e-25,30000,599,5600,True,budget_exhausted,0.038015974000700226
DE,sphere_10d,10,14,6.852227260757909e-25,6.852227260757909e-25,30000,599,6600,True,budget_exhausted,0.03806602200074849
DE,sphere_10d,10,15,7.608484544766137e-26,7.608484544766137e-26,30000,599,6000,True,budget_exhausted,0.03823058499983745
DE,sphere_10d,10,16,9.409532877476229e-25,9.409532877476229e-25,30000,599,6350,True,budget_exhausted,0.03815143900010298
DE,sphere_10d,10,17,8.41241269327687e-26,8.41241269327687e-26,30000,599,6350,True,budget_exhausted,0.03796971200063126
DE,sphere_10d,10,18,4.768750946760591e-25,4.768750946760591e-25,30000,599,7050,True,budget_exhausted,0.03816260199982935
DE,sphere_10d,10,19,7.305214858362971e-25,7.305214858362971e-25,30000,599,6250,True,budget_exhausted,0.037971167000250716
DE,sphere_10d,10,20,3.3864220939327595e-26,3.3864220939327595e-26,30000,599,6150,True,budget_exhausted,0.03807747599967115
DE,sphere_10d,10,21,1.231299854801458e-24,1.231299854801458e-24,30000,599,6900,True,budget_exhausted,0.03829334900001413
DE,sphere_10d,10,22,4.762195512638204e-26,4.762195512638204e-26,30000,599,6750,True,budget_exhausted,0.03817693400014832
DE,sphere_10d,10,23,2.5446128447533134e-25,2.5446128447533134e-25,30000,599,6350,True,budget_exhausted,0.037951625999994576
DE,sphere_10d,10,24,1.2914599651554228e-25,1.2914599651554228e-25,30000,599,6200,True,budget_exhausted,0.038308600000164006
DE,sphere_10d,10,25,2.0480959023981563e-25,2.0480959023981563e-25,30000,599,6200,True,budget_exhausted,0.03781219099982991
DE,sphere_10d,10,26,4.28132168203358e-25,4.28132168203358e-25,30000,599,6750,True,budget_exhausted,0.03821194900046976
DE,sphere_10d,10,27,1.3989927505897199e-24,1.3989927505897199e-24,30000,599,7000,True,budget_exhausted,0.03936583600079757
DE,sphere_10d,10,28,8.974602305991676e-25,8.974602305991676e-25,30000,599,6400,True,budget_exhausted,0.037854051999602234
DE,sphere_10d,10,29,1.9853735718240337e-25,1.9853735718240337e-25,30000,599,6400,True,budget_exhausted,0.03810584900020331
Random,sphere_10d,10,0,12.282806152373507,12.282806152373507,30000,600,,False,budget_exhausted,0.011266458000136481
Random,sphere_10d,10,1,9.649275588144416,9.649275588144416,30000,600,,False,budget_exhausted,0.011270404000242706
Random,sphere_10d,10,2,9.366142031217555,9.366142031217555,30000,600,,False,budget_exhausted,0.011117031000139832
Random,sphere_10d,10,3,12.939586277397648,12.939586277397648,30000,600,,False,budget_exhausted,0.011243396000281791
Random,sphere_10d,10,4,14.766928769318941,14.766928769318941,30000,600,,False,budget_exhausted,0.011176318999787327
Random,sphere_10d,10,5,11.450835524252353,11.450835524252353,30000,600,,False,budget_exhausted,0.011243207000006805
Random,sphere_10d,10,6,10.49367369167537,10.49367369167537,30000,600,,False,budget_exhausted,0.011192693000339204
Random,sphere_10d,10,7,15.470169669013385,15.470169669013385,30000,600,,False,budget_exhausted,0.011203988000488607
Random,sphere_10d,10,8,12.739843636081828,12.739843636081828,30000,600,,False,budget_exhausted,0.011151442000482348
Random,sphere_10d,10,9,4.669619996698238,4.669619996698238,30000,600,,False,budget_exhausted,0.0112206719995811
Random,sphere_10d,10,10,11.530210054903344,11.530210054903344,30000,600,,False,budget_exhausted,0.011219099000300048
Random,sphere_10d,10,11,8.201624827720194,8.201624827720194,30000,600,,False,budget_exhausted,0.011227021999729914
Random,sphere_10d,10,12,8.254741831630371,8.254741831630371,30000,600,,False,budget_exhausted,0.01151374900018709
Random,sphere_10d,10,13,10.315417078917587,10.315417078917587,30000,600,,False,budget_exhausted,0.011369123999429576
Random,sphere_10d,10,14,7.664020434480643,7.664020434480643,30000,600,,False,budget_exhausted,0.011701168999934453
Random,sphere_10d,10,15,11.781628995635518,11.781628995635518,30000,600,,False,budget_exhausted,0.011174780000146711
Random,sphere_10d,10,16,10.581920012643975,10.581920012643975,30000,600,,False,budget_exhausted,0.01122066499920038
Random,sphere_10d,10,17,11.013739149639083,11.013739149639083,30000,600,,False,budget_exhausted,0.011211457000172231
Random,sphere_10d,10,18,11.689563305240188,11.689563305240188,30000,600,,False,budget_exhausted,0.011215118999643892
Random,sphere_10d,10,19,7.62905879901887,7.62905879901887,30000,600,,False,budget_exhausted,0.011154650000207766
Random,sphere_10d,10,20,6.685373621653225,6.685373621653225,30000,600,,False,budget_exhausted,0.01123585200002708
Random,sphere_10d,10,21,8.413209267888163,8.413209267888163,30000,600,,False,budget_exhausted,0.011166622000018833
Random,sphere_10d,10,22,8.665003244800278,8.665003244800278,30000,600,,False,budget_exhausted,0.011224519000279543
Random,sphere_10d,10,23,13.427697452680299,13.427697452680299,30000,600,,False,budget_exhausted,0.011263790000157314
Random,sphere_10d,10,24,10.885828074919225,10.885828074919225,30000,600,,False,budget_exhausted,0.011223926999264222
Random,sphere_10d,10,25,11.262809079707566,11.262809079707566,30000,600,,False,budget_exhausted,0.011100612000518595
Random,sphere_10d,10,26,8.15976767709498,8.15976767709498,30000,600,,False,budget_exhausted,0.011111136999716109
Random,sphere_10d,10,27,12.124498561812302,12.124498561812302,30000,600,,False,budget_exhausted,0.01121487000000343
Random,sphere_10d,10,28,11.682193061025304,11.682193061025304,30000,600,,False,budget_exhausted,0.011219952999454108
Random,sphere_10d,10,29,8.005587854769157,8.005587854769157,30000,600,,False,budget_exhausted,0.011244228000578005
CDA (paper),sphere_30d,30,0,3.3155471428973384,3.3155471428973384,28466,89,,False,mean_gap,0.020399105999786116
CDA (paper),sphere_30d,30,1,5.570990308092624,5.570990308092624,31131,82,,False,mean_gap,0.020972709000488976
CDA (paper),sphere_30d,30,2,6.945418691066707,6.945418691066707,28708,74,,False,mean_gap,0.01913107000018499
CDA (paper),sphere_30d,30,3,2.7473391944158525,2.7473391944158525,28801,96,,False,mean_gap,0.0204156879999573
CDA (paper),sphere_30d,30,4,1.360027334715967,1.360027334715967,18401,98,,False,mean_gap,0.01513889299985749
CDA (paper),sphere_30d,30,5,2.054903775549861,2.054903775549861,35059,103,,False,mean_gap,0.023911419999421923
CDA (paper),sphere_30d,30,6,2.7220251155351898,2.7220251155351898,22120,88,,False,mean_gap,0.017220847000317008
CDA (paper),sphere_30d,30,7,2.449891456300169,2.449891456300169,27378,86,,False,mean_gap,0.019882786000380293
CDA (paper),sphere_30d,30,8,12.309996627451536,12.309996627451536,30051,72,,False,mean_gap,0.020306501999584725
CDA (paper),sphere_30d,30,9,4.85399506331473,4.85399506331473,16562,77,,False,mean_gap,0.012969827999768313
CDA (paper),sphere_30d,30,10,2.8684051793911416,2.8684051793911416,29468,92,,False,mean_gap,0.020261454000319645
CDA (paper),sphere_30d,30,11,6.146275734568623,6.146275734568623,26562,84,,False,mean_gap,0.018234911000035936
CDA (paper),sphere_30d,30,12,15.174059192702618,15.174059192702618,25420,67,,False,mean_gap,0.01742185600051016
CDA (paper),sphere_30d,30,13,8.640012753078695,8.640012753078695,26480,69,,False,mean_gap,0.018102140000337386
CDA (paper),sphere_30d,30,14,3.568270222628683,3.568270222628683,25382,91,,False,mean_gap,0.018385966000096232
CDA (paper),sphere_30d,30,15,4.605003689412605,4.605003689412605,31093,85,,False,mean_gap,0.021056440000393195
CDA (paper),sphere_30d,30,16,3.130945242583934,3.130945242583934,32655,89,,False,mean_gap,0.02181938000012451
CDA (paper),sphere_30d,30,17,1.9142497477857052,1.9142497477857052,30047,97,,False,mean_gap,0.02080916700015223
CDA (paper),sphere_30d,30,18,1.6099549803317565,1.6099549803317565,39154,112,,False,mean_gap,0.026468668000234175
CDA (paper),sphere_30d,30,19,2.944038645060613,2.944038645060613,32075,96,,False,mean_gap,0.02256115399995906
CDA (paper),sphere_30d,30,20,1.541242850175618,1.541242850175618,30362,96,,False,mean_gap,0.021648229999300383
CDA (paper),sphere_30d,30,21,2.341905555492416,2.341905555492416,26680,89,,False,mean_gap,0.018650734000402736
CDA (paper),sphere_30d,30,22,2.287341724624949,2.287341724624949,25231,92,,False,mean_gap,0.018221367000478494
CDA (paper),sphere_30d,30,23,1.8391048456750876,1.8391048456750876,29698,100,,False,mean_gap,0.0212545840004168
CDA (paper),sphere_30d,30,24,15.211206819929938,15.211206819929938,28773,68,,False,mean_gap,0.01898795700071787
CDA (paper),sphere_30d,30,25,5.800476090043673,5.800476090043673,26384,82,,False,mean_gap,0.01807428499978414
CDA (paper),sphere_30d,30,26,9.012715959644664,9.012715959644664,27278,72,,False,mean_gap,0.01844915600031527
CDA (paper),sphere_30d,30,27,1.8364333432928621,1.8364333432928621,31638,99,,False,mean_gap,0.02215501899991068
CDA (paper),sphere_30d,30,28,1.3965620326046841,1.3965620326046841,34162,107,,False,mean_gap,0.023952681999617198
CDA (paper),sphere_30d,30,29,1.3417871420003438,1.3417871420003438,38119,112,,False,mean_gap,0.025454948000515287
CDA (budgeted),sphere_30d,30,0,0.021601457923685542,0.021601457923685542,60000,186,,False,budget_exhausted,0.04262241900050867
CDA (budgeted),sphere_30d,30,1,0.28095951445649603,0.28095951445649603,60000,76,,False,budget_exhausted,0.03662635999990016
CDA (budgeted),sphere_30d,30,2,0.256592216904108,0.256592216904108,60000,76,,False,budget_exhausted,0.03688664000037534
CDA (budgeted),sphere_30d,30,3,0.27154476010112344,0.27154476010112344,60000,77,,False,budget_exhausted,0.03714294899964443
CDA (budgeted),sphere_30d,30,4,0.48248935591584224,0.48248935591584224,60000,75,,False,budget_exhausted,0.03643041099985567
CDA (budgeted),sphere_30d,30,5,0.12929308776478066,0.12929308776478066,60000,93,,False,budget_exhausted,0.03707360300086293
CDA (budgeted),sphere_30d,30,6,0.051884839383491324,0.051884839383491324,60000,188,,False,budget_exhausted,0.04281668499970692
CDA (budgeted),sphere_30d,30,7,0.045108464415578024,0.045108464415578024,60000,192,,False,budget_exhausted,0.042865762000474206
CDA (budgeted),sphere_30d,30,8,0.1363227884395388,0.1363227884395388,60000,129,,False,budget_exhausted,0.03937929499988968
CDA (budgeted),sphere_30d,30,9,0.028757553777982947,0.028757553777982947,60000,174,,False,budget_exhausted,0.042220111999995424
CDA (budgeted),sphere_30d,30,10,0.04077409938127531,0.04077409938127531,60000,180,,False,budget_exhausted,0.042216439000185346
CDA (budgeted),sphere_30d,30,11,0.055915200806655296,0.055915200806655296,60000,166,,False,budget_exhausted,0.04237548900073307
CDA (budgeted),sphere_30d,30,12,0.04347288985459877,0.04347288985459877,60000,179,,False,budget_exhausted,0.042057599000145274
CDA (budgeted),sphere_30d,30,13,0.43534473013902836,0.43534473013902836,60000,73,,False,budget_exhausted,0.03578595199996926
CDA (budgeted),sphere_30d,30,14,0.3048708457561883,0.3048708457561883,60000,74,,False,budget_exhausted,0.03546266499961348
CDA (budgeted),sphere_30d,30,15,0.26074956856545217,0.26074956856545217,60000,82,,False,budget_exhausted,0.03663506500015501
CDA (budgeted),sphere_30d,30,16,0.03608887718968616,0.03608887718968616,60000,177,,False,budget_exhausted,0.04194815099981497
CDA (budgeted),sphere_30d,30,17,0.07052702291895215,0.07052702291895215,60000,133,,False,budget_exhausted,0.03967067799931101
CDA (budgeted),sphere_30d,30,18,0.5149247323960243,0.5149247323960243,60000,72,,False,budget_exhausted,0.03596616400045605
CDA (budgeted),sphere_30d,30,19,0.23442748847717992,0.23442748847717992,60000,78,,False,budget_exhausted,0.035733327999878384
CDA (budgeted),sphere_30d,30,20,0.03778936008722969,0.03778936008722969,60000,186,,False,budget_exhausted,0.04194717700011097
CDA (budgeted),sphere_30d,30,21,0.12820273617916422,0.12820273617916422,60000,103,,False,budget_exhausted,0.03787993600053596
CDA (budgeted),sphere_30d,30,22,0.12704181101558099,0.12704181101558099,60000,99,,False,budget_exhausted,0.03701674600051774
CDA (budgeted),sphere_30d,30,23,0.4169137861603162,0.4169137861603162,60000,74,,False,budget_exhausted,0.03572427899962349
CDA (budgeted),sphere_30d,30,24,0.02251734702709847,0.02251734702709847,60000,170,,False,budget_exhausted,0.04182481599946186
CDA (budgeted),sphere_30d,30,25,0.10596234939992896,0.10596234939992896,60000,97,,False,budget_exhausted,0.037410693999845535
CDA (budgeted),sphere_30d,30,26,0.49621855241595303,0.49621855241595303,60000,75,,False,budget_exhausted,0.037102070000401
CDA (budgeted),sphere_30d,30,27,0.03830819597851227,0.03830819597851227,60000,163,,False,budget_exhausted,0.041232327000216173
CDA (budgeted),sphere_30d,30,28,0.04642108965350609,0.04642108965350609,60000,193,,False,budget_exhausted,0.04367905300023267
CDA (budgeted),sphere_30d,30,29,0.04773813941545427,0.04773813941545427,60000,188,,False,budget_exhausted,0.04334183300034056
PSO,sphere_30d,30,0,9.357767824875626e-25,9.357767824875626e-25,60000,1199,14000,True,budget_exhausted,0.053295016000447504
PSO,sphere_30d,30,1,1.2384327351064664e-26,1.2384327351064664e-26,60000,1199,13750,True,budget_exhausted,0.05304016400077671
PSO,sphere_30d,30,2,2.6056730454001353e-24,2.6056730454001353e-24,60000,1199,14500,True,budget_exhausted,0.05326547799995751
PSO,sphere_30d,30,3,1.1100219569545901e-25,1.1100219569545901e-25,60000,1199,13650,True,budget_exhausted,0.052599327999814705
PSO,sphere_30d,30,4,1.13475604140527e-21,1.13475604140527e-21,60000,1199,15800,True,budget_exhausted,0.05318220899971493
PSO,sphere_30d,30,5,3.0089026103196574e-23,3.0089026103196574e-23,60000,1199,13300,True,budget_exhausted,0.05302352899980178
PSO,sphere_30d,30,6,1.2193599559071768e-22,1.2193599559071768e-22,60000,1199,14400,True,budget_exhausted,0.053323709000324016
PSO,sphere_30d,30,7,1.412132017827081e-25,1.412132017827081e-25,60000,1199,13150,True,budget_exhausted,0.05283812699963164
PSO,sphere_30d,30,8,3.5382857067968565e-25,3.5382857067968565e-25,60000,1199,13400,True,budget_exhausted,0.05229354400034936
PSO,sphere_30d,30,9,1.3743361141361319e-24,1.3743361141361319e-24,60000,1199,13600,True,budget_exhausted,0.05305468000005931
PSO,sphere_30d,30,10,5.166242179683354e-25,5.166242179683354e-25,60000,1199,12600,True,budget_exhausted,0.05250549699940166
PSO,sphere_30d,30,11,3.505313687541334e-24,3.505313687541334e-24,60000,1199,14350,True,budget_exhausted,0.052718693999850075
PSO,sphere_30d,30,12,6.914208062081124e-26,6.914208062081124e-26,60000,1199,12400,True,budget_exhausted,0.05361823600014759
PSO,sphere_30d,30,13,1.3951715083648293e-24,1.3951715083648293e-24,60000,1199,13450,True,budget_exhausted,0.05286005200014188
PSO,sphere_30d,30,14,3.9743522379849274e-25,3.9743522379849274e-25,60000,1199,12550,True,budget_exhausted,0.051819703000546724
PSO,sphere_30d,30,15,5.657883961644245e-25,5.657883961644245e-25,60000,1199,13050,True,budget_exhausted,0.052439559000049485
PSO,sphere_30d,30,16,1.210058986067477e-24,1.210058986067477e-24,60000,1199,14500,True,budget_exhausted,0.052585894000003464
PSO,sphere_30d,30,17,1.408941075465462e-24,1.408941075465462e-24,60000,1199,13050,True,budget_exhausted,0.052451208000093175
PSO,sphere_30d,30,18,1.6150483418943662e-24,1.6150483418943662e-24,60000,1199,12800,True,budget_exhausted,0.052701040000101784
PSO,sphere_30d,30,19,1.5257382433706746e-24,1.5257382433706746e-24,60000,1199,14550,True,budget_exhausted,0.05222652700012986
PSO,sphere_30d,30,20,2.2880764616667982e-23,2.2880764616667982e-23,60000,1199,14150,True,budget_exhausted,0.051649836000251526
PSO,sphere_30d,30,21,8.890721937078621e-24,8.890721937078621e-24,60000,1199,14200,True,budget_exhausted,0.05191860600007203
PSO,sphere_30d,30,22,26.2144,26.2144,60000,1199,,False,budget_exhausted,0.05204423700070038
PSO,sphere_30d,30,23,2.5190221969879437e-25,2.5190221969879437e-25,60000,1199,12300,True,budget_exhausted,0.052896877999955905
PSO,sphere_30d,30,24,1.9254343425235308e-24,1.9254343425235308e-24,60000,1199,12400,True,budget_exhausted,0.052714080000441754
PSO,sphere_30d,30,25,3.4556454272268085e-24,3.4556454272268085e-24,60000,1199,12850,True,budget_exhausted,0.053207576999739103
PSO,sphere_30d,30,26,1.3414658579373828e-25,1.3414658579373828e-25,60000,1199,12550,True,budget_exhausted,0.05319116299961024
PSO,sphere_30d,30,27,1.088651715032153e-25,1.088651715032153e-25,60000,1199,11600,True,budget_exhausted,0.0529177130001699
PSO,sphere_30d,30,28,1.0301032475075546e-24,1.0301032475075546e-24,60000,1199,13550,True,budget_exhausted,0.05338611299976037
PSO,sphere_30d,30,29,2.068107725841803e-24,2.068107725841803e-24,60000,1199,14200,True,budget_exhausted,0.05275879500004521
GA,sphere_30d,30,0,1.3786492729194378e-05,1.3786492729194378e-05,60000,1199,25900,True,budget_exhausted,0.1008265679993201
GA,sphere_30d,30,1,1.6378148343926188e-05,1.6378148343926188e-05,60000,1199,26400,True,budget_exhausted,0.10040774199933367
GA,sphere_30d,30,2,2.5121926332040783e-05,2.5121926332040783e-05,60000,1199,41400,True,budget_exhausted,0.09982290900006774
GA,sphere_30d,30,3,4.982531399149103e-06,4.982531399149103e-06,60000,1199,21650,True,budget_exhausted,0.10010381600022811
GA,sphere_30d,30,4,2.2198331755972245e-05,2.2198331755972245e-05,60000,1199,51700,True,budget_exhausted,0.10021256999971229
GA,sphere_30d,30,5,4.6136936785145265e-05,4.6136936785145265e-05,60000,1199,29850,True,budget_exhausted,0.10001632799958315
GA,sphere_30d,30,6,4.162051541811585e-05,4.162051541811585e-05,60000,1199,32850,True,budget_exhausted,0.10004051800024172
GA,sphere_30d,30,7,1.3654563219871293e-05,1.3654563219871293e-05,60000,1199,39850,True,budget_exhausted,0.09966634299962607
GA,sphere_30d,30,8,7.025980908694129e-06,7.025980908694129e-06,60000,1199,31050,True,budget_exhausted,0.10187943100027042
GA,sphere_30d,30,9,7.36329808802572e-06,7.36329808802572e-06,60000,1199,42250,True,budget_exhausted,0.09973145799995109
GA,sphere_30d,30,10,2.5875659485518054e-05,2.5875659485518054e-05,60000,1199,28650,True,budget_exhausted,0.10104010400027619
GA,sphere_30d,30,11,1.8428902861077033e-05,1.8428902861077033e-05,60000,1199,29000,True,budget_exhausted,0.10006642999996984
GA,sphere_30d,30,12,1.461561224949721e-05,1.461561224949721e-05,60000,1199,32500,True,budget_exhausted,0.10171109000020806
GA,sphere_30d,30,13,8.093834647039077e-06,8.093834647039077e-06,60000,1199,22150,True,budget_exhausted,0.10021426900038932
GA,sphere_30d,30,14,7.494109386993664e-06,7.494109386993664e-06,60000,1199,44250,True,budget_exhausted,0.10105095299968525
GA,sphere_30d,30,15,8.372232103287013e-06,8.372232103287013e-06,60000,1199,39000,True,budget_exhausted,0.09975254999972094
GA,sphere_30d,30,16,6.011728121350383e-05,6.011728121350383e-05,60000,1199,52350,True,budget_exhausted,0.09984992099998635
GA,sphere_30d,30,17,1.1802053193674383e-05,1.1802053193674383e-05,60000,1199,16850,True,budget_exhausted,0.10815336099949491
GA,sphere_30d,30,18,3.243764123513561e-06,3.243764123513561e-06,60000,1199,30100,True,budget_exhausted,0.10008588700020482
GA,sphere_30d,30,19,8.925014051618666e-05,8.925014051618666e-05,60000,1199,35050,True,budget_exhausted,0.10041833200011752
GA,sphere_30d,30,20,3.453501780365002e-05,3.453501780365002e-05,60000,1199,29700,True,budget_exhausted,0.10020299300049373
GA,sphere_30d,30,21,9.553733875244211e-06,9.553733875244211e-06,60000,1199,51650,True,budget_exhausted,0.09895484499975282
GA,sphere_30d,30,22,5.041824198142435e-05,5.041824198142435e-05,60000,1199,27000,True,budget_exhausted,0.09965446200021688
GA,sphere_30d,30,23,5.556485717601469e-05,5.556485717601469e-05,60000,1199,30450,True,budget_exhausted,0.09925030200065521
GA,sphere_30d,30,24,5.7979003848012395e-06,5.7979003848012395e-06,60000,1199,35750,True,budget_exhausted,0.10119789599957585
GA,sphere_30d,30,25,2.2290958192627295e-05,2.2290958192627295e-05,60000,1199,45150,True,budget_exhausted,0.09972454400030983
GA,sphere_30d,30,26,9.053332012666842e-06,9.053332012666842e-06,60000,1199,45100,True,budget_exhausted,0.10139738300040335
GA,sphere_30d,30,27,2.1486846505895908e-05,2.1486846505895908e-05,60000,1199,44150,True,budget_exhausted,0.10055652299979556
GA,sphere_30d,30,28,2.156589142504661e-06,2.156589142504661e-06,60000,1199,40750,True,budget_exhausted,0.09990748099971825
GA,sphere_30d,30,29,2.976933560777561e-05,2.976933560777561e-05,60000,1199,38950,True,budget_exhausted,0.10001690700028121
DE,sphere_30d,30,0,3.3814612465156023e-18,3.3814612465156023e-18,60000,1199,19100,True,budget_exhausted,0.0852428919997692
DE,sphere_30d,30,1,6.882595234569517e-18,6.882595234569517e-18,60000,1199,17850,True,budget_exhausted,0.086288109000634
DE,sphere_30d,30,2,1.432529095180608e-17,1.432529095180608e-17,60000,1199,20750,True,budget_exhausted,0.08536156399986794
DE,sphere_30d,30,3,9.875448004936954e-18,9.875448004936954e-18,60000,1199,19250,True,budget_exhausted,0.08548334900024201
DE,sphere_30d,30,4,1.6337640712512793e-18,1.6337640712512793e-18,60000,1199,17950,True,budget_exhausted,0.08535213899995142
DE,sphere_30d,30,5,3.0510552887188784e-18,3.0510552887188784e-18,60000,1199,18600,True,budget_exhausted,0.0852102239996384
DE,sphere_30d,30,6,1.7158082890398207e-17,1.7158082890398207e-17,60000,1199,18250,True,budget_exhausted,0.08549850300005346
DE,sphere_30d,30,7,1.5029218939943617e-17,1.5029218939943617e-17,60000,1199,20250,True,budget_exhausted,0.08546561300045141
DE,sphere_30d,30,8,6.36760848948261e-18,6.36760848948261e-18,60000,1199,19300,True,budget_exhausted,0.08481582600052207
DE,sphere_30d,30,9,2.0505330986014664e-18,2.0505330986014664e-18,60000,1199,17750,True,budget_exhausted,0.08564803500030393
DE,sphere_30d,30,10,1.3530500132048959e-18,1.3530500132048959e-18,60000,1199,18950,True,budget_exhausted,0.08449191499948938
DE,sphere_30d,30,11,2.4371410377605412e-18,2.4371410377605412e-18,60000,1199,18800,True,budget_exhausted,0.0846311790000982
DE,sphere_30d,30,12,1.7055191901193834e-17,1.7055191901193834e-17,60000,1199,19150,True,budget_exhausted,0.08493086199996469
DE,sphere_30d,30,13,5.727933619615466e-18,5.727933619615466e-18,60000,1199,18350,True,budget_exhausted,0.08489047700004448
DE,sphere_30d,30,14,9.763869009871173e-18,9.763869009871173e-18,60000,1199,19650,True,budget_exhausted,0.08508420900034253
DE,sphere_30d,30,15,1.4294163137416297e-17,1.4294163137416297e-17,60000,1199,18700,True,budget_exhausted,0.08487570200031769
DE,sphere_30d,30,16,1.1448991786567216e-18,1.1448991786567216e-18,60000,1199,18850,True,budget_exhausted,0.08438920600019628
DE,sphere_30d,30,17,1.0694296578437502e-17,1.0694296578437502e-17,60000,1199,19250,True,budget_exhausted,0.08279110600051354
DE,sphere_30d,30,18,6.140806415642045e-18,6.140806415642045e-18,60000,1199,18850,True,budget_exhausted,0.08252185299988923
DE,sphere_30d,30,19,1.641463027719444e-18,1.641463027719444e-18,60000,1199,18400,True,budget_exhausted,0.08242460500059678
DE,sphere_30d,30,20,7.249367739835788e-18,7.249367739835788e-18,60000,1199,19000,True,budget_exhausted,0.08369077799943625
DE,sphere_30d,30,21,3.266912776903663e-17,3.266912776903663e-17,60000,1199,19850,True,budget_exhausted,0.08399176399962016
DE,sphere_30d,30,22,1.807999378668508e-17,1.807999378668508e-17,60000,1199,20450,True,budget_exhausted,0.08355976399980136
DE,sphere_30d,30,23,4.594030850021218e-17,4.594030850021218e-17,60000,1199,20950,True,budget_exhausted,0.08419427300032112
DE,sphere_30d,30,24,1.3492639405909312e-17,1.3492639405909312e-17,60000,1199,18250,True,budget_exhausted,0.08531884300009551
DE,sphere_30d,30,25,4.213142119620688e-18,4.213142119620688e-18,60000,1199,19350,True,budget_exhausted,0.08455681499981438
DE,sphere_30d,30,26,5.831470139539308e-18,5.831470139539308e-18,60000,1199,19800,True,budget_exhausted,0.08472665299996152
DE,sphere_30d,30,27,7.477797097854367e-19,7.477797097854367e-19,60000,1199,17800,True,budget_exhausted,0.08345087900033832
DE,sphere_30d,30,28,7.478499744914874e-18,7.478499744914874e-18,60000,1199,19300,True,budget_exhausted,0.09035576899987063
DE,sphere_30d,30,29,1.3637961926616385e-17,1.3637961926616385e-17,60000,1199,19100,True,budget_exhausted,0.08624088500073412
Random,sphere_30d,30,0,112.1503869521492,112.1503869521492,60000,1200,,False,budget_exhausted,0.026183786999354197
Random,sphere_30d,30,1,107.63893416244262,107.63893416244262,60000,1200,,False,budget_exhausted,0.02599374599958537
Random,sphere_30d,30,2,98.92841100079808,98.92841100079808,60000,1200,,False,budget_exhausted,0.02602609899986419
Random,sphere_30d,30,3,67.8150179020845,67.8150179020845,60000,1200,,False,budget_exhausted,0.025907116999405844
Random,sphere_30d,30,4,112.04870508742474,112.04870508742474,60000,1200,,False,budget_exhausted,0.02601926999977877
Random,sphere_30d,30,5,102.15502613838031,102.15502613838031,60000,1200,,False,budget_exhausted,0.025877441000375256
Random,sphere_30d,30,6,98.77964434737623,98.77964434737623,60000,1200,,False,budget_exhausted,0.025980389999858744
Random,sphere_30d,30,7,96.34323995943575,96.34323995943575,60000,1200,,False,budget_exhausted,0.02604724799948599
Random,sphere_30d,30,8,97.06268617198644,97.06268617198644,60000,1200,,False,budget_exhausted,0.025878283000565716
Random,sphere_30d,30,9,101.73576515340297,101.73576515340297,60000,1200,,False,budget_exhausted,0.025958715999877313
Random,sphere_30d,30,10,109.64958045331083,109.64958045331083,60000,1200,,False,budget_exhausted,0.025870466000014858
Random,sphere_30d,30,11,85.89417409062392,85.89417409062392,60000,1200,,False,budget_exhausted,0.02580484999998589
Random,sphere_30d,30,12,96.0298808647782,96.0298808647782,60000,1200,,False,budget_exhausted,0.025988546000007773
Random,sphere_30d,30,13,109.09348340994048,109.09348340994048,60000,1200,,False,budget_exhausted,0.025831769999967946
Random,sphere_30d,30,14,104.27372681203391,104.27372681203391,60000,1200,,False,budget_exhausted,0.02596472899949731
Random,sphere_30d,30,15,97.83128618756331,97.83128618756331,60000,1200,,False,budget_exhausted,0.025914469000781537
Random,sphere_30d,30,16,107.84494681243473,107.84494681243473,60000,1200,,False,budget_exhausted,0.02574390300014784
Random,sphere_30d,30,17,115.98397078913852,115.98397078913852,60000,1200,,False,budget_exhausted,0.026009436999629543
Random,sphere_30d,30,18,103.60997632384552,103.60997632384552,60000,1200,,False,budget_exhausted,0.025769201000002795
Random,sphere_30d,30,19,85.47414604296556,85.47414604296556,60000,1200,,False,budget_exhausted,0.025875479000205814
Random,sphere_30d,30,20,111.03278017500591,111.03278017500591,60000,1200,,False,budget_exhausted,0.02588031899995258
Random,sphere_30d,30,21,102.07657160585346,102.07657160585346,60000,1200,,False,budget_exhausted,0.025929234000614088
Random,sphere_30d,30,22,97.94971031404039,97.94971031404039,60000,1200,,False,budget_exhausted,0.025910360000125365
Random,sphere_30d,30,23,108.54559649251217,108.54559649251217,60000,1200,,False,budget_exhausted,0.02584765099982178
Random,sphere_30d,30,24,102.37136242368695,102.37136242368695,60000,1200,,False,budget_exhausted,0.0271394790006525
Random,sphere_30d,30,25,110.2481642292357,110.2481642292357,60000,1200,,False,budget_exhausted,0.030409204000534373
Random,sphere_30d,30,26,96.55850792353198,96.55850792353198,60000,1200,,False,budget_exhausted,0.02607482199982769
Random,sphere_30d,30,27,114.52091938534828,114.52091938534828,60000,1200,,False,budget_exhausted,0.02588207999997394
Random,sphere_30d,30,28,107.933806005166,107.933806005166,60000,1200,,False,budget_exhausted,0.025869116000649228
Random,sphere_30d,30,29,100.49481125366219,100.49481125366219,60000,1200,,False,budget_exhausted,0.025986376999753702
CDA (paper),step_10d,10,0,41.0,41.0,10820,34,,False,mean_gap,0.004843581000386621
CDA (paper),step_10d,10,1,41.0,41.0,11998,33,,False,mean_gap,0.004890373000307591
CDA (paper),step_10d,10,2,57.0,57.0,13194,36,,False,mean_gap,0.005359881999538629
CDA (paper),step_10d,10,3,95.0,95.0,11386,29,,False,mean_gap,0.004356872000244039
CDA (paper),step_10d,10,4,25.0,25.0,10040,36,,False,mean_gap,0.0046344940001290524
CDA (paper),step_10d,10,5,21.0,21.0,10602,32,,False,mean_gap,0.004405044000122871
CDA (paper),step_10d,10,6,49.0,49.0,11853,33,,False,mean_gap,0.004796041999725276
CDA (paper),step_10d,10,7,28.0,28.0,13082,38,,False,mean_gap,0.005315477999829454
CDA (paper),step_10d,10,8,14.0,14.0,15847,39,,False,mean_gap,0.005965296999420389
CDA (paper),step_10d,10,9,21.0,21.0,15965,38,,False,mean_gap,0.006087032000323234
CDA (paper),step_10d,10,10,20.0,20.0,16355,41,,False,mean_gap,0.006184136999763723
CDA (paper),step_10d,10,11,38.0,38.0,12072,32,,False,mean_gap,0.004768837000483472
CDA (paper),step_10d,10,12,18.0,18.0,14392,39,,False,mean_gap,0.005674856000041473
CDA (paper),step_10d,10,13,146.0,146.0,11230,29,,False,mean_gap,0.004434919000232185
CDA (paper),step_10d,10,14,43.0,43.0,10252,36,,False,mean_gap,0.004740396000670444
CDA (paper),step_10d,10,15,23.0,23.0,14152,38,,False,mean_gap,0.00555885500034492
CDA (paper),step_10d,10,16,19.0,19.0,9227,36,,False,mean_gap,0.004462799000066298
CDA (paper),step_10d,10,17,20.0,20.0,10997,34,,False,mean_gap,0.004542882000350801
CDA (paper),step_10d,10,18,53.0,53.0,8049,31,,False,mean_gap,0.003770605000681826
CDA (paper),step_10d,10,19,44.0,44.0,14918,37,,False,mean_gap,0.0056495979997635
CDA (paper),step_10d,10,20,43.0,43.0,10450,34,,False,mean_gap,0.0046355579997907626
CDA (paper),step_10d,10,21,34.0,34.0,10860,34,,False,mean_gap,0.0046760379991610534
CDA (paper),step_10d,10,22,74.0,74.0,10565,31,,False,mean_gap,0.004388872000163246
CDA (paper),step_10d,10,23,31.0,31.0,14457,37,,False,mean_gap,0.005549237000195717
CDA (paper),step_10d,10,24,67.0,67.0,11791,34,,False,mean_gap,0.004818858999897202
CDA (paper),step_10d,10,25,22.0,22.0,11462,38,,False,mean_gap,0.004992438999579463
CDA (paper),step_10d,10,26,432.0,432.0,7839,21,,False,mean_gap,0.0030999840000731638
CDA (paper),step_10d,10,27,2311.0,2311.0,5284,14,,False,mean_gap,0.0021120400006111595
CDA (paper),step_10d,10,28,18.0,18.0,12824,40,,False,mean_gap,0.005321966999872529
CDA (paper),step_10d,10,29,42.0,42.0,7886,28,,False,mean_gap,0.003580027000680275
CDA (budgeted),step_10d,10,0,0.0,0.0,30000,38,24429,True,budget_exhausted,0.00934336800037272
CDA (budgeted),step_10d,10,1,2.0,2.0,30000,38,,False,budget_exhausted,0.009018613000080222
CDA (budgeted),step_10d,10,2,1.0,1.0,30000,40,,False,budget_exhausted,0.00934326999959012
CDA (budgeted),step_10d,10,3,0.0,0.0,30000,38,25053,True,budget_exhausted,0.009377684999890334
CDA (budgeted),step_10d,10,4,0.0,0.0,30000,43,20887,True,budget_exhausted,0.009482602000389306
CDA (budgeted),step_10d,10,5,1.0,1.0,30000,45,,False,budget_exhausted,0.009397482000167656
CDA (budgeted),step_10d,10,6,0.0,0.0,30000,40,27524,True,budget_exhausted,0.009173521999400691
CDA (budgeted),step_10d,10,7,2.0,2.0,30000,38,,False,budget_exhausted,0.009243092999895453
CDA (budgeted),step_10d,10,8,2.0,2.0,30000,38,,False,budget_exhausted,0.009372675999657076
CDA (budgeted),step_10d,10,9,0.0,0.0,30000,36,28888,True,budget_exhausted,0.008890441999938048
CDA (budgeted),step_10d,10,10,0.0,0.0,30000,38,24218,True,budget_exhausted,0.009170917000119516
CDA (budgeted),step_10d,10,11,0.0,0.0,30000,41,20039,True,budget_exhausted,0.00911609899958421
CDA (budgeted),step_10d,10,12,0.0,0.0,30000,43,22484,True,budget_exhausted,0.009301377999690885
CDA (budgeted),step_10d,10,13,1.0,1.0,30000,40,,False,budget_exhausted,0.009239478000381496
CDA (budgeted),step_10d,10,14,0.0,0.0,30000,40,26943,True,budget_exhausted,0.00911617100064177
CDA (budgeted),step_10d,10,15,6.0,6.0,30000,41,,False,budget_exhausted,0.009572065000611474
CDA (budgeted),step_10d,10,16,0.0,0.0,30000,40,26442,True,budget_exhausted,0.0091720880000139
CDA (budgeted),step_10d,10,17,0.0,0.0,30000,35,28746,True,budget_exhausted,0.008830634000332793
CDA (budgeted),step_10d,10,18,3.0,3.0,30000,39,,False,budget_exhausted,0.009245293000276433
CDA (budgeted),step_10d,10,19,0.0,0.0,30000,38,25541,True,budget_exhausted,0.008958934000474983
CDA (budgeted),step_10d,10,20,1.0,1.0,30000,36,,False,budget_exhausted,0.009018022999953246
CDA (budgeted),step_10d,10,21,0.0,0.0,30000,44,22940,True,budget_exhausted,0.009425740000551741
CDA (budgeted),step_10d,10,22,0.0,0.0,30000,40,24237,True,budget_exhausted,0.009218381999744452
CDA (budgeted),step_10d,10,23,1.0,1.0,30000,38,,False,budget_exhausted,0.008967260000645183
CDA (budgeted),step_10d,10,24,0.0,0.0,30000,36,29467,True,budget_exhausted,0.008905704999961017
CDA (budgeted),step_10d,10,25,0.0,0.0,30000,39,25880,True,budget_exhausted,0.009246802000234311
CDA (budgeted),step_10d,10,26,0.0,0.0,30000,37,27200,True,budget_exhausted,0.00903448600001866
CDA (budgeted),step_10d,10,27,1.0,1.0,30000,37,,False,budget_exhausted,0.008998117000373895
CDA (budgeted),step_10d,10,28,1.0,1.0,30000,39,,False,budget_exhausted,0.009050420999301423
CDA (budgeted),step_10d,10,29,1.0,1.0,30000,43,,False,budget_exhausted,0.009628128999793262
PSO,step_10d,10,0,0.0,0.0,30000,599,4450,True,budget_exhausted,0.020714661999591044
PSO,step_10d,10,1,0.0,0.0,30000,599,3850,True,budget_exhausted,0.020764637999491242
PSO,step_10d,10,2,0.0,0.0,30000,599,3300,True,budget_exhausted,0.0207447120001234
PSO,step_10d,10,3,0.0,0.0,30000,599,3450,True,budget_exhausted,0.020713140000225394
PSO,step_10d,10,4,0.0,0.0,30000,599,4500,True,budget_exhausted,0.020695958999567665
PSO,step_10d,10,5,0.0,0.0,30000,599,4200,True,budget_exhausted,0.02071071699992899
PSO,step_10d,10,6,0.0,0.0,30000,599,3550,True,budget_exhausted,0.020730667999487196
PSO,step_10d,10,7,0.0,0.0,30000,599,3450,True,budget_exhausted,0.02070132599965291
PSO,step_10d,10,8,0.0,0.0,30000,599,3200,True,budget_exhausted,0.020628896999369317
PSO,step_10d,10,9,0.0,0.0,30000,599,3400,True,budget_exhausted,0.020702959000118426
PSO,step_10d,10,10,0.0,0.0,30000,599,3950,True,budget_exhausted,0.020443707000595168
PSO,step_10d,10,11,0.0,0.0,30000,599,4350,True,budget_exhausted,0.020787632999599737
PSO,step_10d,10,12,0.0,0.0,30000,599,4650,True,budget_exhausted,0.020597875000021304
PSO,step_10d,10,13,0.0,0.0,30000,599,3250,True,budget_exhausted,0.020895915000437526
PSO,step_10d,10,14,0.0,0.0,30000,599,3800,True,budget_exhausted,0.020786498000234133
PSO,step_10d,10,15,0.0,0.0,30000,599,3450,True,budget_exhausted,0.02110514600008173
PSO,step_10d,10,16,0.0,0.0,30000,599,3500,True,budget_exhausted,0.020474552999985463
PSO,step_10d,10,17,0.0,0.0,30000,599,3500,True,budget_exhausted,0.020627835999221134
PSO,step_10d,10,18,0.0,0.0,30000,599,3900,True,budget_exhausted,0.020730563999677543
PSO,step_10d,10,19,0.0,0.0,30000,599,3150,True,budget_exhausted,0.02054577499984589
PSO,step_10d,10,20,0.0,0.0,30000,599,3650,True,budget_exhausted,0.0208996549999938
PSO,step_10d,10,21,0.0,0.0,30000,599,4150,True,budget_exhausted,0.02038477200039779
PSO,step_10d,10,22,0.0,0.0,30000,599,3800,True,budget_exhausted,0.020795562999410322
PSO,step_10d,10,23,0.0,0.0,30000,599,3750,True,budget_exhausted,0.020674112999586214
PSO,step_10d,10,24,0.0,0.0,30000,599,3200,True,budget_exhausted,0.020630140000321262
PSO,step_10d,10,25,0.0,0.0,30000,599,3950,True,budget_exhausted,0.0207008549996317
PSO,step_10d,10,26,0.0,0.0,30000,599,4200,True,budget_exhausted,0.020838387999901897
PSO,step_10d,10,27,0.0,0.0,30000,599,4300,True,budget_exhausted,0.020738759999403555
PSO,step_10d,10,28,0.0,0.0,30000,599,3450,True,budget_exhausted,0.02078072900076222
PSO,step_10d,10,29,0.0,0.0,30000,599,4150,True,budget_exhausted,0.020503714000369655
GA,step_10d,10,0,0.0,0.0,30000,599,3900,True,budget_exhausted,0.03849567199995363
GA,step_10d,10,1,0.0,0.0,30000,599,4800,True,budget_exhausted,0.03832950400010304
GA,step_10d,10,2,0.0,0.0,30000,599,6850,True,budget_exhausted,0.03807248500015703
GA,step_10d,10,3,0.0,0.0,30000,599,5150,True,budget_exhausted,0.03821765300017432
GA,step_10d,10,4,0.0,0.0,30000,599,2700,True,budget_exhausted,0.038074426999628486
GA,step_10d,10,5,0.0,0.0,30000,599,4850,True,budget_exhausted,0.03817986600006407
GA,step_10d,10,6,0.0,0.0,30000,599,6500,True,budget_exhausted,0.03816328600078123
GA,step_10d,10,7,0.0,0.0,30000,599,3500,True,budget_exhausted,0.03811074399982317
GA,step_10d,10,8,0.0,0.0,30000,599,10250,True,budget_exhausted,0.03827121299946157
GA,step_10d,10,9,0.0,0.0,30000,599,5150,True,budget_exhausted,0.038119894999908865
GA,step_10d,10,10,0.0,0.0,30000,599,1800,True,budget_exhausted,0.03838171400002466
GA,step_10d,10,11,0.0,0.0,30000,599,1800,True,budget_exhausted,0.03817466400050762
GA,step_10d,10,12,0.0,0.0,30000,599,14500,True,budget_exhausted,0.037921230000392825
GA,step_10d,10,13,0.0,0.0,30000,599,3950,True,budget_exhausted,0.03804192499956116
GA,step_10d,10,14,0.0,0.0,30000,599,2100,True,budget_exhausted,0.03805298099996435
GA,step_10d,10,15,0.0,0.0,30000,599,3500,True,budget_exhausted,0.03779861700058973
GA,step_10d,10,16,0.0,0.0,30000,599,2450,True,budget_exhausted,0.03809168099996896
GA,step_10d,10,17,0.0,0.0,30000,599,1750,True,budget_exhausted,0.03806682199956413
GA,step_10d,10,18,0.0,0.0,30000,599,2200,True,budget_exhausted,0.03819541200027743
GA,step_10d,10,19,0.0,0.0,30000,599,3000,True,budget_exhausted,0.038180995999937295
GA,step_10d,10,20,0.0,0.0,30000,599,8150,True,budget_exhausted,0.0385474830000021
GA,step_10d,10,21,0.0,0.0,30000,599,3750,True,budget_exhausted,0.03835443900061364
GA,step_10d,10,22,0.0,0.0,30000,599,2800,True,budget_exhausted,0.038407527999879676
GA,step_10d,10,23,0.0,0.0,30000,599,2900,True,budget_exhausted,0.03831315000024915
GA,step_10d,10,24,0.0,0.0,30000,599,10900,True,budget_exhausted,0.03870303599978797
GA,step_10d,10,25,0.0,0.0,30000,599,7400,True,budget_exhausted,0.03790410400051769
GA,step_10d,10,26,0.0,0.0,30000,599,5800,True,budget_exhausted,0.03835930199966242
GA,step_10d,10,27,0.0,0.0,30000,599,7650,True,budget_exhausted,0.038537391000318166
GA,step_10d,10,28,0.0,0.0,30000,599,2600,True,budget_exhausted,0.03812292400016304
GA,step_10d,10,29,0.0,0.0,30000,599,2200,True,budget_exhausted,0.03822821199992177
DE,step_10d,10,0,0.0,0.0,30000,599,4850,True,budget_exhausted,0.04035800800011202
DE,step_10d,10,1,0.0,0.0,30000,599,4950,True,budget_exhausted,0.040272702999573085
DE,step_10d,10,2,0.0,0.0,30000,599,5150,True,budget_exhausted,0.040069215000585245
DE,step_10d,10,3,0.0,0.0,30000,599,5450,True,budget_exhausted,0.03992023800037714
DE,step_10d,10,4,0.0,0.0,30000,599,5000,True,budget_exhausted,0.04008366600010049
DE,step_10d,10,5,0.0,0.0,30000,599,5250,True,budget_exhausted,0.04010623400063196
DE,step_10d,10,6,0.0,0.0,30000,599,4800,True,budget_exhausted,0.04004387199984194
DE,step_10d,10,7,0.0,0.0,30000,599,5100,True,budget_exhausted,0.0398780360001183
DE,step_10d,10,8,0.0,0.0,30000,599,4700,True,budget_exhausted,0.04006619600022532
DE,step_10d,10,9,0.0,0.0,30000,599,5200,True,budget_exhausted,0.039814191999539617
DE,step_10d,10,10,0.0,0.0,30000,599,4850,True,budget_exhausted,0.0400330379998195
DE,step_10d,10,11,0.0,0.0,30000,599,4600,True,budget_exhausted,0.04015557399998215
DE,step_10d,10,12,0.0,0.0,30000,599,5250,True,budget_exhausted,0.040135625999937474
DE,step_10d,10,13,0.0,0.0,30000,599,4850,True,budget_exhausted,0.04045540599963715
DE,step_10d,10,14,0.0,0.0,30000,599,5550,True,budget_exhausted,0.03943131599953631
DE,step_10d,10,15,0.0,0.0,30000,599,4350,True,budget_exhausted,0.039510567000434094
DE,step_10d,10,16,0.0,0.0,30000,599,4600,True,budget_exhausted,0.04006268200009799
DE,step_10d,10,17,0.0,0.0,30000,599,4650,True,budget_exhausted,0.039980937999644084
DE,step_10d,10,18,0.0,0.0,30000,599,4550,True,budget_exhausted,0.03974684799959505
DE,step_10d,10,19,0.0,0.0,30000,599,5300,True,budget_exhausted,0.04011353900023096
DE,step_10d,10,20,0.0,0.0,30000,599,4700,True,budget_exhausted,0.03980610300004628
DE,step_10d,10,21,0.0,0.0,30000,599,5300,True,budget_exhausted,0.04008687700024893
DE,step_10d,10,22,0.0,0.0,30000,599,5550,True,budget_exhausted,0.04584934899958171
DE,step_10d,10,23,0.0,0.0,30000,599,5150,True,budget_exhausted,0.04328612099925522
DE,step_10d,10,24,0.0,0.0,30000,599,5000,True,budget_exhausted,0.03788420600085374
DE,step_10d,10,25,0.0,0.0,30000,599,4800,True,budget_exhausted,0.03861265699924843
DE,step_10d,10,26,0.0,0.0,30000,599,5400,True,budget_exhausted,0.038837600000078965
DE,step_10d,10,27,0.0,0.0,30000,599,5000,True,budget_exhausted,0.03891451899926324
DE,step_10d,10,28,0.0,0.0,30000,599,5350,True,budget_exhausted,0.038735060000362864
DE,step_10d,10,29,0.0,0.0,30000,599,4950,True,budget_exhausted,0.038399435999963316
Random,step_10d,10,0,4660.0,4660.0,30000,600,,False,budget_exhausted,0.011751596000067366
Random,step_10d,10,1,3646.0,3646.0,30000,600,,False,budget_exhausted,0.011925178999263153
Random,step_10d,10,2,3549.0,3549.0,30000,600,,False,budget_exhausted,0.011876676999236224
Random,step_10d,10,3,4934.0,4934.0,30000,600,,False,budget_exhausted,0.011722908000592724
Random,step_10d,10,4,5670.0,5670.0,30000,600,,False,budget_exhausted,0.011775439999837545
Random,step_10d,10,5,4398.0,4398.0,30000,600,,False,budget_exhausted,0.01175339699966571
Random,step_10d,10,6,3995.0,3995.0,30000,600,,False,budget_exhausted,0.011694310999700974
Random,step_10d,10,7,5974.0,5974.0,30000,600,,False,budget_exhausted,0.01172210900040227
Random,step_10d,10,8,4790.0,4790.0,30000,600,,False,budget_exhausted,0.011705982999956177
Random,step_10d,10,9,1780.0,1780.0,30000,600,,False,budget_exhausted,0.01151807599944732
Random,step_10d,10,10,4451.0,4451.0,30000,600,,False,budget_exhausted,0.011837078999633377
Random,step_10d,10,11,3129.0,3129.0,30000,600,,False,budget_exhausted,0.011704622999786807
Random,step_10d,10,12,3181.0,3181.0,30000,600,,False,budget_exhausted,0.011717454000063299
Random,step_10d,10,13,3915.0,3915.0,30000,600,,False,budget_exhausted,0.011789723999754642
Random,step_10d,10,14,2889.0,2889.0,30000,600,,False,budget_exhausted,0.011710957999639504
Random,step_10d,10,15,4464.0,4464.0,30000,600,,False,budget_exhausted,0.011825796000266564
Random,step_10d,10,16,4033.0,4033.0,30000,600,,False,budget_exhausted,0.011604993999753788
Random,step_10d,10,17,4158.0,4158.0,30000,600,,False,budget_exhausted,0.011831216000246059
Random,step_10d,10,18,4464.0,4464.0,30000,600,,False,budget_exhausted,0.011681646999932127
Random,step_10d,10,19,2899.0,2899.0,30000,600,,False,budget_exhausted,0.01151791200027219
Random,step_10d,10,20,2539.0,2539.0,30000,600,,False,budget_exhausted,0.011587064000195824
Random,step_10d,10,21,3222.0,3222.0,30000,600,,False,budget_exhausted,0.011753654000131064
Random,step_10d,10,22,3359.0,3359.0,30000,600,,False,budget_exhausted,0.011562692000552488
Random,step_10d,10,23,5120.0,5120.0,30000,600,,False,budget_exhausted,0.01157611899998301
Random,step_10d,10,24,4152.0,4152.0,30000,600,,False,budget_exhausted,0.01202459500018449
Random,step_10d,10,25,4310.0,4310.0,30000,600,,False,budget_exhausted,0.01171359899944946
Random,step_10d,10,26,3099.0,3099.0,30000,600,,False,budget_exhausted,0.01169158500033518
Random,step_10d,10,27,4606.0,4606.0,30000,600,,False,budget_exhausted,0.011621747999924992
Random,step_10d,10,28,4434.0,4434.0,30000,600,,False,budget_exhausted,0.011799859000348079
Random,step_10d,10,29,3062.0,3062.0,30000,600,,False,budget_exhausted,0.011638482000307704
CDA (paper),step_30d,30,0,3353.0,3353.0,28319,73,,False,mean_gap,0.020073385000614508
CDA (paper),step_30d,30,1,1056.0,1056.0,28933,91,,False,mean_gap,0.021307105999767373
CDA (paper),step_30d,30,2,1930.0,1930.0,27429,80,,False,mean_gap,0.019170049000422296
CDA (paper),step_30d,30,3,867.0,867.0,31343,92,,False,mean_gap,0.022042542999770376
CDA (paper),step_30d,30,4,1337.0,1337.0,21782,80,,False,mean_gap,0.0165188479995777
CDA (paper),step_30d,30,5,837.0,837.0,22382,88,,False,mean_gap,0.017555173999426188
CDA (paper),step_30d,30,6,520.0,520.0,30789,102,,False,mean_gap,0.02249011599997175
CDA (paper),step_30d,30,7,1885.0,1885.0,23001,76,,False,mean_gap,0.01733629199952702
CDA (paper),step_30d,30,8,1682.0,1682.0,30280,86,,False,mean_gap,0.021834297999703267
CDA (paper),step_30d,30,9,1359.0,1359.0,25756,86,,False,mean_gap,0.01890993899996829
CDA (paper),step_30d,30,10,954.0,954.0,34294,96,,False,mean_gap,0.023320313000112947
CDA (paper),step_30d,30,11,1274.0,1274.0,29159,88,,False,mean_gap,0.020587001999956556
CDA (paper),step_30d,30,12,984.0,984.0,31015,98,,False,mean_gap,0.022073973000260594
CDA (paper),step_30d,30,13,708.0,708.0,26260,89,,False,mean_gap,0.01933297699997638
CDA (paper),step_30d,30,14,3183.0,3183.0,23271,69,,False,mean_gap,0.01676010499977565
CDA (paper),step_30d,30,15,687.0,687.0,25577,101,,False,mean_gap,0.01944826099952479
CDA (paper),step_30d,30,16,6246.0,6246.0,23934,55,,False,mean_gap,0.016118749000270327
CDA (paper),step_30d,30,17,1278.0,1278.0,25874,86,,False,mean_gap,0.018818595999618992
CDA (paper),step_30d,30,18,1314.0,1314.0,32575,95,,False,mean_gap,0.023160567999184423
CDA (paper),step_30d,30,19,1137.0,1137.0,28267,86,,False,mean_gap,0.02053345900003478
CDA (paper),step_30d,30,20,2489.0,2489.0,23012,67,,False,mean_gap,0.016009372000553412
CDA (paper),step_30d,30,21,10584.0,10584.0,11624,37,,False,mean_gap,0.00846588099921064
CDA (paper),step_30d,30,22,777.0,777.0,29843,90,,False,mean_gap,0.021253325999168737
CDA (paper),step_30d,30,23,777.0,777.0,25313,89,,False,mean_gap,0.01863294600025256
CDA (paper),step_30d,30,24,22002.0,22002.0,14054,31,,False,mean_gap,0.0095693149996805
CDA (paper),step_30d,30,25,25828.0,25828.0,10650,23,,False,mean_gap,0.007233011000607803
CDA (paper),step_30d,30,26,917.0,917.0,31600,95,,False,mean_gap,0.022282858999460586
CDA (paper),step_30d,30,27,16040.0,16040.0,11124,32,,False,mean_gap,0.008165113999893947
CDA (paper),step_30d,30,28,1080.0,1080.0,31854,102,,False,mean_gap,0.022869927999636275
CDA (paper),step_30d,30,29,1919.0,1919.0,29841,87,,False,mean_gap,0.020859370999460225
CDA (budgeted),step_30d,30,0,129.0,129.0,60000,81,,False,budget_exhausted,0.03794254700005695
CDA (budgeted),step_30d,30,1,79.0,79.0,60000,79,,False,budget_exhausted,0.03750562999994145
CDA (budgeted),step_30d,30,2,77.0,77.0,60000,93,,False,budget_exhausted,0.03888533000008465
CDA (budgeted),step_30d,30,3,175.0,175.0,60000,85,,False,budget_exhausted,0.03825071800019941
CDA (budgeted),step_30d,30,4,55.0,55.0,60000,87,,False,budget_exhausted,0.03854599500027689
CDA (budgeted),step_30d,30,5,112.0,112.0,60000,87,,False,budget_exhausted,0.039049097999850346
CDA (budgeted),step_30d,30,6,45.0,45.0,60000,86,,False,budget_exhausted,0.037681392999729724
CDA (budgeted),step_30d,30,7,70.0,70.0,60000,99,,False,budget_exhausted,0.03885859199999686
CDA (budgeted),step_30d,30,8,169.0,169.0,60000,94,,False,budget_exhausted,0.0391064670002379
CDA (budgeted),step_30d,30,9,108.0,108.0,60000,86,,False,budget_exhausted,0.03846056300062628
CDA (budgeted),step_30d,30,10,152.0,152.0,60000,78,,False,budget_exhausted,0.039240501000676886
CDA (budgeted),step_30d,30,11,58.0,58.0,60000,89,,False,budget_exhausted,0.03806844300015655
CDA (budgeted),step_30d,30,12,87.0,87.0,60000,74,,False,budget_exhausted,0.03722978000041621
CDA (budgeted),step_30d,30,13,151.0,151.0,60000,84,,False,budget_exhausted,0.038104639000266616
CDA (budgeted),step_30d,30,14,94.0,94.0,60000,99,,False,budget_exhausted,0.03846957099995052
CDA (budgeted),step_30d,30,15,271.0,271.0,60000,71,,False,budget_exhausted,0.03707989800022915
CDA (budgeted),step_30d,30,16,103.0,103.0,60000,81,,False,budget_exhausted,0.03734067200002755
CDA (budgeted),step_30d,30,17,114.0,114.0,60000,83,,False,budget_exhausted,0.03823434100013401
CDA (budgeted),step_30d,30,18,117.0,117.0,60000,85,,False,budget_exhausted,0.03834077800001978
CDA (budgeted),step_30d,30,19,83.0,83.0,60000,89,,False,budget_exhausted,0.037740470000244386
CDA (budgeted),step_30d,30,20,50.0,50.0,60000,93,,False,budget_exhausted,0.03949895100049616
CDA (budgeted),step_30d,30,21,163.0,163.0,60000,78,,False,budget_exhausted,0.03770457399969018
CDA (budgeted),step_30d,30,22,198.0,198.0,60000,76,,False,budget_exhausted,0.038254555000094115
CDA (budgeted),step_30d,30,23,203.0,203.0,60000,74,,False,budget_exhausted,0.03774318100022356
CDA (budgeted),step_30d,30,24,209.0,209.0,60000,82,,False,budget_exhausted,0.03844543499963038
CDA (budgeted),step_30d,30,25,88.0,88.0,60000,81,,False,budget_exhausted,0.0368711990004158
CDA (budgeted),step_30d,30,26,96.0,96.0,60000,87,,False,budget_exhausted,0.038122097000268695
CDA (budgeted),step_30d,30,27,132.0,132.0,60000,76,,False,budget_exhausted,0.037158102000830695
CDA (budgeted),step_30d,30,28,100.0,100.0,60000,83,,False,budget_exhausted,0.03746475699972507
CDA (budgeted),step_30d,30,29,338.0,338.0,60000,85,,False,budget_exhausted,0.03882758599957015
PSO,step_30d,30,0,0.0,0.0,60000,1199,11350,True,budget_exhausted,0.05204291799964267
PSO,step_30d,30,1,1.0,1.0,60000,1199,,False,budget_exhausted,0.05203081799936626
PSO,step_30d,30,2,1.0,1.0,60000,1199,,False,budget_exhausted,0.05194785599996976
PSO,step_30d,30,3,0.0,0.0,60000,1199,12300,True,budget_exhausted,0.05190609900000709
PSO,step_30d,30,4,1.0,1.0,60000,1199,,False,budget_exhausted,0.052011775999744714
PSO,step_30d,30,5,0.0,0.0,60000,1199,24600,True,budget_exhausted,0.05208048700023937
PSO,step_30d,30,6,0.0,0.0,60000,1199,41350,True,budget_exhausted,0.0522063820008043
PSO,step_30d,30,7,1.0,1.0,60000,1199,,False,budget_exhausted,0.05603045400039264
PSO,step_30d,30,8,0.0,0.0,60000,1199,13300,True,budget_exhausted,0.05227748200013593
PSO,step_30d,30,9,5.0,5.0,60000,1199,,False,budget_exhausted,0.04977910999969026
PSO,step_30d,30,10,5.0,5.0,60000,1199,,False,budget_exhausted,0.05191667399958533
PSO,step_30d,30,11,0.0,0.0,60000,1199,18200,True,budget_exhausted,0.05164046099980624
PSO,step_30d,30,12,0.0,0.0,60000,1199,53900,True,budget_exhausted,0.05159750799975882
PSO,step_30d,30,13,9.0,9.0,60000,1199,,False,budget_exhausted,0.05204866200074321
PSO,step_30d,30,14,0.0,0.0,60000,1199,10450,True,budget_exhausted,0.05156774900024175
PSO,step_30d,30,15,4.0,4.0,60000,1199,,False,budget_exhausted,0.05122325899992575
PSO,step_30d,30,16,0.0,0.0,60000,1199,9800,True,budget_exhausted,0.05136558199956198
PSO,step_30d,30,17,0.0,0.0,60000,1199,11400,True,budget_exhausted,0.05022895399997651
PSO,step_30d,30,18,1.0,1.0,60000,1199,,False,budget_exhausted,0.05164021800010232
PSO,step_30d,30,19,0.0,0.0,60000,1199,19650,True,budget_exhausted,0.051409691000117164
PSO,step_30d,30,20,1.0,1.0,60000,1199,,False,budget_exhausted,0.05116997100049048
PSO,step_30d,30,21,1.0,1.0,60000,1199,,False,budget_exhausted,0.05138210499990237
PSO,step_30d,30,22,10000.0,10000.0,60000,1199,,False,budget_exhausted,0.05145015299967781
PSO,step_30d,30,23,0.0,0.0,60000,1199,15050,True,budget_exhausted,0.05167282999991585
PSO,step_30d,30,24,0.0,0.0,60000,1199,17550,True,budget_exhausted,0.05213133400047809
PSO,step_30d,30,25,17.0,17.0,60000,1199,,False,budget_exhausted,0.051515469000150915
PSO,step_30d,30,26,1.0,1.0,60000,1199,,False,budget_exhausted,0.05132735900042462
PSO,step_30d,30,27,1.0,1.0,60000,1199,,False,budget_exhausted,0.051629454999783775
PSO,step_30d,30,28,0.0,0.0,60000,1199,35500,True,budget_exhausted,0.05375699800060829
PSO,step_30d,30,29,25.0,25.0,60000,1199,,False,budget_exhausted,0.05149223699936556
GA,step_30d,30,0,0.0,0.0,60000,1199,17400,True,budget_exhausted,0.1008213249997425
GA,step_30d,30,1,0.0,0.0,60000,1199,15900,True,budget_exhausted,0.09993411200048286
GA,step_30d,30,2,0.0,0.0,60000,1199,25650,True,budget_exhausted,0.10024722200068936
GA,step_30d,30,3,0.0,0.0,60000,1199,12850,True,budget_exhausted,0.0998580289997335
GA,step_30d,30,4,0.0,0.0,60000,1199,9750,True,budget_exhausted,0.09971523300009721
GA,step_30d,30,5,0.0,0.0,60000,1199,19350,True,budget_exhausted,0.0996908759998405
GA,step_30d,30,6,0.0,0.0,60000,1199,14550,True,budget_exhausted,0.1002503230001821
GA,step_30d,30,7,0.0,0.0,60000,1199,16200,True,budget_exhausted,0.09997254200061434
GA,step_30d,30,8,0.0,0.0,60000,1199,14050,True,budget_exhausted,0.0998294260007242
GA,step_30d,30,9,0.0,0.0,60000,1199,15950,True,budget_exhausted,0.09772110800076916
GA,step_30d,30,10,0.0,0.0,60000,1199,19700,True,budget_exhausted,0.100982591000502
GA,step_30d,30,11,0.0,0.0,60000,1199,8500,True,budget_exhausted,0.10046505500031344
GA,step_30d,30,12,0.0,0.0,60000,1199,12400,True,budget_exhausted,0.10027767000065069
GA,step_30d,30,13,0.0,0.0,60000,1199,21800,True,budget_exhausted,0.10040561299956607
GA,step_30d,30,14,0.0,0.0,60000,1199,16950,True,budget_exhausted,0.10062128600020515
GA,step_30d,30,15,0.0,0.0,60000,1199,11450,True,budget_exhausted,0.09994281499984936
GA,step_30d,30,16,0.0,0.0,60000,1199,17700,True,budget_exhausted,0.10007861400026741
GA,step_30d,30,17,0.0,0.0,60000,1199,17650,True,budget_exhausted,0.10099757199986925
GA,step_30d,30,18,0.0,0.0,60000,1199,15600,True,budget_exhausted,0.10013636399980896
GA,step_30d,30,19,0.0,0.0,60000,1199,12900,True,budget_exhausted,0.09970029499982047
GA,step_30d,30,20,0.0,0.0,60000,1199,14250,True,budget_exhausted,0.10066903599999932
GA,step_30d,30,21,0.0,0.0,60000,1199,13450,True,budget_exhausted,0.09998054800053069
GA,step_30d,30,22,0.0,0.0,60000,1199,15100,True,budget_exhausted,0.1004441039995072
GA,step_30d,30,23,0.0,0.0,60000,1199,25350,True,budget_exhausted,0.10022815200045443
GA,step_30d,30,24,0.0,0.0,60000,1199,10600,True,budget_exhausted,0.1001001009999527
GA,step_30d,30,25,0.0,0.0,60000,1199,18600,True,budget_exhausted,0.100162138000087
GA,step_30d,30,26,0.0,0.0,60000,1199,13100,True,budget_exhausted,0.10051522799949453
GA,step_30d,30,27,0.0,0.0,60000,1199,11250,True,budget_exhausted,0.10011831000065285
GA,step_30d,30,28,0.0,0.0,60000,1199,24850,True,budget_exhausted,0.10017667600004643
GA,step_30d,30,29,0.0,0.0,60000,1199,14700,True,budget_exhausted,0.09958448299948941
DE,step_30d,30,0,0.0,0.0,60000,1199,14750,True,budget_exhausted,0.0836428030006573
DE,step_30d,30,1,0.0,0.0,60000,1199,24150,True,budget_exhausted,0.08406014100000903
DE,step_30d,30,2,0.0,0.0,60000,1199,15550,True,budget_exhausted,0.08413706600003934
DE,step_30d,30,3,0.0,0.0,60000,1199,14750,True,budget_exhausted,0.08440665999933117
DE,step_30d,30,4,0.0,0.0,60000,1199,19800,True,budget_exhausted,0.08394391700039705
DE,step_30d,30,5,0.0,0.0,60000,1199,14600,True,budget_exhausted,0.08395789299993339
DE,step_30d,30,6,0.0,0.0,60000,1199,23050,True,budget_exhausted,0.08488355800000136
DE,step_30d,30,7,0.0,0.0,60000,1199,15250,True,budget_exhausted,0.08525173799989716
DE,step_30d,30,8,0.0,0.0,60000,1199,14800,True,budget_exhausted,0.0849135300004491
DE,step_30d,30,9,0.0,0.0,60000,1199,15600,True,budget_exhausted,0.08399601299970527
DE,step_30d,30,10,0.0,0.0,60000,1199,15300,True,budget_exhausted,0.08462516599956871
DE,step_30d,30,11,0.0,0.0,60000,1199,16150,True,budget_exhausted,0.08406489200024225
DE,step_30d,30,12,0.0,0.0,60000,1199,16700,True,budget_exhausted,0.08415987300031702
DE,step_30d,30,13,0.0,0.0,60000,1199,13550,True,budget_exhausted,0.08375668300050165
DE,step_30d,30,14,0.0,0.0,60000,1199,14500,True,budget_exhausted,0.08483556200008024
DE,step_30d,30,15,0.0,0.0,60000,1199,15650,True,budget_exhausted,0.08449455599929934
DE,step_30d,30,16,0.0,0.0,60000,1199,14500,True,budget_exhausted,0.08424662299967167
DE,step_30d,30,17,0.0,0.0,60000,1199,14900,True,budget_exhausted,0.08413405600003898
DE,step_30d,30,18,0.0,0.0,60000,1199,15350,True,budget_exhausted,0.08424807599931228
DE,step_30d,30,19,0.0,0.0,60000,1199,14200,True,budget_exhausted,0.08315151700026036
DE,step_30d,30,20,0.0,0.0,60000,1199,13200,True,budget_exhausted,0.0843205430001035
DE,step_30d,30,21,0.0,0.0,60000,1199,16550,True,budget_exhausted,0.08403182800066133
DE,step_30d,30,22,0.0,0.0,60000,1199,15250,True,budget_exhausted,0.08277147900025739
DE,step_30d,30,23,0.0,0.0,60000,1199,15450,True,budget_exhausted,0.084385592000217
DE,step_30d,30,24,0.0,0.0,60000,1199,16550,True,budget_exhausted,0.09394376300042495
DE,step_30d,30,25,0.0,0.0,60000,1199,15050,True,budget_exhausted,0.08409316300003411
DE,step_30d,30,26,0.0,0.0,60000,1199,15000,True,budget_exhausted,0.08434383300027548
DE,step_30d,30,27,0.0,0.0,60000,1199,13700,True,budget_exhausted,0.08453679699960048
DE,step_30d,30,28,0.0,0.0,60000,1199,14350,True,budget_exhausted,0.08432649400037917
DE,step_30d,30,29,0.0,0.0,60000,1199,15200,True,budget_exhausted,0.08394194099946617
Random,step_30d,30,0,42709.0,42709.0,60000,1200,,False,budget_exhausted,0.02722279099998559
Random,step_30d,30,1,41155.0,41155.0,60000,1200,,False,budget_exhausted,0.02704632099994342
Random,step_30d,30,2,37686.0,37686.0,60000,1200,,False,budget_exhausted,0.027184453999325342
Random,step_30d,30,3,25750.0,25750.0,60000,1200,,False,budget_exhausted,0.02646717500010709
Random,step_30d,30,4,42867.0,42867.0,60000,1200,,False,budget_exhausted,0.026759347999359306
Random,step_30d,30,5,39272.0,39272.0,60000,1200,,False,budget_exhausted,0.02718747400012944
Random,step_30d,30,6,37686.0,37686.0,60000,1200,,False,budget_exhausted,0.0278149099995062
Random,step_30d,30,7,36681.0,36681.0,60000,1200,,False,budget_exhausted,0.029559326000708097
Random,step_30d,30,8,36942.0,36942.0,60000,1200,,False,budget_exhausted,0.02870067799995013
Random,step_30d,30,9,38741.0,38741.0,60000,1200,,False,budget_exhausted,0.027045388000260573
Random,step_30d,30,10,41842.0,41842.0,60000,1200,,False,budget_exhausted,0.027318538000145054
Random,step_30d,30,11,32618.0,32618.0,60000,1200,,False,budget_exhausted,0.02745542199954798
Random,step_30d,30,12,36453.0,36453.0,60000,1200,,False,budget_exhausted,0.027466260999972292
Random,step_30d,30,13,41651.0,41651.0,60000,1200,,False,budget_exhausted,0.0271005549993788
Random,step_30d,30,14,39974.0,39974.0,60000,1200,,False,budget_exhausted,0.027447896000012406
Random,step_30d,30,15,37472.0,37472.0,60000,1200,,False,budget_exhausted,0.027732729000490508
Random,step_30d,30,16,40920.0,40920.0,60000,1200,,False,budget_exhausted,0.027228317999288265
Random,step_30d,30,17,44292.0,44292.0,60000,1200,,False,budget_exhausted,0.02724589500030561
Random,step_30d,30,18,39247.0,39247.0,60000,1200,,False,budget_exhausted,0.02731719100029295
Random,step_30d,30,19,32713.0,32713.0,60000,1200,,False,budget_exhausted,0.027441737000117428
Random,step_30d,30,20,42382.0,42382.0,60000,1200,,False,budget_exhausted,0.027140806999341294
Random,step_30d,30,21,39056.0,39056.0,60000,1200,,False,budget_exhausted,0.027246642999671167
Random,step_30d,30,22,37282.0,37282.0,60000,1200,,False,budget_exhausted,0.0272184900004504
Random,step_30d,30,23,41569.0,41569.0,60000,1200,,False,budget_exhausted,0.027227641000536096
Random,step_30d,30,24,38899.0,38899.0,60000,1200,,False,budget_exhausted,0.027137930000208144
Random,step_30d,30,25,41882.0,41882.0,60000,1200,,False,budget_exhausted,0.027128810999784037
Random,step_30d,30,26,36876.0,36876.0,60000,1200,,False,budget_exhausted,0.027308271000038076
Random,step_30d,30,27,43647.0,43647.0,60000,1200,,False,budget_exhausted,0.0270812360004129
Random,step_30d,30,28,41247.0,41247.0,60000,1200,,False,budget_exhausted,0.027203532000385167
Random,step_30d,30,29,38458.0,38458.0,60000,1200,,False,budget_exhausted,0.02718242300034035
CDA (paper),zakharov_10d,10,0,9.193888942351528,9.193888942351528,9728,39,,False,mean_gap,0.005409911000242573
CDA (paper),zakharov_10d,10,1,4.150500242229662,4.150500242229662,12324,34,,False,mean_gap,0.005615355999907479
CDA (paper),zakharov_10d,10,2,43.36896121330508,43.36896121330508,9678,24,,False,extinction,0.0041667320001579355
CDA (paper),zakharov_10d,10,3,22.28905528353083,22.28905528353083,8966,38,,False,mean_gap,0.004820753000785771
CDA (paper),zakharov_10d,10,4,37.82968795568719,37.82968795568719,8841,30,,False,extinction,0.004278207000425027
CDA (paper),zakharov_10d,10,5,23.460683042320742,23.460683042320742,9298,39,,False,mean_gap,0.00491641200005688
CDA (paper),zakharov_10d,10,6,21.016693388463803,21.016693388463803,12392,33,,False,extinction,0.005404376000115008
CDA (paper),zakharov_10d,10,7,42.5633831654228,42.5633831654228,8888,38,,False,mean_gap,0.0048663679999663145
CDA (paper),zakharov_10d,10,8,45.895073291927936,45.895073291927936,8319,24,,False,extinction,0.0037763899999845307
CDA (paper),zakharov_10d,10,9,43.916313741211276,43.916313741211276,8421,39,,False,mean_gap,0.005239289000201097
CDA (paper),zakharov_10d,10,10,25.998485133520013,25.998485133520013,8668,36,,False,mean_gap,0.0049228099996980745
CDA (paper),zakharov_10d,10,11,13.20872794816572,13.20872794816572,8098,39,,False,mean_gap,0.004702272000031371
CDA (paper),zakharov_10d,10,12,34.382275987785476,34.382275987785476,9062,26,,False,extinction,0.0040985850000652135
CDA (paper),zakharov_10d,10,13,32.7136929040268,32.7136929040268,11504,35,,False,mean_gap,0.005542910000258416
CDA (paper),zakharov_10d,10,14,30.826924425147002,30.826924425147002,8727,34,,False,mean_gap,0.004541864000202622
CDA (paper),zakharov_10d,10,15,22.517474958969263,22.517474958969263,7550,37,,False,mean_gap,0.0046368950006581144
CDA (paper),zakharov_10d,10,16,21.101129645285766,21.101129645285766,9889,38,,False,mean_gap,0.005141099000866234
CDA (paper),zakharov_10d,10,17,30.994543080662826,30.994543080662826,9087,37,,False,mean_gap,0.004823078999834252
CDA (paper),zakharov_10d,10,18,44.13414181068478,44.13414181068478,7947,36,,False,mean_gap,0.004420254000251589
CDA (paper),zakharov_10d,10,19,34.53111019050318,34.53111019050318,7972,39,,False,mean_gap,0.004673116000049049
CDA (paper),zakharov_10d,10,20,15.217328714625037,15.217328714625037,8998,36,,False,mean_gap,0.004679513000155566
CDA (paper),zakharov_10d,10,21,24.37827094948518,24.37827094948518,8377,27,,False,extinction,0.003965889000028255
CDA (paper),zakharov_10d,10,22,27.297421390119926,27.297421390119926,10668,31,,False,extinction,0.00502916500045103
CDA (paper),zakharov_10d,10,23,26.96932814248322,26.96932814248322,8891,40,,False,mean_gap,0.004869636999501381
CDA (paper),zakharov_10d,10,24,11.868764724867749,11.868764724867749,10702,30,,False,extinction,0.004776306999701774
CDA (paper),zakharov_10d,10,25,20.622739201952488,20.622739201952488,8836,38,,False,mean_gap,0.0048171030002777115
CDA (paper),zakharov_10d,10,26,58.24904440762801,58.24904440762801,7972,33,,False,mean_gap,0.004192912999315013
CDA (paper),zakharov_10d,10,27,57.360620099742256,57.360620099742256,7680,27,,False,extinction,0.0038230039999689325
CDA (paper),zakharov_10d,10,28,26.413981240258927,26.413981240258927,6981,38,,False,mean_gap,0.004329098999733105
CDA (paper),zakharov_10d,10,29,25.001479179791566,25.001479179791566,8621,33,,False,mean_gap,0.004399288000058732
CDA (budgeted),zakharov_10d,10,0,0.007442521344031196,0.007442521344031196,30000,187,,False,budget_exhausted,0.019842220000100497
CDA (budgeted),zakharov_10d,10,1,0.28133031032027683,0.28133031032027683,30000,30,,False,budget_exhausted,0.009730913000566943
CDA (budgeted),zakharov_10d,10,2,1.891650919353047,1.891650919353047,30000,29,,False,budget_exhausted,0.009507538999969256
CDA (budgeted),zakharov_10d,10,3,0.01253422633390713,0.01253422633390713,30000,191,,False,budget_exhausted,0.019832332000078168
CDA (budgeted),zakharov_10d,10,4,1.5396357951042463,1.5396357951042463,30000,35,,False,budget_exhausted,0.01004653500058339
CDA (budgeted),zakharov_10d,10,5,0.017386134988714563,0.017386134988714563,30000,188,,False,budget_exhausted,0.0195755390004706
CDA (budgeted),zakharov_10d,10,6,0.5179506580840856,0.5179506580840856,30000,43,,False,budget_exhausted,0.010500662999220367
CDA (budgeted),zakharov_10d,10,7,0.011528443917920161,0.011528443917920161,30000,189,,False,budget_exhausted,0.019788329000220983
CDA (budgeted),zakharov_10d,10,8,0.012055366480850234,0.012055366480850234,30000,176,,False,budget_exhausted,0.019036159999814117
CDA (budgeted),zakharov_10d,10,9,0.009617201733061551,0.009617201733061551,30000,105,,False,budget_exhausted,0.014396941000086372
CDA (budgeted),zakharov_10d,10,10,0.49859978667231514,0.49859978667231514,30000,35,,False,budget_exhausted,0.00976927500050806
CDA (budgeted),zakharov_10d,10,11,0.11662242087817397,0.11662242087817397,30000,88,,False,budget_exhausted,0.013529222000215668
CDA (budgeted),zakharov_10d,10,12,0.007802799832249936,0.007802799832249936,30000,185,,False,budget_exhausted,0.01941879500009236
CDA (budgeted),zakharov_10d,10,13,1.9441547933684442,1.9441547933684442,30000,34,,False,budget_exhausted,0.009754827999131521
CDA (budgeted),zakharov_10d,10,14,0.41906914125554323,0.41906914125554323,30000,41,,False,budget_exhausted,0.010414674000458035
CDA (budgeted),zakharov_10d,10,15,0.01004775520910195,0.01004775520910195,30000,185,,False,budget_exhausted,0.0198727199995119
CDA (budgeted),zakharov_10d,10,16,4.404477817533754,4.404477817533754,30000,31,,False,budget_exhausted,0.009954148999895551
CDA (budgeted),zakharov_10d,10,17,0.016081988105548138,0.016081988105548138,30000,97,,False,budget_exhausted,0.013637439999911294
CDA (budgeted),zakharov_10d,10,18,0.016263653645951236,0.016263653645951236,30000,195,,False,budget_exhausted,0.020315889999437786
CDA (budgeted),zakharov_10d,10,19,0.06030279730743203,0.06030279730743203,30000,94,,False,budget_exhausted,0.013941761999376467
CDA (budgeted),zakharov_10d,10,20,0.818814521116379,0.818814521116379,30000,36,,False,budget_exhausted,0.009882443999231327
CDA (budgeted),zakharov_10d,10,21,1.1564680733130266,1.1564680733130266,30000,34,,False,budget_exhausted,0.009674036000433262
CDA (budgeted),zakharov_10d,10,22,0.016741622958407393,0.016741622958407393,30000,193,,False,budget_exhausted,0.0201273829998172
CDA (budgeted),zakharov_10d,10,23,0.0032734923295799218,0.0032734923295799218,30000,190,,False,budget_exhausted,0.019888455999534926
CDA (budgeted),zakharov_10d,10,24,0.025391120888820458,0.025391120888820458,30000,195,,False,budget_exhausted,0.020285603999582236
CDA (budgeted),zakharov_10d,10,25,0.018407609565214065,0.018407609565214065,30000,160,,False,budget_exhausted,0.018050518000563898
CDA (budgeted),zakharov_10d,10,26,4.636028414064685,4.636028414064685,30000,30,,False,budget_exhausted,0.009608956999727525
CDA (budgeted),zakharov_10d,10,27,0.013727859046367735,0.013727859046367735,30000,184,,False,budget_exhausted,0.019264364999799
CDA (budgeted),zakharov_10d,10,28,0.21624768795877386,0.21624768795877386,30000,44,,False,budget_exhausted,0.010410205999505706
CDA (budgeted),zakharov_10d,10,29,0.010686974057735438,0.010686974057735438,30000,185,,False,budget_exhausted,0.019161892999363772
PSO,zakharov_10d,10,0,7.113461241568713e-17,7.113461241568713e-17,30000,599,11200,True,budget_exhausted,0.024784984000689292
PSO,zakharov_10d,10,1,1.092285106719084e-16,1.092285106719084e-16,30000,599,11350,True,budget_exhausted,0.02455638499941415
PSO,zakharov_10d,10,2,2.6019178284289207e-16,2.6019178284289207e-16,30000,599,11300,True,budget_exhausted,0.024757237000812893
PSO,zakharov_10d,10,3,8.338741492174069e-19,8.338741492174069e-19,30000,599,8950,True,budget_exhausted,0.024829044000398426
PSO,zakharov_10d,10,4,1.4246045378511592e-15,1.4246045378511592e-15,30000,599,10150,True,budget_exhausted,0.024622777000331553
PSO,zakharov_10d,10,5,29.926091460928102,29.926091460928102,30000,599,,False,budget_exhausted,0.024736936999943282
PSO,zakharov_10d,10,6,5.330605283125052e-16,5.330605283125052e-16,30000,599,10900,True,budget_exhausted,0.02474812800028303
PSO,zakharov_10d,10,7,1.406980767410285e-16,1.406980767410285e-16,30000,599,11850,True,budget_exhausted,0.02451370200014935
PSO,zakharov_10d,10,8,1.1467089530234808e-17,1.1467089530234808e-17,30000,599,10700,True,budget_exhausted,0.025029576000633824
PSO,zakharov_10d,10,9,1.0487813727679908e-16,1.0487813727679908e-16,30000,599,12000,True,budget_exhausted,0.02485266199983016
PSO,zakharov_10d,10,10,1.3553978255618846e-16,1.3553978255618846e-16,30000,599,11300,True,budget_exhausted,0.024562009999499423
PSO,zakharov_10d,10,11,2.8137293673773075e-16,2.8137293673773075e-16,30000,599,11700,True,budget_exhausted,0.024927905999902578
PSO,zakharov_10d,10,12,1.6241037355234808e-18,1.6241037355234808e-18,30000,599,10050,True,budget_exhausted,0.024748133000684902
PSO,zakharov_10d,10,13,9.122547876685414e-17,9.122547876685414e-17,30000,599,10100,True,budget_exhausted,0.024779669999588805
PSO,zakharov_10d,10,14,3.3400632823132883e-16,3.3400632823132883e-16,30000,599,11700,True,budget_exhausted,0.024675773000126355
PSO,zakharov_10d,10,15,4.553370471542424e-18,4.553370471542424e-18,30000,599,10700,True,budget_exhausted,0.024726065000322706
PSO,zakharov_10d,10,16,3.189296381399661e-17,3.189296381399661e-17,30000,599,10450,True,budget_exhausted,0.024676577999343863
PSO,zakharov_10d,10,17,7.086302050971851e-18,7.086302050971851e-18,30000,599,9450,True,budget_exhausted,0.024849792000168236
PSO,zakharov_10d,10,18,3.232506011197247e-16,3.232506011197247e-16,30000,599,10900,True,budget_exhausted,0.024592912000116485
PSO,zakharov_10d,10,19,4.6191157069588276e-18,4.6191157069588276e-18,30000,599,9750,True,budget_exhausted,0.024567378999563516
PSO,zakharov_10d,10,20,1.0686626568732936e-17,1.0686626568732936e-17,30000,599,10350,True,budget_exhausted,0.024791281999569037
PSO,zakharov_10d,10,21,6.992579732152801e-18,6.992579732152801e-18,30000,599,11650,True,budget_exhausted,0.02467192200037971
PSO,zakharov_10d,10,22,3.922757725783991e-18,3.922757725783991e-18,30000,599,9850,True,budget_exhausted,0.024329351000233146
PSO,zakharov_10d,10,23,7.220215382315233e-18,7.220215382315233e-18,30000,599,9950,True,budget_exhausted,0.024600292000286572
PSO,zakharov_10d,10,24,1.2981140253258526e-17,1.2981140253258526e-17,30000,599,12150,True,budget_exhausted,0.02472214099998382
PSO,zakharov_10d,10,25,3.98131957142792e-18,3.98131957142792e-18,30000,599,10350,True,budget_exhausted,0.024766096000348625
PSO,zakharov_10d,10,26,1.3777465883610813e-16,1.3777465883610813e-16,30000,599,10050,True,budget_exhausted,0.024609625000266533
PSO,zakharov_10d,10,27,5.093278789729275e-17,5.093278789729275e-17,30000,599,9500,True,budget_exhausted,0.02480519600067055
PSO,zakharov_10d,10,28,6.252209307282986e-17,6.252209307282986e-17,30000,599,11550,True,budget_exhausted,0.024373494000428764
PSO,zakharov_10d,10,29,2.5568244070309733e-17,2.5568244070309733e-17,30000,599,9400,True,budget_exhausted,0.02522538699940924
GA,zakharov_10d,10,0,2.368534883549794,2.368534883549794,30000,599,,False,budget_exhausted,0.04235735699967336
GA,zakharov_10d,10,1,0.9847284632016775,0.9847284632016775,30000,599,,False,budget_exhausted,0.042506067999966035
GA,zakharov_10d,10,2,1.1211507485201513,1.1211507485201513,30000,599,,False,budget_exhausted,0.04239189700001589
GA,zakharov_10d,10,3,0.7679756977778012,0.7679756977778012,30000,599,,False,budget_exhausted,0.04238014100064902
GA,zakharov_10d,10,4,2.997297693101118,2.997297693101118,30000,599,,False,budget_exhausted,0.04211042599945358
GA,zakharov_10d,10,5,6.6037170820602,6.6037170820602,30000,599,,False,budget_exhausted,0.04252937199998996
GA,zakharov_10d,10,6,5.054847862187283,5.054847862187283,30000,599,,False,budget_exhausted,0.042158221999670786
GA,zakharov_10d,10,7,2.1753689721187923,2.1753689721187923,30000,599,,False,budget_exhausted,0.04257981199953065
GA,zakharov_10d,10,8,0.9323474617146285,0.9323474617146285,30000,599,,False,budget_exhausted,0.042440510999767866
GA,zakharov_10d,10,9,0.44826388695449276,0.44826388695449276,30000,599,,False,budget_exhausted,0.04270634099975723
GA,zakharov_10d,10,10,2.1929205327173915,2.1929205327173915,30000,599,,False,budget_exhausted,0.042513766000411124
GA,zakharov_10d,10,11,2.083950924097984,2.083950924097984,30000,599,,False,budget_exhausted,0.042407145000652235
GA,zakharov_10d,10,12,1.265383087069216,1.265383087069216,30000,599,,False,budget_exhausted,0.04178923899962683
GA,zakharov_10d,10,13,2.8319890307146305,2.8319890307146305,30000,599,,False,budget_exhausted,0.042305792999286496
GA,zakharov_10d,10,14,5.558298144549897,5.558298144549897,30000,599,,False,budget_exhausted,0.042273488999853726
GA,zakharov_10d,10,15,2.044493924427197,2.044493924427197,30000,599,,False,budget_exhausted,0.042495788000451284
GA,zakharov_10d,10,16,5.125385565562766,5.125385565562766,30000,599,,False,budget_exhausted,0.042592204000357015
GA,zakharov_10d,10,17,1.6171649287327796,1.6171649287327796,30000,599,,False,budget_exhausted,0.04242174900082318
GA,zakharov_10d,10,18,7.580518888858955,7.580518888858955,30000,599,,False,budget_exhausted,0.04241674599961698
GA,zakharov_10d,10,19,1.8265202353921624,1.8265202353921624,30000,599,,False,budget_exhausted,0.04253793800035055
GA,zakharov_10d,10,20,5.767692505158942,5.767692505158942,30000,599,,False,budget_exhausted,0.0422048079999513
GA,zakharov_10d,10,21,0.22989762130616087,0.22989762130616087,30000,599,,False,budget_exhausted,0.04241432600065309
GA,zakharov_10d,10,22,1.5983763029178994,1.5983763029178994,30000,599,,False,budget_exhausted,0.04223430099955294
GA,zakharov_10d,10,23,2.0704402846848113,2.0704402846848113,30000,599,,False,budget_exhausted,0.04246157800025685
GA,zakharov_10d,10,24,1.2256466401001163,1.2256466401001163,30000,599,,False,budget_exhausted,0.0421565719998398
GA,zakharov_10d,10,25,4.9091384600488155,4.9091384600488155,30000,599,,False,budget_exhausted,0.04237285699946369
GA,zakharov_10d,10,26,6.647340787475582,6.647340787475582,30000,599,,False,budget_exhausted,0.04263137999987521
GA,zakharov_10d,10,27,1.2057117193855695,1.2057117193855695,30000,599,,False,budget_exhausted,0.042757335999340285
GA,zakharov_10d,10,28,0.42643427428312036,0.42643427428312036,30000,599,,False,budget_exhausted,0.04237960099999327
GA,zakharov_10d,10,29,0.29951134073149166,0.29951134073149166,30000,599,,False,budget_exhausted,0.04260231999978714
DE,zakharov_10d,10,0,2.6381335978215356e-15,2.6381335978215356e-15,30000,599,12650,True,budget_exhausted,0.042918477000057464
DE,zakharov_10d,10,1,1.4787989244802587e-16,1.4787989244802587e-16,30000,599,11000,True,budget_exhausted,0.04289242499999091
DE,zakharov_10d,10,2,5.3036630713505544e-17,5.3036630713505544e-17,30000,599,9450,True,budget_exhausted,0.04317743299998256
DE,zakharov_10d,10,3,1.1568777254251755e-16,1.1568777254251755e-16,30000,599,10300,True,budget_exhausted,0.04291916600050172
DE,zakharov_10d,10,4,5.038846925384181e-17,5.038846925384181e-17,30000,599,11100,True,budget_exhausted,0.04313979400012613
DE,zakharov_10d,10,5,1.1726932546567303e-16,1.1726932546567303e-16,30000,599,10750,True,budget_exhausted,0.04229591300008906
DE,zakharov_10d,10,6,1.0375086863404553e-16,1.0375086863404553e-16,30000,599,9950,True,budget_exhausted,0.042514249999840104
DE,zakharov_10d,10,7,8.95411189451116e-17,8.95411189451116e-17,30000,599,10700,True,budget_exhausted,0.04262207600004331
DE,zakharov_10d,10,8,6.487788483037752e-17,6.487788483037752e-17,30000,599,10400,True,budget_exhausted,0.0410003120005058
DE,zakharov_10d,10,9,1.6413954009888808e-16,1.6413954009888808e-16,30000,599,11350,True,budget_exhausted,0.04185823899933894
DE,zakharov_10d,10,10,6.41237870337898e-16,6.41237870337898e-16,30000,599,12500,True,budget_exhausted,0.04165308899973752
DE,zakharov_10d,10,11,5.626305432932396e-17,5.626305432932396e-17,30000,599,9650,True,budget_exhausted,0.04173090099993715
DE,zakharov_10d,10,12,1.5514173684187216e-16,1.5514173684187216e-16,30000,599,10850,True,budget_exhausted,0.0417021899993415
DE,zakharov_10d,10,13,9.699218228247281e-18,9.699218228247281e-18,30000,599,10000,True,budget_exhausted,0.04110749699975713
DE,zakharov_10d,10,14,7.238213516844331e-17,7.238213516844331e-17,30000,599,11150,True,budget_exhausted,0.04172289600046497
DE,zakharov_10d,10,15,2.5827381128956163e-16,2.5827381128956163e-16,30000,599,11200,True,budget_exhausted,0.041840365000098245
DE,zakharov_10d,10,16,8.812028114398685e-17,8.812028114398685e-17,30000,599,10900,True,budget_exhausted,0.041830447999927856
DE,zakharov_10d,10,17,1.0185884039823656e-16,1.0185884039823656e-16,30000,599,10550,True,budget_exhausted,0.04174632099966402
DE,zakharov_10d,10,18,1.6997367895409213e-16,1.6997367895409213e-16,30000,599,10500,True,budget_exhausted,0.042300776000047335
DE,zakharov_10d,10,19,4.775554573508882e-17,4.775554573508882e-17,30000,599,10200,True,budget_exhausted,0.0411798799996177
DE,zakharov_10d,10,20,3.7546119489990753e-16,3.7546119489990753e-16,30000,599,11650,True,budget_exhausted,0.04196823699930974
DE,zakharov_10d,10,21,9.190621170514695e-17,9.190621170514695e-17,30000,599,10450,True,budget_exhausted,0.04160313000011229
DE,zakharov_10d,10,22,1.884465445780434e-17,1.884465445780434e-17,30000,599,10200,True,budget_exhausted,0.04163959000015893
DE,zakharov_10d,10,23,5.317867739274076e-16,5.317867739274076e-16,30000,599,11350,True,budget_exhausted,0.04144416000053752
DE,zakharov_10d,10,24,1.0705220101051389e-16,1.0705220101051389e-16,30000,599,11100,True,budget_exhausted,0.04169344199999614
DE,zakharov_10d,10,25,3.649827407850637e-16,3.649827407850637e-16,30000,599,10550,True,budget_exhausted,0.041937105000215524
DE,zakharov_10d,10,26,3.187751825326621e-17,3.187751825326621e-17,30000,599,9800,True,budget_exhausted,0.04155049200016947
DE,zakharov_10d,10,27,6.286019753010684e-17,6.286019753010684e-17,30000,599,10250,True,budget_exhausted,0.04184843299935892
DE,zakharov_10d,10,28,5.274941104478733e-17,5.274941104478733e-17,30000,599,10050,True,budget_exhausted,0.04181333199994697
DE,zakharov_10d,10,29,1.493415330921532e-16,1.493415330921532e-16,30000,599,11000,True,budget_exhausted,0.04182545799994841
Random,zakharov_10d,10,0,44.371738692898475,44.371738692898475,30000,600,,False,budget_exhausted,0.015100269999493321
Random,zakharov_10d,10,1,45.28782967694655,45.28782967694655,30000,600,,False,budget_exhausted,0.01524504299959517
Random,zakharov_10d,10,2,41.54603594774666,41.54603594774666,30000,600,,False,budget_exhausted,0.014916951000486733
Random,zakharov_10d,10,3,41.55272175280978,41.55272175280978,30000,600,,False,budget_exhausted,0.015085515000464511
Random,zakharov_10d,10,4,40.74204765277705,40.74204765277705,30000,600,,False,budget_exhausted,0.015131219999602763
Random,zakharov_10d,10,5,30.910185473927964,30.910185473927964,30000,600,,False,budget_exhausted,0.015043436999803816
Random,zakharov_10d,10,6,28.53006205142258,28.53006205142258,30000,600,,False,budget_exhausted,0.014931685000192374
Random,zakharov_10d,10,7,44.100909065289216,44.100909065289216,30000,600,,False,budget_exhausted,0.014998186000411806
Random,zakharov_10d,10,8,30.525909694194997,30.525909694194997,30000,600,,False,budget_exhausted,0.015034123999612348
Random,zakharov_10d,10,9,40.69783415282464,40.69783415282464,30000,600,,False,budget_exhausted,0.015055967000080273
Random,zakharov_10d,10,10,58.75416160451071,58.75416160451071,30000,600,,False,budget_exhausted,0.014956303999497322
Random,zakharov_10d,10,11,52.86953622195978,52.86953622195978,30000,600,,False,budget_exhausted,0.014986764999775914
Random,zakharov_10d,10,12,32.61198689900213,32.61198689900213,30000,600,,False,budget_exhausted,0.015026596999632602
Random,zakharov_10d,10,13,51.19112959319676,51.19112959319676,30000,600,,False,budget_exhausted,0.014928311000403482
Random,zakharov_10d,10,14,34.7536340116204,34.7536340116204,30000,600,,False,budget_exhausted,0.01507550899987109
Random,zakharov_10d,10,15,44.29962028070439,44.29962028070439,30000,600,,False,budget_exhausted,0.015175056999396475
Random,zakharov_10d,10,16,25.559872096501206,25.559872096501206,30000,600,,False,budget_exhausted,0.015037751000818389
Random,zakharov_10d,10,17,26.406405504141524,26.406405504141524,30000,600,,False,budget_exhausted,0.015064097000504262
Random,zakharov_10d,10,18,48.118085730160445,48.118085730160445,30000,600,,False,budget_exhausted,0.015035552999506763
Random,zakharov_10d,10,19,29.56286618201672,29.56286618201672,30000,600,,False,budget_exhausted,0.01512944099977176
Random,zakharov_10d,10,20,15.905572186956384,15.905572186956384,30000,600,,False,budget_exhausted,0.015291790999981458
Random,zakharov_10d,10,21,32.01070547348273,32.01070547348273,30000,600,,False,budget_exhausted,0.015122654999686347
Random,zakharov_10d,10,22,29.161670777156132,29.161670777156132,30000,600,,False,budget_exhausted,0.015205513999717368
Random,zakharov_10d,10,23,18.588186896473346,18.588186896473346,30000,600,,False,budget_exhausted,0.015144860999498633
Random,zakharov_10d,10,24,39.161111158196704,39.161111158196704,30000,600,,False,budget_exhausted,0.014979327999753878
Random,zakharov_10d,10,25,39.289131735188555,39.289131735188555,30000,600,,False,budget_exhausted,0.014998153999840724
Random,zakharov_10d,10,26,47.65877647109056,47.65877647109056,30000,600,,False,budget_exhausted,0.0150835439999355
Random,zakharov_10d,10,27,38.49350501228567,38.49350501228567,30000,600,,False,budget_exhausted,0.015071052000166674
Random,zakharov_10d,10,28,37.324235324832316,37.324235324832316,30000,600,,False,budget_exhausted,0.015085880999322399
Random,zakharov_10d,10,29,24.369239827766414,24.369239827766414,30000,600,,False,budget_exhausted,0.014767417999792087
CDA (paper),rosenbrock_2d,2,0,2.3649293237250991e-07,2.3649293237250991e-07,8536,18,6079,True,extinction,0.002177174000280502
CDA (paper),rosenbrock_2d,2,1,9.273895719574949e-07,9.273895719574949e-07,7897,17,5167,True,extinction,0.0019880649997503497
CDA (paper),rosenbrock_2d,2,2,8.599991474015231e-08,8.599991474015231e-08,6639,19,6420,True,extinction,0.001966122999874642
CDA (paper),rosenbrock_2d,2,3,5.798575950218853e-05,5.798575950218853e-05,6754,21,6098,True,mean_gap,0.002125427999999374
CDA (paper),rosenbrock_2d,2,4,2.924314743612965e-06,2.924314743612965e-06,7312,24,2839,True,mean_gap,0.0023280219993466744
CDA (paper),rosenbrock_2d,2,5,0.00020905960228682913,0.00020905960228682913,5454,21,,False,extinction,0.0019616919998952653
CDA (paper),rosenbrock_2d,2,6,0.0005582476905342252,0.0005582476905342252,7361,27,,False,mean_gap,0.002464910000526288
CDA (paper),rosenbrock_2d,2,7,0.0008727743029022697,0.0008727743029022697,5735,30,,False,mean_gap,0.0025178810001307284
CDA (paper),rosenbrock_2d,2,8,0.00025620204071934806,0.00025620204071934806,6006,30,,False,mean_gap,0.0025049169998965226
CDA (paper),rosenbrock_2d,2,9,0.00017530394326957145,0.00017530394326957145,7111,27,,False,mean_gap,0.002407704000688682
CDA (paper),rosenbrock_2d,2,10,2.0024792668812987e-05,2.0024792668812987e-05,5617,21,4338,True,extinction,0.001959844000339217
CDA (paper),rosenbrock_2d,2,11,3.084697489348379e-05,3.084697489348379e-05,5725,26,4536,True,mean_gap,0.002316201000212459
CDA (paper),rosenbrock_2d,2,12,0.0002859820383023169,0.0002859820383023169,6183,31,,False,mean_gap,0.0026618820002113353
CDA (paper),rosenbrock_2d,2,13,6.724186272889932e-07,6.724186272889932e-07,6343,14,5474,True,extinction,0.0016679169993949472
CDA (paper),rosenbrock_2d,2,14,7.870371756547388e-07,7.870371756547388e-07,7062,20,6032,True,mean_gap,0.0020738359999086242
CDA (paper),rosenbrock_2d,2,15,4.461563575199385e-06,4.461563575199385e-06,6464,14,5711,True,extinction,0.0016555729998799507
CDA (paper),rosenbrock_2d,2,16,2.1808854581506617e-07,2.1808854581506617e-07,7653,14,5288,True,extinction,0.0017101180001191096
CDA (paper),rosenbrock_2d,2,17,0.00011473705863927093,0.00011473705863927093,6267,27,,False,mean_gap,0.002456247999361949
CDA (paper),rosenbrock_2d,2,18,1.629565736570205e-06,1.629565736570205e-06,7401,16,4541,True,extinction,0.0019354710002517095
CDA (paper),rosenbrock_2d,2,19,1.4538015682276352e-05,1.4538015682276352e-05,5532,25,4951,True,mean_gap,0.0023017600005914574
CDA (paper),rosenbrock_2d,2,20,5.421157387623794e-06,5.421157387623794e-06,7866,18,5046,True,extinction,0.002083839000079024
CDA (paper),rosenbrock_2d,2,21,3.205740980601698e-05,3.205740980601698e-05,6480,22,6127,True,extinction,0.0022229409996725735
CDA (paper),rosenbrock_2d,2,22,0.0009197300022709291,0.0009197300022709291,6515,25,,False,mean_gap,0.0024882670004444662
CDA (paper),rosenbrock_2d,2,23,1.720553428603213e-06,1.720553428603213e-06,8535,29,5242,True,mean_gap,0.0028999670003031497
CDA (paper),rosenbrock_2d,2,24,1.0758029823172985e-07,1.0758029823172985e-07,8619,20,5452,True,mean_gap,0.002330084999812243
CDA (paper),rosenbrock_2d,2,25,4.374011275658427e-05,4.374011275658427e-05,6398,25,3583,True,extinction,0.002353808000407298
CDA (paper),rosenbrock_2d,2,26,0.00028484200340838983,0.00028484200340838983,5649,31,,False,mean_gap,0.0026625609998518485
CDA (paper),rosenbrock_2d,2,27,8.693654151703264e-06,8.693654151703264e-06,6220,23,2544,True,mean_gap,0.002260677000776923
CDA (paper),rosenbrock_2d,2,28,2.688171972674969e-07,2.688171972674969e-07,6779,21,6238,True,extinction,0.002156649000426114
CDA (paper),rosenbrock_2d,2,29,0.0001476888557517065,0.0001476888557517065,7903,23,,False,extinction,0.0023959719992490136
CDA (budgeted),rosenbrock_2d,2,0,0.0008744934243103962,0.0008744934243103962,10000,16,,False,budget_exhausted,0.0021957349999865983
CDA (budgeted),rosenbrock_2d,2,1,0.0007181495185121633,0.0007181495185121633,10000,9,,False,budget_exhausted,0.0015699030000178027
CDA (budgeted),rosenbrock_2d,2,2,0.0008165486127668489,0.0008165486127668489,10000,14,,False,budget_exhausted,0.0019804060002570623
CDA (budgeted),rosenbrock_2d,2,3,0.0003625176105506637,0.0003625176105506637,10000,15,,False,budget_exhausted,0.0020349850001366576
CDA (budgeted),rosenbrock_2d,2,4,0.0009601761932800406,0.0009601761932800406,10000,14,,False,budget_exhausted,0.0019038210002690903
CDA (budgeted),rosenbrock_2d,2,5,0.0003780813487398826,0.0003780813487398826,10000,11,,False,budget_exhausted,0.001739610000186076
CDA (budgeted),rosenbrock_2d,2,6,0.0013971681253684696,0.0013971681253684696,10000,14,,False,budget_exhausted,0.0019259250002505723
CDA (budgeted),rosenbrock_2d,2,7,0.0005724256885728462,0.0005724256885728462,10000,9,,False,budget_exhausted,0.0015648640001018066
CDA (budgeted),rosenbrock_2d,2,8,0.0001998417476728198,0.0001998417476728198,10000,10,,False,budget_exhausted,0.001649556999836932
CDA (budgeted),rosenbrock_2d,2,9,0.003247988228631805,0.003247988228631805,10000,9,,False,budget_exhausted,0.0016432930005976232
CDA (budgeted),rosenbrock_2d,2,10,5.831908242465985e-05,5.831908242465985e-05,10000,15,6822,True,budget_exhausted,0.0020761770001627156
CDA (budgeted),rosenbrock_2d,2,11,0.0003384950398751244,0.0003384950398751244,10000,16,,False,budget_exhausted,0.00210116400012339
CDA (budgeted),rosenbrock_2d,2,12,0.00471043074326249,0.00471043074326249,10000,15,,False,budget_exhausted,0.002008333999583556
CDA (budgeted),rosenbrock_2d,2,13,0.0007244881367774411,0.0007244881367774411,10000,14,,False,budget_exhausted,0.002023774000008416
CDA (budgeted),rosenbrock_2d,2,14,0.000873997906597433,0.000873997906597433,10000,11,,False,budget_exhausted,0.0016994769994198577
CDA (budgeted),rosenbrock_2d,2,15,0.000620004307125924,0.000620004307125924,10000,10,,False,budget_exhausted,0.0016335099999196245
CDA (budgeted),rosenbrock_2d,2,16,0.0012218216822089312,0.0012218216822089312,10000,10,,False,budget_exhausted,0.0015997640002751723
CDA (budgeted),rosenbrock_2d,2,17,0.0027874097469834293,0.0027874097469834293,10000,16,,False,budget_exhausted,0.002210824000030698
CDA (budgeted),rosenbrock_2d,2,18,0.00013255728446008938,0.00013255728446008938,10000,10,,False,budget_exhausted,0.001651321000281314
CDA (budgeted),rosenbrock_2d,2,19,0.0017092016279437775,0.0017092016279437775,10000,15,,False,budget_exhausted,0.002067138000711566
CDA (budgeted),rosenbrock_2d,2,20,0.00017292011992977435,0.00017292011992977435,10000,14,,False,budget_exhausted,0.0018438719998812303
CDA (budgeted),rosenbrock_2d,2,21,0.0003724940450703272,0.0003724940450703272,10000,11,,False,budget_exhausted,0.0015777859998706845
CDA (budgeted),rosenbrock_2d,2,22,8.892250721191097e-05,8.892250721191097e-05,10000,13,9201,True,budget_exhausted,0.0016544649997740635
CDA (budgeted),rosenbrock_2d,2,23,0.0022896384244182515,0.0022896384244182515,10000,10,,False,budget_exhausted,0.0015324309997595265
CDA (budgeted),rosenbrock_2d,2,24,5.06719491366385e-06,5.06719491366385e-06,10000,14,7943,True,budget_exhausted,0.0017941209998753038
CDA (budgeted),rosenbrock_2d,2,25,0.0003078335644598248,0.0003078335644598248,10000,15,,False,budget_exhausted,0.0019196969997210545
CDA (budgeted),rosenbrock_2d,2,26,0.0007084562697708147,0.0007084562697708147,10000,9,,False,budget_exhausted,0.0014626940001107869
CDA (budgeted),rosenbrock_2d,2,27,0.0004425530636438783,0.0004425530636438783,10000,15,,False,budget_exhausted,0.001892095000584959
CDA (budgeted),rosenbrock_2d,2,28,0.0005703516871231026,0.0005703516871231026,10000,15,,False,budget_exhausted,0.0019301149995953892
CDA (budgeted),rosenbrock_2d,2,29,0.00015348371541835774,0.00015348371541835774,10000,14,,False,budget_exhausted,0.0018041740004264284
PSO,rosenbrock_2d,2,0,4.883524464392953e-09,4.883524464392953e-09,10000,199,2250,True,budget_exhausted,0.006806280999626324
PSO,rosenbrock_2d,2,1,6.885679975065973e-11,6.885679975065973e-11,10000,199,1950,True,budget_exhausted,0.006734585000231164
PSO,rosenbrock_2d,2,2,1.5238000202994524e-10,1.5238000202994524e-10,10000,199,2500,True,budget_exhausted,0.006701948000227276
PSO,rosenbrock_2d,2,3,2.4929725137603155e-10,2.4929725137603155e-10,10000,199,1500,True,budget_exhausted,0.006604799000342609
PSO,rosenbrock_2d,2,4,3.862184294037439e-12,3.862184294037439e-12,10000,199,2150,True,budget_exhausted,0.006699773000036657
PSO,rosenbrock_2d,2,5,4.465848536478443e-11,4.465848536478443e-11,10000,199,1800,True,budget_exhausted,0.006636905000050319
PSO,rosenbrock_2d,2,6,1.156755454659252e-12,1.156755454659252e-12,10000,199,1800,True,budget_exhausted,0.006611134999729984
PSO,rosenbrock_2d,2,7,1.1108494564704166e-10,1.1108494564704166e-10,10000,199,1400,True,budget_exhausted,0.006662316999609175
PSO,rosenbrock_2d,2,8,1.2877297231005456e-10,1.2877297231005456e-10,10000,199,2650,True,budget_exhausted,0.006650651000200014
PSO,rosenbrock_2d,2,9,2.3650491706751094e-10,2.3650491706751094e-10,10000,199,2000,True,budget_exhausted,0.006683427000098163
PSO,rosenbrock_2d,2,10,2.0776279441172436e-11,2.0776279441172436e-11,10000,199,1250,True,budget_exhausted,0.006637277000663744
PSO,rosenbrock_2d,2,11,1.0343820772248842e-11,1.0343820772248842e-11,10000,199,2750,True,budget_exhausted,0.006673937999948976
PSO,rosenbrock_2d,2,12,1.8125550680958495e-12,1.8125550680958495e-12,10000,199,1850,True,budget_exhausted,0.006581364999874495
PSO,rosenbrock_2d,2,13,3.72746542977047e-11,3.72746542977047e-11,10000,199,2700,True,budget_exhausted,0.006556873000590713
PSO,rosenbrock_2d,2,14,3.816111991197788e-12,3.816111991197788e-12,10000,199,2050,True,budget_exhausted,0.006550799000251573
PSO,rosenbrock_2d,2,15,7.75810656836645e-14,7.75810656836645e-14,10000,199,1900,True,budget_exhausted,0.006481048999376071
PSO,rosenbrock_2d,2,16,1.420768426061286e-11,1.420768426061286e-11,10000,199,1150,True,budget_exhausted,0.006476561999988917
PSO,rosenbrock_2d,2,17,1.3953334254864783e-11,1.3953334254864783e-11,10000,199,1400,True,budget_exhausted,0.006555140999807918
PSO,rosenbrock_2d,2,18,3.482632318772689e-11,3.482632318772689e-11,10000,199,2150,True,budget_exhausted,0.006629983000493667
PSO,rosenbrock_2d,2,19,4.070571632326271e-11,4.070571632326271e-11,10000,199,2600,True,budget_exhausted,0.006695136000416824
PSO,rosenbrock_2d,2,20,1.0033304304177053e-08,1.0033304304177053e-08,10000,199,4000,True,budget_exhausted,0.006609574000322027
PSO,rosenbrock_2d,2,21,5.378357580138386e-10,5.378357580138386e-10,10000,199,3550,True,budget_exhausted,0.006664162000561191
PSO,rosenbrock_2d,2,22,7.619522104208479e-12,7.619522104208479e-12,10000,199,1750,True,budget_exhausted,0.006600558000172896
PSO,rosenbrock_2d,2,23,3.04140958811314e-12,3.04140958811314e-12,10000,199,1600,True,budget_exhausted,0.006632844000705518
PSO,rosenbrock_2d,2,24,2.9019687111692732e-11,2.9019687111692732e-11,10000,199,1600,True,budget_exhausted,0.006704334000460221
PSO,rosenbrock_2d,2,25,2.910161977964026e-09,2.910161977964026e-09,10000,199,1150,True,budget_exhausted,0.0066383029998178245
PSO,rosenbrock_2d,2,26,3.686306142112065e-10,3.686306142112065e-10,10000,199,3300,True,budget_exhausted,0.006663289999778499
PSO,rosenbrock_2d,2,27,1.84004239179654e-11,1.84004239179654e-11,10000,199,2400,True,budget_exhausted,0.00660727299964492
PSO,rosenbrock_2d,2,28,1.2586352784414172e-11,1.2586352784414172e-11,10000,199,1650,True,budget_exhausted,0.006596797000383958
PSO,rosenbrock_2d,2,29,2.385698725876425e-10,2.385698725876425e-10,10000,199,2850,True,budget_exhausted,0.006638726999881328
GA,rosenbrock_2d,2,0,0.04306125620733804,0.04306125620733804,10000,199,,False,budget_exhausted,0.011427769999500015
GA,rosenbrock_2d,2,1,0.11656563768988834,0.11656563768988834,10000,199,,False,budget_exhausted,0.011180944999978237
GA,rosenbrock_2d,2,2,0.011871480316698338,0.011871480316698338,10000,199,,False,budget_exhausted,0.011244751000049291
GA,rosenbrock_2d,2,3,2.769767690199642e-05,2.769767690199642e-05,10000,199,850,True,budget_exhausted,0.01111873799982277
GA,rosenbrock_2d,2,4,0.26787291901560056,0.26787291901560056,10000,199,,False,budget_exhausted,0.01118526699974609
GA,rosenbrock_2d,2,5,0.3686354636233338,0.3686354636233338,10000,199,,False,budget_exhausted,0.011249217999647954
GA,rosenbrock_2d,2,6,0.0012336273329230862,0.0012336273329230862,10000,199,,False,budget_exhausted,0.011334130999784975
GA,rosenbrock_2d,2,7,0.1294018872967035,0.1294018872967035,10000,199,,False,budget_exhausted,0.011069724000662973
GA,rosenbrock_2d,2,8,0.0010022434493690744,0.0010022434493690744,10000,199,,False,budget_exhausted,0.011261718999776349
GA,rosenbrock_2d,2,9,0.24252284881027214,0.24252284881027214,10000,199,,False,budget_exhausted,0.011205984000298486
GA,rosenbrock_2d,2,10,7.378322585978642e-05,7.378322585978642e-05,10000,199,950,True,budget_exhausted,0.011242929000218282
GA,rosenbrock_2d,2,11,0.3160106926850131,0.3160106926850131,10000,199,,False,budget_exhausted,0.011309952000374324
GA,rosenbrock_2d,2,12,0.021344189785192168,0.021344189785192168,10000,199,,False,budget_exhausted,0.011016929000106757
GA,rosenbrock_2d,2,13,0.00013888086871431484,0.00013888086871431484,10000,199,,False,budget_exhausted,0.011210435000066354
GA,rosenbrock_2d,2,14,0.0002507809127932008,0.0002507809127932008,10000,199,,False,budget_exhausted,0.011184544000570895
GA,rosenbrock_2d,2,15,0.0024982593502164414,0.0024982593502164414,10000,199,,False,budget_exhausted,0.011281031999715196
GA,rosenbrock_2d,2,16,0.0005073710637188284,0.0005073710637188284,10000,199,,False,budget_exhausted,0.011167487000420806
GA,rosenbrock_2d,2,17,0.027799705508571373,0.027799705508571373,10000,199,,False,budget_exhausted,0.011440461999882245
GA,rosenbrock_2d,2,18,0.0042379846469372704,0.0042379846469372704,10000,199,,False,budget_exhausted,0.01118257599955541
GA,rosenbrock_2d,2,19,0.12544354284163323,0.12544354284163323,10000,199,,False,budget_exhausted,0.011074504999669443
GA,rosenbrock_2d,2,20,0.0008659167585778974,0.0008659167585778974,10000,199,,False,budget_exhausted,0.011325346999910835
GA,rosenbrock_2d,2,21,0.0063896282485630855,0.0063896282485630855,10000,199,,False,budget_exhausted,0.011174504999871715
GA,rosenbrock_2d,2,22,0.0026062202364341147,0.0026062202364341147,10000,199,,False,budget_exhausted,0.01120683800036204
GA,rosenbrock_2d,2,23,0.001927150377350823,0.001927150377350823,10000,199,,False,budget_exhausted,0.01119871700029762
GA,rosenbrock_2d,2,24,2.0472419695118523e-05,2.0472419695118523e-05,10000,199,3500,True,budget_exhausted,0.010964228000375442
GA,rosenbrock_2d,2,25,2.588138488445285e-05,2.588138488445285e-05,10000,199,1050,True,budget_exhausted,0.011189715000000433
GA,rosenbrock_2d,2,26,0.016726161377569555,0.016726161377569555,10000,199,,False,budget_exhausted,0.011389539999981935
GA,rosenbrock_2d,2,27,0.00337708903509668,0.00337708903509668,10000,199,,False,budget_exhausted,0.01126616900000954
GA,rosenbrock_2d,2,28,0.02654287135396726,0.02654287135396726,10000,199,,False,budget_exhausted,0.010656772999936948
GA,rosenbrock_2d,2,29,0.15548030030070117,0.15548030030070117,10000,199,,False,budget_exhausted,0.011194063999937498
DE,rosenbrock_2d,2,0,0.0,0.0,10000,199,1450,True,budget_exhausted,0.01265296000019589
DE,rosenbrock_2d,2,1,0.0,0.0,10000,199,1700,True,budget_exhausted,0.01248729800045112
DE,rosenbrock_2d,2,2,0.0,0.0,10000,199,1300,True,budget_exhausted,0.012639335000130814
DE,rosenbrock_2d,2,3,0.0,0.0,10000,199,1150,True,budget_exhausted,0.012516920000052778
DE,rosenbrock_2d,2,4,0.0,0.0,10000,199,1250,True,budget_exhausted,0.012560076000227127
DE,rosenbrock_2d,2,5,0.0,0.0,10000,199,1550,True,budget_exhausted,0.012487420000070415
DE,rosenbrock_2d,2,6,0.0,0.0,10000,199,2050,True,budget_exhausted,0.012532567000562267
DE,rosenbrock_2d,2,7,0.0,0.0,10000,199,1250,True,budget_exhausted,0.012555045000226528
DE,rosenbrock_2d,2,8,0.0,0.0,10000,199,1650,True,budget_exhausted,0.012585661000230175
DE,rosenbrock_2d,2,9,0.0,0.0,10000,199,1100,True,budget_exhausted,0.012576336000165611
DE,rosenbrock_2d,2,10,0.0,0.0,10000,199,1650,True,budget_exhausted,0.01253665300009743
DE,rosenbrock_2d,2,11,0.0,0.0,10000,199,1450,True,budget_exhausted,0.012614852999831783
DE,rosenbrock_2d,2,12,0.0,0.0,10000,199,1800,True,budget_exhausted,0.012626351000108116
DE,rosenbrock_2d,2,13,0.0,0.0,10000,199,1650,True,budget_exhausted,0.012527417000455898
DE,rosenbrock_2d,2,14,0.0,0.0,10000,199,1450,True,budget_exhausted,0.013024120999943989
DE,rosenbrock_2d,2,15,0.0,0.0,10000,199,1000,True,budget_exhausted,0.012883207999948354
DE,rosenbrock_2d,2,16,0.0,0.0,10000,199,1700,True,budget_exhausted,0.012984302000404568
DE,rosenbrock_2d,2,17,0.0,0.0,10000,199,1050,True,budget_exhausted,0.012658134999583126
DE,rosenbrock_2d,2,18,0.0,0.0,10000,199,1200,True,budget_exhausted,0.012685141000474687
DE,rosenbrock_2d,2,19,0.0,0.0,10000,199,1450,True,budget_exhausted,0.012512148000496381
DE,rosenbrock_2d,2,20,0.0,0.0,10000,199,1600,True,budget_exhausted,0.012593388999448507
DE,rosenbrock_2d,2,21,0.0,0.0,10000,199,800,True,budget_exhausted,0.01261362100012775
DE,rosenbrock_2d,2,22,0.0,0.0,10000,199,1350,True,budget_exhausted,0.012612073000127566
DE,rosenbrock_2d,2,23,0.0,0.0,10000,199,1450,True,budget_exhausted,0.012497022999923502
DE,rosenbrock_2d,2,24,0.0,0.0,10000,199,1450,True,budget_exhausted,0.012706675000117684
DE,rosenbrock_2d,2,25,0.0,0.0,10000,199,1200,True,budget_exhausted,0.012640968999221514
DE,rosenbrock_2d,2,26,0.0,0.0,10000,199,1500,True,budget_exhausted,0.012725810000119964
DE,rosenbrock_2d,2,27,0.0,0.0,10000,199,1100,True,budget_exhausted,0.01256052600001567
DE,rosenbrock_2d,2,28,0.0,0.0,10000,199,750,True,budget_exhausted,0.012538529000266863
DE,rosenbrock_2d,2,29,0.0,0.0,10000,199,1250,True,budget_exhausted,0.013080261000141036
Random,rosenbrock_2d,2,0,0.01733339679803074,0.01733339679803074,10000,200,,False,budget_exhausted,0.004004727999927127
Random,rosenbrock_2d,2,1,0.0024673323659286438,0.0024673323659286438,10000,200,,False,budget_exhausted,0.003998660000434029
Random,rosenbrock_2d,2,2,0.0008884613768003357,0.0008884613768003357,10000,200,,False,budget_exhausted,0.003993446000094991
Random,rosenbrock_2d,2,3,0.016260489420572344,0.016260489420572344,10000,200,,False,budget_exhausted,0.003976449000219873
Random,rosenbrock_2d,2,4,0.000607533291416412,0.000607533291416412,10000,200,,False,budget_exhausted,0.0039742050003042095
Random,rosenbrock_2d,2,5,0.011532668426513584,0.011532668426513584,10000,200,,False,budget_exhausted,0.00404608000008011
Random,rosenbrock_2d,2,6,0.005186878769229544,0.005186878769229544,10000,200,,False,budget_exhausted,0.003947174000131781
Random,rosenbrock_2d,2,7,0.0005870344130869284,0.0005870344130869284,10000,200,,False,budget_exhausted,0.003960035999625688
Random,rosenbrock_2d,2,8,0.003910545292254061,0.003910545292254061,10000,200,,False,budget_exhausted,0.003954738999709662
Random,rosenbrock_2d,2,9,0.0007091531157034399,0.0007091531157034399,10000,200,,False,budget_exhausted,0.003976689999944938
Random,rosenbrock_2d,2,10,0.006621040026788368,0.006621040026788368,10000,200,,False,budget_exhausted,0.004005724999842641
Random,rosenbrock_2d,2,11,0.0051861282267345625,0.0051861282267345625,10000,200,,False,budget_exhausted,0.003983863999565074
Random,rosenbrock_2d,2,12,0.00446547085526862,0.00446547085526862,10000,200,,False,budget_exhausted,0.0039525600004708394
Random,rosenbrock_2d,2,13,0.005242182405161241,0.005242182405161241,10000,200,,False,budget_exhausted,0.004081356000824599
Random,rosenbrock_2d,2,14,0.0013092421969730208,0.0013092421969730208,10000,200,,False,budget_exhausted,0.004004327000075136
Random,rosenbrock_2d,2,15,0.0007167128471184041,0.0007167128471184041,10000,200,,False,budget_exhausted,0.003960676999668067
Random,rosenbrock_2d,2,16,0.0019887234410129323,0.0019887234410129323,10000,200,,False,budget_exhausted,0.0039658380001128535
Random,rosenbrock_2d,2,17,0.010990558937295693,0.010990558937295693,10000,200,,False,budget_exhausted,0.003955825000048208
Random,rosenbrock_2d,2,18,0.004525507550572589,0.004525507550572589,10000,200,,False,budget_exhausted,0.004051099000207614
Random,rosenbrock_2d,2,19,0.014980098810088991,0.014980098810088991,10000,200,,False,budget_exhausted,0.003899678999914613
Random,rosenbrock_2d,2,20,0.008039791160176432,0.008039791160176432,10000,200,,False,budget_exhausted,0.0038814899999124464
Random,rosenbrock_2d,2,21,0.006858828116005827,0.006858828116005827,10000,200,,False,budget_exhausted,0.0038852869993206696
Random,rosenbrock_2d,2,22,0.030155480574436185,0.030155480574436185,10000,200,,False,budget_exhausted,0.004006120000667579
Random,rosenbrock_2d,2,23,2.4634442092434777e-06,2.4634442092434777e-06,10000,200,8800,True,budget_exhausted,0.003960184999414196
Random,rosenbrock_2d,2,24,0.005586251452664489,0.005586251452664489,10000,200,,False,budget_exhausted,0.003921990999515401
Random,rosenbrock_2d,2,25,0.015200046371173628,0.015200046371173628,10000,200,,False,budget_exhausted,0.004017879999992147
Random,rosenbrock_2d,2,26,0.003699674007720668,0.003699674007720668,10000,200,,False,budget_exhausted,0.00393779300065944
Random,rosenbrock_2d,2,27,0.0016895576208129414,0.0016895576208129414,10000,200,,False,budget_exhausted,0.0039753499995640595
Random,rosenbrock_2d,2,28,0.0043088874518691115,0.0043088874518691115,10000,200,,False,budget_exhausted,0.003969898999457655
Random,rosenbrock_2d,2,29,0.005482136544283187,0.005482136544283187,10000,200,,False,budget_exhausted,0.003948189999391616
CDA (paper),rosenbrock_10d,10,0,11.798328579146117,11.798328579146117,12186,37,,False,extinction,0.005608256000414258
CDA (paper),rosenbrock_10d,10,1,11.035409721087225,11.035409721087225,13827,32,,False,mean_gap,0.005621797000458173
CDA (paper),rosenbrock_10d,10,2,7.668185551652962,7.668185551652962,9583,33,,False,mean_gap,0.004585693000080937
CDA (paper),rosenbrock_10d,10,3,12.225992914521076,12.225992914521076,11326,38,,False,mean_gap,0.005310796000230766
CDA (paper),rosenbrock_10d,10,4,10.64357547990717,10.64357547990717,12235,38,,False,mean_gap,0.005486926999765274
CDA (paper),rosenbrock_10d,10,5,8.628123445790399,8.628123445790399,14939,37,,False,mean_gap,0.0060832089993709815
CDA (paper),rosenbrock_10d,10,6,12.604479852339558,12.604479852339558,13543,38,,False,mean_gap,0.005903885000407172
CDA (paper),rosenbrock_10d,10,7,10.33261639111571,10.33261639111571,10632,35,,False,mean_gap,0.004928470000777452
CDA (paper),rosenbrock_10d,10,8,10.906869187310052,10.906869187310052,12703,36,,False,mean_gap,0.005535125999813317
CDA (paper),rosenbrock_10d,10,9,14.848527014388015,14.848527014388015,12432,39,,False,mean_gap,0.005576078000558482
CDA (paper),rosenbrock_10d,10,10,9.29234619369706,9.29234619369706,11810,36,,False,mean_gap,0.00527375099954952
CDA (paper),rosenbrock_10d,10,11,11.425937138974906,11.425937138974906,8301,28,,False,extinction,0.0038718859996151878
CDA (paper),rosenbrock_10d,10,12,10.003189617805283,10.003189617805283,12316,35,,False,mean_gap,0.005319457000041439
CDA (paper),rosenbrock_10d,10,13,13.961570243339201,13.961570243339201,14315,38,,False,extinction,0.006048881000424444
CDA (paper),rosenbrock_10d,10,14,11.351165010295837,11.351165010295837,8692,35,,False,mean_gap,0.004500869999901624
CDA (paper),rosenbrock_10d,10,15,12.067937687653018,12.067937687653018,13515,41,,False,mean_gap,0.005955000000540167
CDA (paper),rosenbrock_10d,10,16,29.702941092593903,29.702941092593903,11933,39,,False,mean_gap,0.005361321000236785
CDA (paper),rosenbrock_10d,10,17,7.873300339659093,7.873300339659093,15305,37,,False,mean_gap,0.005982179000056931
CDA (paper),rosenbrock_10d,10,18,9.810297774464251,9.810297774464251,13598,36,,False,mean_gap,0.005553691999921284
CDA (paper),rosenbrock_10d,10,19,9.614269289222282,9.614269289222282,12526,39,,False,mean_gap,0.005488085999786563
CDA (paper),rosenbrock_10d,10,20,9.821218142590514,9.821218142590514,8400,38,,False,mean_gap,0.0044698579995383625
CDA (paper),rosenbrock_10d,10,21,11.169787067696785,11.169787067696785,10917,35,,False,mean_gap,0.00487711100049637
CDA (paper),rosenbrock_10d,10,22,12.00563927429573,12.00563927429573,8673,34,,False,mean_gap,0.004244705000019167
CDA (paper),rosenbrock_10d,10,23,9.345614111658392,9.345614111658392,12853,34,,False,mean_gap,0.005297308000081102
CDA (paper),rosenbrock_10d,10,24,9.90950225230486,9.90950225230486,12901,35,,False,mean_gap,0.005525225999917893
CDA (paper),rosenbrock_10d,10,25,9.968875200043708,9.968875200043708,8856,34,,False,mean_gap,0.004390512999634666
CDA (paper),rosenbrock_10d,10,26,12.239856948110239,12.239856948110239,11401,37,,False,mean_gap,0.005151755000042613
CDA (paper),rosenbrock_10d,10,27,11.872479927852275,11.872479927852275,10934,39,,False,mean_gap,0.005212623999796051
CDA (paper),rosenbrock_10d,10,28,10.96580607840608,10.96580607840608,10013,40,,False,mean_gap,0.005019561000153772
CDA (paper),rosenbrock_10d,10,29,9.953758729707088,9.953758729707088,11289,35,,False,mean_gap,0.004962324999723933
CDA (budgeted),rosenbrock_10d,10,0,6.8206927724145965,6.8206927724145965,30000,178,,False,budget_exhausted,0.018674297999496048
CDA (budgeted),rosenbrock_10d,10,1,6.998819618713855,6.998819618713855,30000,205,,False,budget_exhausted,0.020155683000666613
CDA (budgeted),rosenbrock_10d,10,2,7.149662777743924,7.149662777743924,30000,201,,False,budget_exhausted,0.019708404000084556
CDA (budgeted),rosenbrock_10d,10,3,4.883880309320961,4.883880309320961,30000,49,,False,budget_exhausted,0.010594012000183284
CDA (budgeted),rosenbrock_10d,10,4,6.4016506659795365,6.4016506659795365,30000,196,,False,budget_exhausted,0.019425268999839318
CDA (budgeted),rosenbrock_10d,10,5,5.285211198868152,5.285211198868152,30000,201,,False,budget_exhausted,0.0196117220002634
CDA (budgeted),rosenbrock_10d,10,6,5.204976297017125,5.204976297017125,30000,193,,False,budget_exhausted,0.019216343999687524
CDA (budgeted),rosenbrock_10d,10,7,7.308687684005231,7.308687684005231,30000,202,,False,budget_exhausted,0.019631733000096574
CDA (budgeted),rosenbrock_10d,10,8,7.292093370822969,7.292093370822969,30000,193,,False,budget_exhausted,0.019410633000006783
CDA (budgeted),rosenbrock_10d,10,9,7.43263763561828,7.43263763561828,30000,33,,False,budget_exhausted,0.00917153699992923
CDA (budgeted),rosenbrock_10d,10,10,4.8823314854081765,4.8823314854081765,30000,207,,False,budget_exhausted,0.02017911299935804
CDA (budgeted),rosenbrock_10d,10,11,7.252525040164928,7.252525040164928,30000,206,,False,budget_exhausted,0.02017247399999178
CDA (budgeted),rosenbrock_10d,10,12,4.35967027604552,4.35967027604552,30000,183,,False,budget_exhausted,0.018469843000275432
CDA (budgeted),rosenbrock_10d,10,13,5.872907622093884,5.872907622093884,30000,39,,False,budget_exhausted,0.0099425849994077
CDA (budgeted),rosenbrock_10d,10,14,7.527416156281374,7.527416156281374,30000,139,,False,budget_exhausted,0.015897430000222812
CDA (budgeted),rosenbrock_10d,10,15,3.441464497471893,3.441464497471893,30000,185,,False,budget_exhausted,0.018488448999960383
CDA (budgeted),rosenbrock_10d,10,16,1.2277131123911111,1.2277131123911111,30000,200,,False,budget_exhausted,0.019528687999809335
CDA (budgeted),rosenbrock_10d,10,17,2.0075367199258682,2.0075367199258682,30000,197,,False,budget_exhausted,0.019595281999500003
CDA (budgeted),rosenbrock_10d,10,18,7.550046138062647,7.550046138062647,30000,201,,False,budget_exhausted,0.019689035999363114
CDA (budgeted),rosenbrock_10d,10,19,8.181980024410644,8.181980024410644,30000,36,,False,budget_exhausted,0.009557157999552146
CDA (budgeted),rosenbrock_10d,10,20,7.719310786064084,7.719310786064084,30000,199,,False,budget_exhausted,0.019519761000083236
CDA (budgeted),rosenbrock_10d,10,21,7.847532119646134,7.847532119646134,30000,197,,False,budget_exhausted,0.01888597800007119
CDA (budgeted),rosenbrock_10d,10,22,7.443002702136769,7.443002702136769,30000,43,,False,budget_exhausted,0.009848708000390616
CDA (budgeted),rosenbrock_10d,10,23,7.2882330511319084,7.2882330511319084,30000,192,,False,budget_exhausted,0.01857865199963271
CDA (budgeted),rosenbrock_10d,10,24,8.08477221102569,8.08477221102569,30000,200,,False,budget_exhausted,0.02001498800018453
CDA (budgeted),rosenbrock_10d,10,25,6.9296878897213,6.9296878897213,30000,45,,False,budget_exhausted,0.00994235599955573
CDA (budgeted),rosenbrock_10d,10,26,6.908085570900132,6.908085570900132,30000,202,,False,budget_exhausted,0.019481321999592183
CDA (budgeted),rosenbrock_10d,10,27,5.904097186814841,5.904097186814841,30000,189,,False,budget_exhausted,0.018803778999426868
CDA (budgeted),rosenbrock_10d,10,28,8.252071583410777,8.252071583410777,30000,149,,False,budget_exhausted,0.01647243699972023
CDA (budgeted),rosenbrock_10d,10,29,9.318562331815135,9.318562331815135,30000,42,,False,budget_exhausted,0.010079171999677783
PSO,rosenbrock_10d,10,0,1.7799230351474327,1.7799230351474327,30000,599,,False,budget_exhausted,0.023695013000178733
PSO,rosenbrock_10d,10,1,1.7852931417059654,1.7852931417059654,30000,599,,False,budget_exhausted,0.02367794300062087
PSO,rosenbrock_10d,10,2,1.0643375320856625,1.0643375320856625,30000,599,,False,budget_exhausted,0.023579260000587965
PSO,rosenbrock_10d,10,3,1.6842761158613122,1.6842761158613122,30000,599,,False,budget_exhausted,0.023617404000106035
PSO,rosenbrock_10d,10,4,1.0852942252361513,1.0852942252361513,30000,599,,False,budget_exhausted,0.023642557000130182
PSO,rosenbrock_10d,10,5,1.687069445333964,1.687069445333964,30000,599,,False,budget_exhausted,0.023813978000362113
PSO,rosenbrock_10d,10,6,1.6587821912581373,1.6587821912581373,30000,599,,False,budget_exhausted,0.023684191999564064
PSO,rosenbrock_10d,10,7,1.862862397443421,1.862862397443421,30000,599,,False,budget_exhausted,0.02381820000027801
PSO,rosenbrock_10d,10,8,1.5810012173064871,1.5810012173064871,30000,599,,False,budget_exhausted,0.023655459000110568
PSO,rosenbrock_10d,10,9,0.9910074569062671,0.9910074569062671,30000,599,,False,budget_exhausted,0.02373478199933743
PSO,rosenbrock_10d,10,10,6.756207405145981,6.756207405145981,30000,599,,False,budget_exhausted,0.023712440000053903
PSO,rosenbrock_10d,10,11,1.4471832189974079,1.4471832189974079,30000,599,,False,budget_exhausted,0.02354606300013984
PSO,rosenbrock_10d,10,12,1.2760767246483644,1.2760767246483644,30000,599,,False,budget_exhausted,0.023488914000154182
PSO,rosenbrock_10d,10,13,3.170693864700117,3.170693864700117,30000,599,,False,budget_exhausted,0.02352249499926984
PSO,rosenbrock_10d,10,14,1.5162156433358334,1.5162156433358334,30000,599,,False,budget_exhausted,0.02343864099930215
PSO,rosenbrock_10d,10,15,1.6406179605263214,1.6406179605263214,30000,599,,False,budget_exhausted,0.023799393999979657
PSO,rosenbrock_10d,10,16,1.145125750022373,1.145125750022373,30000,599,,False,budget_exhausted,0.02367045099981624
PSO,rosenbrock_10d,10,17,1.9268709690355752,1.9268709690355752,30000,599,,False,budget_exhausted,0.023724859000139986
PSO,rosenbrock_10d,10,18,1.5900354872169042,1.5900354872169042,30000,599,,False,budget_exhausted,0.023614435000126832
PSO,rosenbrock_10d,10,19,1.3078865986543047,1.3078865986543047,30000,599,,False,budget_exhausted,0.023669937000704522
PSO,rosenbrock_10d,10,20,1.4501163482116808,1.4501163482116808,30000,599,,False,budget_exhausted,0.023774407000018982
PSO,rosenbrock_10d,10,21,1.9941276903332115,1.9941276903332115,30000,599,,False,budget_exhausted,0.023561687000437814
PSO,rosenbrock_10d,10,22,1.6693803070386228,1.6693803070386228,30000,599,,False,budget_exhausted,0.023716472000160138
PSO,rosenbrock_10d,10,23,1.7096602181997644,1.7096602181997644,30000,599,,False,budget_exhausted,0.023679319000621035
PSO,rosenbrock_10d,10,24,5.513861644904181,5.513861644904181,30000,599,,False,budget_exhausted,0.023837488999561174
PSO,rosenbrock_10d,10,25,1.9358938484993296,1.9358938484993296,30000,599,,False,budget_exhausted,0.02379188100076135
PSO,rosenbrock_10d,10,26,1.6731671862499757,1.6731671862499757,30000,599,,False,budget_exhausted,0.023765363000165962
PSO,rosenbrock_10d,10,27,4.041545305730058,4.041545305730058,30000,599,,False,budget_exhausted,0.0238274180001099
PSO,rosenbrock_10d,10,28,1.243077270864703,1.243077270864703,30000,599,,False,budget_exhausted,0.02371909500016045
PSO,rosenbrock_10d,10,29,1.5846008685364241,1.5846008685364241,30000,599,,False,budget_exhausted,0.023569734999909997
GA,rosenbrock_10d,10,0,7.257542847317403,7.257542847317403,30000,599,,False,budget_exhausted,0.04107053999996424
GA,rosenbrock_10d,10,1,7.955114243690981,7.955114243690981,30000,599,,False,budget_exhausted,0.04123737200006872
GA,rosenbrock_10d,10,2,7.872631331383452,7.872631331383452,30000,599,,False,budget_exhausted,0.04121892399962235
GA,rosenbrock_10d,10,3,4.33621041097409,4.33621041097409,30000,599,,False,budget_exhausted,0.04152025199982745
GA,rosenbrock_10d,10,4,9.485083470495368,9.485083470495368,30000,599,,False,budget_exhausted,0.041143735000332526
GA,rosenbrock_10d,10,5,7.64015328031128,7.64015328031128,30000,599,,False,budget_exhausted,0.041059413000766654
GA,rosenbrock_10d,10,6,7.084393350553278,7.084393350553278,30000,599,,False,budget_exhausted,0.041026447999684024
GA,rosenbrock_10d,10,7,4.2372912885788905,4.2372912885788905,30000,599,,False,budget_exhausted,0.041358547000527324
GA,rosenbrock_10d,10,8,9.495056522368492,9.495056522368492,30000,599,,False,budget_exhausted,0.04102528500061453
GA,rosenbrock_10d,10,9,8.051221252148034,8.051221252148034,30000,599,,False,budget_exhausted,0.04125831800047308
GA,rosenbrock_10d,10,10,7.377688054864692,7.377688054864692,30000,599,,False,budget_exhausted,0.04125894600019819
GA,rosenbrock_10d,10,11,7.028904357785892,7.028904357785892,30000,599,,False,budget_exhausted,0.04175788200063835
GA,rosenbrock_10d,10,12,1.9960737763056344,1.9960737763056344,30000,599,,False,budget_exhausted,0.04126987400013604
GA,rosenbrock_10d,10,13,9.418425810739155,9.418425810739155,30000,599,,False,budget_exhausted,0.0409358599999905
GA,rosenbrock_10d,10,14,9.585195457587218,9.585195457587218,30000,599,,False,budget_exhausted,0.04113169700030994
GA,rosenbrock_10d,10,15,7.464364975033488,7.464364975033488,30000,599,,False,budget_exhausted,0.04123225600051228
GA,rosenbrock_10d,10,16,6.320219471463802,6.320219471463802,30000,599,,False,budget_exhausted,0.041282068000327854
GA,rosenbrock_10d,10,17,7.781730026075656,7.781730026075656,30000,599,,False,budget_exhausted,0.04102345799947216
GA,rosenbrock_10d,10,18,6.9489301584462435,6.9489301584462435,30000,599,,False,budget_exhausted,0.04115990599984798
GA,rosenbrock_10d,10,19,7.958563650027842,7.958563650027842,30000,599,,False,budget_exhausted,0.04100674199980858
GA,rosenbrock_10d,10,20,7.636334252437879,7.636334252437879,30000,599,,False,budget_exhausted,0.04108932300005108
GA,rosenbrock_10d,10,21,7.791390071623518,7.791390071623518,30000,599,,False,budget_exhausted,0.040991453000060574
GA,rosenbrock_10d,10,22,9.007421856082173,9.007421856082173,30000,599,,False,budget_exhausted,0.04127152800083422
GA,rosenbrock_10d,10,23,8.738263566214439,8.738263566214439,30000,599,,False,budget_exhausted,0.041293923000012
GA,rosenbrock_10d,10,24,7.9743592121575455,7.9743592121575455,30000,599,,False,budget_exhausted,0.041157704000397644
GA,rosenbrock_10d,10,25,8.109365896103553,8.109365896103553,30000,599,,False,budget_exhausted,0.04097560000082012
GA,rosenbrock_10d,10,26,7.476478094548458,7.476478094548458,30000,599,,False,budget_exhausted,0.041093361000093864
GA,rosenbrock_10d,10,27,6.978969113148703,6.978969113148703,30000,599,,False,budget_exhausted,0.04087031900053262
GA,rosenbrock_10d,10,28,6.664555522470038,6.664555522470038,30000,599,,False,budget_exhausted,0.04127204599990364
GA,rosenbrock_10d,10,29,7.693024415458339,7.693024415458339,30000,599,,False,budget_exhausted,0.04124813599992194
DE,rosenbrock_10d,10,0,3.8374482010353326,3.8374482010353326,30000,599,,False,budget_exhausted,0.0408886290006194
DE,rosenbrock_10d,10,1,6.067442753698598,6.067442753698598,30000,599,,False,budget_exhausted,0.040471013000569656
DE,rosenbrock_10d,10,2,5.021804933753049,5.021804933753049,30000,599,,False,budget_exhausted,0.04084881200014934
DE,rosenbrock_10d,10,3,4.440297716224325,4.440297716224325,30000,599,,False,budget_exhausted,0.04042870099965512
DE,rosenbrock_10d,10,4,3.7252574393337077,3.7252574393337077,30000,599,,False,budget_exhausted,0.04072697899937339
DE,rosenbrock_10d,10,5,5.314398553994934,5.314398553994934,30000,599,,False,budget_exhausted,0.040674939999917115
DE,rosenbrock_10d,10,6,4.590104857561797,4.590104857561797,30000,599,,False,budget_exhausted,0.040507465000700904
DE,rosenbrock_10d,10,7,4.978876256097253,4.978876256097253,30000,599,,False,budget_exhausted,0.04074606500034861
DE,rosenbrock_10d,10,8,3.8391870102003383,3.8391870102003383,30000,599,,False,budget_exhausted,0.04067769099947327
DE,rosenbrock_10d,10,9,5.457995724751944,5.457995724751944,30000,599,,False,budget_exhausted,0.04069375300059619
DE,rosenbrock_10d,10,10,5.342086491915694,5.342086491915694,30000,599,,False,budget_exhausted,0.04065005400025257
DE,rosenbrock_10d,10,11,4.060885380117169,4.060885380117169,30000,599,,False,budget_exhausted,0.040356693999456184
DE,rosenbrock_10d,10,12,4.544445686351966,4.544445686351966,30000,599,,False,budget_exhausted,0.04065043599985074
DE,rosenbrock_10d,10,13,4.734307972304959,4.734307972304959,30000,599,,False,budget_exhausted,0.04054964400074823
DE,rosenbrock_10d,10,14,3.180052480741339,3.180052480741339,30000,599,,False,budget_exhausted,0.040646750999258074
DE,rosenbrock_10d,10,15,5.921461670199957,5.921461670199957,30000,599,,False,budget_exhausted,0.040593428999272874
DE,rosenbrock_10d,10,16,4.71516590457911,4.71516590457911,30000,599,,False,budget_exhausted,0.040759659000286774
DE,rosenbrock_10d,10,17,3.398047774632474,3.398047774632474,30000,599,,False,budget_exhausted,0.04052244099966629
DE,rosenbrock_10d,10,18,4.056809999415464,4.056809999415464,30000,599,,False,budget_exhausted,0.04074794300049689
DE,rosenbrock_10d,10,19,2.5564084940891236,2.5564084940891236,30000,599,,False,budget_exhausted,0.040597468999294506
DE,rosenbrock_10d,10,20,4.010356848043456,4.010356848043456,30000,599,,False,budget_exhausted,0.0404907620004451
DE,rosenbrock_10d,10,21,2.634619127453744,2.634619127453744,30000,599,,False,budget_exhausted,0.04065030099991418
DE,rosenbrock_10d,10,22,4.181733476332627,4.181733476332627,30000,599,,False,budget_exhausted,0.040628713999467436
DE,rosenbrock_10d,10,23,4.9882333781832555,4.9882333781832555,30000,599,,False,budget_exhausted,0.040708821000407625
DE,rosenbrock_10d,10,24,4.346713797611334,4.346713797611334,30000,599,,False,budget_exhausted,0.040517886000088765
DE,rosenbrock_10d,10,25,3.7967449902029147,3.7967449902029147,30000,599,,False,budget_exhausted,0.04027956699974311
DE,rosenbrock_10d,10,26,5.5919567686022,5.5919567686022,30000,599,,False,budget_exhausted,0.04068355800063728
DE,rosenbrock_10d,10,27,2.4993815551682306,2.4993815551682306,30000,599,,False,budget_exhausted,0.04056014399975538
DE,rosenbrock_10d,10,28,4.178602264861178,4.178602264861178,30000,599,,False,budget_exhausted,0.0400532049998219
DE,rosenbrock_10d,10,29,3.5154871650507413,3.5154871650507413,30000,599,,False,budget_exhausted,0.04072508800072683
Random,rosenbrock_10d,10,0,111.70395816937925,111.70395816937925,30000,600,,False,budget_exhausted,0.01433757599988894
Random,rosenbrock_10d,10,1,148.01126949900174,148.01126949900174,30000,600,,False,budget_exhausted,0.013860663000741624
Random,rosenbrock_10d,10,2,195.63988160952158,195.63988160952158,30000,600,,False,budget_exhausted,0.013836654999977327
Random,rosenbrock_10d,10,3,123.49613073364877,123.49613073364877,30000,600,,False,budget_exhausted,0.01382138600001781
Random,rosenbrock_10d,10,4,123.96435197683735,123.96435197683735,30000,600,,False,budget_exhausted,0.013825651999468391
Random,rosenbrock_10d,10,5,132.2943506265428,132.2943506265428,30000,600,,False,budget_exhausted,0.01389746400036529
Random,rosenbrock_10d,10,6,146.96527848864562,146.96527848864562,30000,600,,False,budget_exhausted,0.013820266999573505
Random,rosenbrock_10d,10,7,153.8473819522011,153.8473819522011,30000,600,,False,budget_exhausted,0.013829384000018763
Random,rosenbrock_10d,10,8,195.497580787086,195.497580787086,30000,600,,False,budget_exhausted,0.013777678000224114
Random,rosenbrock_10d,10,9,91.76634038564072,91.76634038564072,30000,600,,False,budget_exhausted,0.013876164000066638
Random,rosenbrock_10d,10,10,80.85560106816476,80.85560106816476,30000,600,,False,budget_exhausted,0.013802159000078973
Random,rosenbrock_10d,10,11,184.41326572870764,184.41326572870764,30000,600,,False,budget_exhausted,0.01399184999991121
Random,rosenbrock_10d,10,12,115.28196899774986,115.28196899774986,30000,600,,False,budget_exhausted,0.013889856999412586
Random,rosenbrock_10d,10,13,185.635030765984,185.635030765984,30000,600,,False,budget_exhausted,0.013750275000347756
Random,rosenbrock_10d,10,14,68.38441280742802,68.38441280742802,30000,600,,False,budget_exhausted,0.013988208000228042
Random,rosenbrock_10d,10,15,169.40208075841934,169.40208075841934,30000,600,,False,budget_exhausted,0.013732013000662846
Random,rosenbrock_10d,10,16,146.83409206753495,146.83409206753495,30000,600,,False,budget_exhausted,0.01362455299931753
Random,rosenbrock_10d,10,17,178.46941714975313,178.46941714975313,30000,600,,False,budget_exhausted,0.013759837000179687
Random,rosenbrock_10d,10,18,142.67908575755015,142.67908575755015,30000,600,,False,budget_exhausted,0.013829972999701567
Random,rosenbrock_10d,10,19,175.83572938490346,175.83572938490346,30000,600,,False,budget_exhausted,0.013684495000234165
Random,rosenbrock_10d,10,20,70.85283158526815,70.85283158526815,30000,600,,False,budget_exhausted,0.013442753999697743
Random,rosenbrock_10d,10,21,114.0258675520877,114.0258675520877,30000,600,,False,budget_exhausted,0.013777207000202907
Random,rosenbrock_10d,10,22,148.96837395869065,148.96837395869065,30000,600,,False,budget_exhausted,0.013717028999963077
Random,rosenbrock_10d,10,23,187.0368618956675,187.0368618956675,30000,600,,False,budget_exhausted,0.013913798000430688
Random,rosenbrock_10d,10,24,128.92002125338493,128.92002125338493,30000,600,,False,budget_exhausted,0.013792096000543097
Random,rosenbrock_10d,10,25,148.7141137475759,148.7141137475759,30000,600,,False,budget_exhausted,0.013686602999769093
Random,rosenbrock_10d,10,26,123.0212238495932,123.0212238495932,30000,600,,False,budget_exhausted,0.01381198899980518
Random,rosenbrock_10d,10,27,128.6626960960345,128.6626960960345,30000,600,,False,budget_exhausted,0.013874582000426017
Random,rosenbrock_10d,10,28,118.88098696948133,118.88098696948133,30000,600,,False,budget_exhausted,0.013808914000037475
Random,rosenbrock_10d,10,29,162.08295468747804,162.08295468747804,30000,600,,False,budget_exhausted,0.013876056000299286
CDA (paper),rosenbrock_30d,30,0,43.24715662548509,43.24715662548509,25093,108,,False,mean_gap,0.021068451999781246
CDA (paper),rosenbrock_30d,30,1,371.6476489589647,371.6476489589647,25267,56,,False,mean_gap,0.018188324000220746
CDA (paper),rosenbrock_30d,30,2,163.8152513826269,163.8152513826269,27603,84,,False,mean_gap,0.020758192000357667
CDA (paper),rosenbrock_30d,30,3,265.73134838317543,265.73134838317543,21354,68,,False,mean_gap,0.016356586000256357
CDA (paper),rosenbrock_30d,30,4,134.64354536754672,134.64354536754672,14540,88,,False,mean_gap,0.013969748999443254
CDA (paper),rosenbrock_30d,30,5,235.63394062472034,235.63394062472034,23521,62,,False,mean_gap,0.01702262300022994
CDA (paper),rosenbrock_30d,30,6,149.69092444237074,149.69092444237074,28221,77,,False,mean_gap,0.02054745500026911
CDA (paper),rosenbrock_30d,30,7,158.08768224877196,158.08768224877196,21559,79,,False,mean_gap,0.016856667999491037
CDA (paper),rosenbrock_30d,30,8,113.69705220629187,113.69705220629187,25045,104,,False,mean_gap,0.020982242999707523
CDA (paper),rosenbrock_30d,30,9,123.90562360591281,123.90562360591281,32515,89,,False,mean_gap,0.02355522900052165
CDA (paper),rosenbrock_30d,30,10,103.43177001258279,103.43177001258279,24297,95,,False,mean_gap,0.019420444999923347
CDA (paper),rosenbrock_30d,30,11,230.74278136305549,230.74278136305549,26934,79,,False,mean_gap,0.019830322999951022
CDA (paper),rosenbrock_30d,30,12,221.9191056590713,221.9191056590713,25842,78,,False,mean_gap,0.019143886999700044
CDA (paper),rosenbrock_30d,30,13,75.27818776794825,75.27818776794825,26589,90,,False,mean_gap,0.020638810000491503
CDA (paper),rosenbrock_30d,30,14,197.05832857514702,197.05832857514702,31839,77,,False,mean_gap,0.02315731099952245
CDA (paper),rosenbrock_30d,30,15,933.6544876347954,933.6544876347954,8086,47,,False,mean_gap,0.007695381999837991
CDA (paper),rosenbrock_30d,30,16,83.88093155228704,83.88093155228704,30845,90,,False,mean_gap,0.022767475999899034
CDA (paper),rosenbrock_30d,30,17,156.86686899782867,156.86686899782867,24804,86,,False,mean_gap,0.019487388000015926
CDA (paper),rosenbrock_30d,30,18,243.840775888523,243.840775888523,22908,78,,False,mean_gap,0.017900539999573084
CDA (paper),rosenbrock_30d,30,19,352.05839149176245,352.05839149176245,16139,79,,False,mean_gap,0.014544966999892495
CDA (paper),rosenbrock_30d,30,20,153.03092041568414,153.03092041568414,22017,94,,False,mean_gap,0.018064163000417466
CDA (paper),rosenbrock_30d,30,21,285.0063800062693,285.0063800062693,15782,58,,False,mean_gap,0.012475662999349879
CDA (paper),rosenbrock_30d,30,22,136.8754515227653,136.8754515227653,22120,79,,False,mean_gap,0.01719684299951041
CDA (paper),rosenbrock_30d,30,23,151.00436570490893,151.00436570490893,26763,88,,False,mean_gap,0.020344520999969973
CDA (paper),rosenbrock_30d,30,24,165.41164373309923,165.41164373309923,26333,77,,False,mean_gap,0.01992365499972948
CDA (paper),rosenbrock_30d,30,25,183.75207699025546,183.75207699025546,25864,76,,False,mean_gap,0.0193515410001055
CDA (paper),rosenbrock_30d,30,26,206.32677529301074,206.32677529301074,20658,70,,False,mean_gap,0.016537020000214397
CDA (paper),rosenbrock_30d,30,27,162.03531351849728,162.03531351849728,21389,87,,False,mean_gap,0.017051308999725734
CDA (paper),rosenbrock_30d,30,28,248.23925489946575,248.23925489946575,25828,59,,False,mean_gap,0.018011243000728427
CDA (paper),rosenbrock_30d,30,29,121.89506354902895,121.89506354902895,30570,90,,False,mean_gap,0.022922756999832927
CDA (budgeted),rosenbrock_30d,30,0,36.55292514950681,36.55292514950681,60000,71,,False,budget_exhausted,0.04019633600000816
CDA (budgeted),rosenbrock_30d,30,1,38.78640041810629,38.78640041810629,60000,78,,False,budget_exhausted,0.039863050000349176
CDA (budgeted),rosenbrock_30d,30,2,41.84742172307361,41.84742172307361,60000,83,,False,budget_exhausted,0.04039976400054002
CDA (budgeted),rosenbrock_30d,30,3,50.380175997383006,50.380175997383006,60000,76,,False,budget_exhausted,0.04052226299972972
CDA (budgeted),rosenbrock_30d,30,4,36.55763101031899,36.55763101031899,60000,82,,False,budget_exhausted,0.04038811000009446
CDA (budgeted),rosenbrock_30d,30,5,64.83082752464743,64.83082752464743,60000,82,,False,budget_exhausted,0.039897977999316936
CDA (budgeted),rosenbrock_30d,30,6,30.624893991138205,30.624893991138205,60000,189,,False,budget_exhausted,0.04654606700023578
CDA (budgeted),rosenbrock_30d,30,7,32.01479286932504,32.01479286932504,60000,79,,False,budget_exhausted,0.04066281999985222
CDA (budgeted),rosenbrock_30d,30,8,35.82533277145372,35.82533277145372,60000,109,,False,budget_exhausted,0.04214216599939391
CDA (budgeted),rosenbrock_30d,30,9,47.877751317401945,47.877751317401945,60000,86,,False,budget_exhausted,0.04056891199979873
CDA (budgeted),rosenbrock_30d,30,10,42.16828302093298,42.16828302093298,60000,75,,False,budget_exhausted,0.039848456000072474
CDA (budgeted),rosenbrock_30d,30,11,26.092534079029424,26.092534079029424,60000,206,,False,budget_exhausted,0.04954265400010627
CDA (budgeted),rosenbrock_30d,30,12,54.37207027366584,54.37207027366584,60000,71,,False,budget_exhausted,0.04163959600009548
CDA (budgeted),rosenbrock_30d,30,13,87.65751136665561,87.65751136665561,60000,80,,False,budget_exhausted,0.04036449500017625
CDA (budgeted),rosenbrock_30d,30,14,65.42545903363745,65.42545903363745,60000,77,,False,budget_exhausted,0.0397366110000803
CDA (budgeted),rosenbrock_30d,30,15,43.233128023285225,43.233128023285225,60000,78,,False,budget_exhausted,0.040461880000293604
CDA (budgeted),rosenbrock_30d,30,16,25.738249933771197,25.738249933771197,60000,200,,False,budget_exhausted,0.04774195099980716
CDA (budgeted),rosenbrock_30d,30,17,34.67357082347222,34.67357082347222,60000,71,,False,budget_exhausted,0.039540730000226176
CDA (budgeted),rosenbrock_30d,30,18,84.50046720377749,84.50046720377749,60000,213,,False,budget_exhausted,0.048670856000171625
CDA (budgeted),rosenbrock_30d,30,19,29.364728332435078,29.364728332435078,60000,189,,False,budget_exhausted,0.046972520999588596
CDA (budgeted),rosenbrock_30d,30,20,36.861649522351165,36.861649522351165,60000,84,,False,budget_exhausted,0.04016350599977159
CDA (budgeted),rosenbrock_30d,30,21,32.853365476972996,32.853365476972996,60000,83,,False,budget_exhausted,0.04009589700035576
CDA (budgeted),rosenbrock_30d,30,22,45.22939113314057,45.22939113314057,60000,73,,False,budget_exhausted,0.039886833999844384
CDA (budgeted),rosenbrock_30d,30,23,32.13784411614596,32.13784411614596,60000,212,,False,budget_exhausted,0.04793571600021096
CDA (budgeted),rosenbrock_30d,30,24,25.45755690605501,25.45755690605501,60000,215,,False,budget_exhausted,0.04944474500007345
CDA (budgeted),rosenbrock_30d,30,25,39.18881255387406,39.18881255387406,60000,76,,False,budget_exhausted,0.040598735000457964
CDA (budgeted),rosenbrock_30d,30,26,37.014525086142086,37.014525086142086,60000,78,,False,budget_exhausted,0.04038892299922736
CDA (budgeted),rosenbrock_30d,30,27,27.93982762040047,27.93982762040047,60000,206,,False,budget_exhausted,0.04766866600039066
CDA (budgeted),rosenbrock_30d,30,28,47.13259037877399,47.13259037877399,60000,72,,False,budget_exhausted,0.04041980500005593
CDA (budgeted),rosenbrock_30d,30,29,57.58313695624351,57.58313695624351,60000,69,,False,budget_exhausted,0.039498533999903884
PSO,rosenbrock_30d,30,0,20.944457837557373,20.944457837557373,60000,1199,,False,budget_exhausted,0.059623490999911155
PSO,rosenbrock_30d,30,1,19.304603745366826,19.304603745366826,60000,1199,,False,budget_exhausted,0.06000602400035859
PSO,rosenbrock_30d,30,2,21.77546816028145,21.77546816028145,60000,1199,,False,budget_exhausted,0.05941962799988687
PSO,rosenbrock_30d,30,3,21.69816273558827,21.69816273558827,60000,1199,,False,budget_exhausted,0.05964507600037905
PSO,rosenbrock_30d,30,4,85.44080170872768,85.44080170872768,60000,1199,,False,budget_exhausted,0.059670521000043664
PSO,rosenbrock_30d,30,5,22.005528442196937,22.005528442196937,60000,1199,,False,budget_exhausted,0.05976394700064702
PSO,rosenbrock_30d,30,6,10.789771600960487,10.789771600960487,60000,1199,,False,budget_exhausted,0.05970450000040728
PSO,rosenbrock_30d,30,7,21.2292947397424,21.2292947397424,60000,1199,,False,budget_exhausted,0.05939582899918605
PSO,rosenbrock_30d,30,8,20.158682578036263,20.158682578036263,60000,1199,,False,budget_exhausted,0.05984299400006421
PSO,rosenbrock_30d,30,9,73.0039286866807,73.0039286866807,60000,1199,,False,budget_exhausted,0.05964607199985039
PSO,rosenbrock_30d,30,10,22.06485712438224,22.06485712438224,60000,1199,,False,budget_exhausted,0.05982727899936435
PSO,rosenbrock_30d,30,11,21.336372247544425,21.336372247544425,60000,1199,,False,budget_exhausted,0.05921578200013755
PSO,rosenbrock_30d,30,12,16.14556584916364,16.14556584916364,60000,1199,,False,budget_exhausted,0.05994748700049968
PSO,rosenbrock_30d,30,13,24.801088798727342,24.801088798727342,60000,1199,,False,budget_exhausted,0.05979793900041841
PSO,rosenbrock_30d,30,14,14.80355134443914,14.80355134443914,60000,1199,,False,budget_exhausted,0.060111709000011615
PSO,rosenbrock_30d,30,15,21.485059766476823,21.485059766476823,60000,1199,,False,budget_exhausted,0.05980521399942518
PSO,rosenbrock_30d,30,16,13.933847673458828,13.933847673458828,60000,1199,,False,budget_exhausted,0.06007624300036696
PSO,rosenbrock_30d,30,17,17.887555209082667,17.887555209082667,60000,1199,,False,budget_exhausted,0.05976880700018228
PSO,rosenbrock_30d,30,18,8.907795817376915,8.907795817376915,60000,1199,,False,budget_exhausted,0.06013489200086042
PSO,rosenbrock_30d,30,19,24.156698907287787,24.156698907287787,60000,1199,,False,budget_exhausted,0.06015746099910757
PSO,rosenbrock_30d,30,20,20.198014313531026,20.198014313531026,60000,1199,,False,budget_exhausted,0.059672397000213095
PSO,rosenbrock_30d,30,21,12.50027984561759,12.50027984561759,60000,1199,,False,budget_exhausted,0.05972703899988119
PSO,rosenbrock_30d,30,22,17.820061282182575,17.820061282182575,60000,1199,,False,budget_exhausted,0.05972031400051492
PSO,rosenbrock_30d,30,23,24.953122906257807,24.953122906257807,60000,1199,,False,budget_exhausted,0.05985695800063695
PSO,rosenbrock_30d,30,24,23.11562281334272,23.11562281334272,60000,1199,,False,budget_exhausted,0.05896401500012871
PSO,rosenbrock_30d,30,25,21.131766580334457,21.131766580334457,60000,1199,,False,budget_exhausted,0.05991729900051723
PSO,rosenbrock_30d,30,26,21.91239441835301,21.91239441835301,60000,1199,,False,budget_exhausted,0.05932056800065766
PSO,rosenbrock_30d,30,27,21.963843277836677,21.963843277836677,60000,1199,,False,budget_exhausted,0.0599984990003577
PSO,rosenbrock_30d,30,28,22.45146450259552,22.45146450259552,60000,1199,,False,budget_exhausted,0.05955111399998714
PSO,rosenbrock_30d,30,29,15.939993678009852,15.939993678009852,60000,1199,,False,budget_exhausted,0.06039686000076472
GA,rosenbrock_30d,30,0,27.523438388831835,27.523438388831835,60000,1199,,False,budget_exhausted,0.10760455799936608
GA,rosenbrock_30d,30,1,27.438123848050626,27.438123848050626,60000,1199,,False,budget_exhausted,0.1080379510003695
GA,rosenbrock_30d,30,2,73.62253533553206,73.62253533553206,60000,1199,,False,budget_exhausted,0.10748002899981657
GA,rosenbrock_30d,30,3,78.49846964374436,78.49846964374436,60000,1199,,False,budget_exhausted,0.10802158099977532
GA,rosenbrock_30d,30,4,27.416275709648836,27.416275709648836,60000,1199,,False,budget_exhausted,0.10783149500002764
GA,rosenbrock_30d,30,5,20.388947255342686,20.388947255342686,60000,1199,,False,budget_exhausted,0.10775991099944804
GA,rosenbrock_30d,30,6,27.49454035994938,27.49454035994938,60000,1199,,False,budget_exhausted,0.10824228199999197
GA,rosenbrock_30d,30,7,81.32979723162211,81.32979723162211,60000,1199,,False,budget_exhausted,0.10811508799997682
GA,rosenbrock_30d,30,8,26.87233335094862,26.87233335094862,60000,1199,,False,budget_exhausted,0.10737452800003666
GA,rosenbrock_30d,30,9,71.5990316988682,71.5990316988682,60000,1199,,False,budget_exhausted,0.10806741099986539
GA,rosenbrock_30d,30,10,27.09601000702263,27.09601000702263,60000,1199,,False,budget_exhausted,0.10767371900055878
GA,rosenbrock_30d,30,11,26.964614336930783,26.964614336930783,60000,1199,,False,budget_exhausted,0.10703102899969963
GA,rosenbrock_30d,30,12,27.30307697832292,27.30307697832292,60000,1199,,False,budget_exhausted,0.10805919899939909
GA,rosenbrock_30d,30,13,27.042532743561154,27.042532743561154,60000,1199,,False,budget_exhausted,0.10808371900020575
GA,rosenbrock_30d,30,14,84.01317734458141,84.01317734458141,60000,1199,,False,budget_exhausted,0.108204255999226
GA,rosenbrock_30d,30,15,23.022444764858847,23.022444764858847,60000,1199,,False,budget_exhausted,0.1080664130004152
GA,rosenbrock_30d,30,16,27.504038782046077,27.504038782046077,60000,1199,,False,budget_exhausted,0.10770957000022463
GA,rosenbrock_30d,30,17,20.43516853555088,20.43516853555088,60000,1199,,False,budget_exhausted,0.10760260600000038
GA,rosenbrock_30d,30,18,27.717299927058587,27.717299927058587,60000,1199,,False,budget_exhausted,0.10839158099952328
GA,rosenbrock_30d,30,19,27.563310954943617,27.563310954943617,60000,1199,,False,budget_exhausted,0.10796382900025492
GA,rosenbrock_30d,30,20,75.66927463835248,75.66927463835248,60000,1199,,False,budget_exhausted,0.10756731000037689
GA,rosenbrock_30d,30,21,17.13413233315496,17.13413233315496,60000,1199,,False,budget_exhausted,0.10790454499965563
GA,rosenbrock_30d,30,22,27.587564447267606,27.587564447267606,60000,1199,,False,budget_exhausted,0.10792405900065205
GA,rosenbrock_30d,30,23,81.01541688662859,81.01541688662859,60000,1199,,False,budget_exhausted,0.10866522300057113
GA,rosenbrock_30d,30,24,26.953533104431077,26.953533104431077,60000,1199,,False,budget_exhausted,0.1090121849993011
GA,rosenbrock_30d,30,25,29.164676041172818,29.164676041172818,60000,1199,,False,budget_exhausted,0.10772148900014145
GA,rosenbrock_30d,30,26,24.26181777037434,24.26181777037434,60000,1199,,False,budget_exhausted,0.10742966500038165
GA,rosenbrock_30d,30,27,29.286558249141848,29.286558249141848,60000,1199,,False,budget_exhausted,0.10807088900037343
GA,rosenbrock_30d,30,28,80.14703038481434,80.14703038481434,60000,1199,,False,budget_exhausted,0.10781305899945437
GA,rosenbrock_30d,30,29,26.34246126335077,26.34246126335077,60000,1199,,False,budget_exhausted,0.10807914900033211
DE,rosenbrock_30d,30,0,26.223813454060235,26.223813454060235,60000,1199,,False,budget_exhausted,0.09049280399995041
DE,rosenbrock_30d,30,1,24.009471090545503,24.009471090545503,60000,1199,,False,budget_exhausted,0.0910583900003985
DE,rosenbrock_30d,30,2,24.82234741194715,24.82234741194715,60000,1199,,False,budget_exhausted,0.09102672900007747
DE,rosenbrock_30d,30,3,23.888065085840985,23.888065085840985,60000,1199,,False,budget_exhausted,0.08995050599969545
DE,rosenbrock_30d,30,4,26.444041273894033,26.444041273894033,60000,1199,,False,budget_exhausted,0.09062413099945843
DE,rosenbrock_30d,30,5,25.042963624854238,25.042963624854238,60000,1199,,False,budget_exhausted,0.09117514399986248
DE,rosenbrock_30d,30,6,25.641480015561868,25.641480015561868,60000,1199,,False,budget_exhausted,0.09101941399967473
DE,rosenbrock_30d,30,7,26.472146521198525,26.472146521198525,60000,1199,,False,budget_exhausted,0.09138296800028911
DE,rosenbrock_30d,30,8,25.266691048295467,25.266691048295467,60000,1199,,False,budget_exhausted,0.09179635100008454
DE,rosenbrock_30d,30,9,25.810733161647246,25.810733161647246,60000,1199,,False,budget_exhausted,0.09171504899950378
DE,rosenbrock_30d,30,10,24.647485363290443,24.647485363290443,60000,1199,,False,budget_exhausted,0.09198844200000167
DE,rosenbrock_30d,30,11,28.45611008402423,28.45611008402423,60000,1199,,False,budget_exhausted,0.09319940800014592
DE,rosenbrock_30d,30,12,24.579164412002395,24.579164412002395,60000,1199,,False,budget_exhausted,0.09151066199956404
DE,rosenbrock_30d,30,13,25.537266702804533,25.537266702804533,60000,1199,,False,budget_exhausted,0.09182895699996152
DE,rosenbrock_30d,30,14,22.85403143921622,22.85403143921622,60000,1199,,False,budget_exhausted,0.0912174649993176
DE,rosenbrock_30d,30,15,23.609539389170173,23.609539389170173,60000,1199,,False,budget_exhausted,0.09235073800027749
DE,rosenbrock_30d,30,16,26.62447084191191,26.62447084191191,60000,1199,,False,budget_exhausted,0.09112498900049104
DE,rosenbrock_30d,30,17,26.09884473885849,26.09884473885849,60000,1199,,False,budget_exhausted,0.09117939799943997
DE,rosenbrock_30d,30,18,26.093361581977607,26.093361581977607,60000,1199,,False,budget_exhausted,0.0908162240002639
DE,rosenbrock_30d,30,19,25.845465331933635,25.845465331933635,60000,1199,,False,budget_exhausted,0.09065043700047681
DE,rosenbrock_30d,30,20,25.271564661578164,25.271564661578164,60000,1199,,False,budget_exhausted,0.09085134300039499
DE,rosenbrock_30d,30,21,28.802997000348995,28.802997000348995,60000,1199,,False,budget_exhausted,0.09142586599955393
DE,rosenbrock_30d,30,22,26.13162051832642,26.13162051832642,60000,1199,,False,budget_exhausted,0.09057360899987543
DE,rosenbrock_30d,30,23,24.469613707690108,24.469613707690108,60000,1199,,False,budget_exhausted,0.09058559999994031
DE,rosenbrock_30d,30,24,25.4033296737125,25.4033296737125,60000,1199,,False,budget_exhausted,0.09155076800016104
DE,rosenbrock_30d,30,25,22.33877919688334,22.33877919688334,60000,1199,,False,budget_exhausted,0.09120279800026765
DE,rosenbrock_30d,30,26,26.36130639725947,26.36130639725947,60000,1199,,False,budget_exhausted,0.09082105699962995
DE,rosenbrock_30d,30,27,25.369323717663836,25.369323717663836,60000,1199,,False,budget_exhausted,0.09106068500022957
DE,rosenbrock_30d,30,28,26.455411075728588,26.455411075728588,60000,1199,,False,budget_exhausted,0.09114541199960513
DE,rosenbrock_30d,30,29,25.90535223800867,25.90535223800867,60000,1199,,False,budget_exhausted,0.09108621799987304
Random,rosenbrock_30d,30,0,2325.291303915104,2325.291303915104,60000,1200,,False,budget_exhausted,0.03357104499991692
Random,rosenbrock_30d,30,1,2691.6853705768744,2691.6853705768744,60000,1200,,False,budget_exhausted,0.03396406199954072
Random,rosenbrock_30d,30,2,2744.31263044411,2744.31263044411,60000,1200,,False,budget_exhausted,0.03328210899962869
Random,rosenbrock_30d,30,3,2708.281406997364,2708.281406997364,60000,1200,,False,budget_exhausted,0.03332168900033139
Random,rosenbrock_30d,30,4,3053.825256890347,3053.825256890347,60000,1200,,False,budget_exhausted,0.03340690599998197
Random,rosenbrock_30d,30,5,3136.2690012418716,3136.2690012418716,60000,1200,,False,budget_exhausted,0.03352021800037619
Random,rosenbrock_30d,30,6,2706.151272335511,2706.151272335511,60000,1200,,False,budget_exhausted,0.03343223499996384
Random,rosenbrock_30d,30,7,2991.404269219871,2991.404269219871,60000,1200,,False,budget_exhausted,0.033533691999764415
Random,rosenbrock_30d,30,8,2760.175912240769,2760.175912240769,60000,1200,,False,budget_exhausted,0.033437389000027906
Random,rosenbrock_30d,30,9,2645.7641532604885,2645.7641532604885,60000,1200,,False,budget_exhausted,0.03354869199938548
Random,rosenbrock_30d,30,10,3072.2783577261885,3072.2783577261885,60000,1200,,False,budget_exhausted,0.0334046389998548
Random,rosenbrock_30d,30,11,1704.5362245245087,1704.5362245245087,60000,1200,,False,budget_exhausted,0.033476509999673
Random,rosenbrock_30d,30,12,2869.690005942686,2869.690005942686,60000,1200,,False,budget_exhausted,0.03343577999930858
Random,rosenbrock_30d,30,13,3120.66881237365,3120.66881237365,60000,1200,,False,budget_exhausted,0.0334619550003481
Random,rosenbrock_30d,30,14,2717.283276471127,2717.283276471127,60000,1200,,False,budget_exhausted,0.033401695000065956
Random,rosenbrock_30d,30,15,3309.236422539264,3309.236422539264,60000,1200,,False,budget_exhausted,0.03342735299975175
Random,rosenbrock_30d,30,16,3187.1810203724344,3187.1810203724344,60000,1200,,False,budget_exhausted,0.03306652099945495
Random,rosenbrock_30d,30,17,2988.038578878771,2988.038578878771,60000,1200,,False,budget_exhausted,0.03335420199982764
Random,rosenbrock_30d,30,18,3142.0237293027685,3142.0237293027685,60000,1200,,False,budget_exhausted,0.03339593500004412
Random,rosenbrock_30d,30,19,2842.902657292827,2842.902657292827,60000,1200,,False,budget_exhausted,0.03330005499992694
Random,rosenbrock_30d,30,20,3409.5312575024896,3409.5312575024896,60000,1200,,False,budget_exhausted,0.03336062900052639
Random,rosenbrock_30d,30,21,2493.7815962626305,2493.7815962626305,60000,1200,,False,budget_exhausted,0.03314747200056445
Random,rosenbrock_30d,30,22,3160.846259254254,3160.846259254254,60000,1200,,False,budget_exhausted,0.03289923599913891
Random,rosenbrock_30d,30,23,2637.2989713759935,2637.2989713759935,60000,1200,,False,budget_exhausted,0.033402820999981486
Random,rosenbrock_30d,30,24,2980.1968114160054,2980.1968114160054,60000,1200,,False,budget_exhausted,0.03345303000060085
Random,rosenbrock_30d,30,25,2904.6144270274517,2904.6144270274517,60000,1200,,False,budget_exhausted,0.03336686300008296
Random,rosenbrock_30d,30,26,3052.387855419896,3052.387855419896,60000,1200,,False,budget_exhausted,0.03322374999970634
Random,rosenbrock_30d,30,27,2783.4735036767447,2783.4735036767447,60000,1200,,False,budget_exhausted,0.03336347399999795
Random,rosenbrock_30d,30,28,2926.8728993914674,2926.8728993914674,60000,1200,,False,budget_exhausted,0.03340779899917834
Random,rosenbrock_30d,30,29,3006.103549530995,3006.103549530995,60000,1200,,False,budget_exhausted,0.033390390999556985
CDA (paper),rastrigin_2d,2,0,0.7894738236382999,0.7894738236382999,627,24,,False,extinction,0.0017892770001708413
CDA (paper),rastrigin_2d,2,1,0.522470884067225,0.522470884067225,651,17,,False,extinction,0.001149524000538804
CDA (paper),rastrigin_2d,2,2,0.9950367932583504,0.9950367932583504,1131,12,,False,extinction,0.0009859339998001815
CDA (paper),rastrigin_2d,2,3,0.001321249883829978,0.001321249883829978,630,8,,False,extinction,0.0006249580001167487
CDA (paper),rastrigin_2d,2,4,0.08545632967794603,0.08545632967794603,735,23,,False,extinction,0.0015076800000315416
CDA (paper),rastrigin_2d,2,5,1.2758335806425372,1.2758335806425372,459,6,,False,extinction,0.000474888000098872
CDA (paper),rastrigin_2d,2,6,0.8016664369794206,0.8016664369794206,1096,21,,False,extinction,0.0014663489992017276
CDA (paper),rastrigin_2d,2,7,2.153022649054037e-09,2.153022649054037e-09,789,17,755,True,extinction,0.0011816120004368713
CDA (paper),rastrigin_2d,2,8,0.08058787179039939,0.08058787179039939,882,15,,False,extinction,0.001059144999999262
CDA (paper),rastrigin_2d,2,9,0.9955855155924205,0.9955855155924205,835,23,,False,extinction,0.0015580810004394152
CDA (paper),rastrigin_2d,2,10,0.08326134799256124,0.08326134799256124,665,7,,False,extinction,0.000570278999475704
CDA (paper),rastrigin_2d,2,11,0.03835214844947643,0.03835214844947643,936,9,,False,extinction,0.000763121000090905
CDA (paper),rastrigin_2d,2,12,0.00787545827931524,0.00787545827931524,679,9,,False,extinction,0.0006841510003141593
CDA (paper),rastrigin_2d,2,13,1.0021752364959227,1.0021752364959227,718,29,,False,extinction,0.0018130039998141
CDA (paper),rastrigin_2d,2,14,0.9954868231456473,0.9954868231456473,691,16,,False,extinction,0.0010850019998542848
CDA (paper),rastrigin_2d,2,15,0.9988750131432411,0.9988750131432411,802,15,,False,extinction,0.0010881879998123622
CDA (paper),rastrigin_2d,2,16,6.038054284829286e-05,6.038054284829286e-05,891,11,883,True,extinction,0.000876977000189072
CDA (paper),rastrigin_2d,2,17,0.9954821894084596,0.9954821894084596,739,9,,False,extinction,0.0007178269997893949
CDA (paper),rastrigin_2d,2,18,5.661550694924244e-07,5.661550694924244e-07,651,27,529,True,mean_gap,0.0017177019999508047
CDA (paper),rastrigin_2d,2,19,1.1671315163716613,1.1671315163716613,656,9,,False,extinction,0.0007115219996194355
CDA (paper),rastrigin_2d,2,20,0.0017794993962887418,0.0017794993962887418,968,33,,False,mean_gap,0.0021353020001697587
CDA (paper),rastrigin_2d,2,21,0.995547672643113,0.995547672643113,687,15,,False,extinction,0.0010536409999986063
CDA (paper),rastrigin_2d,2,22,0.9950878544992072,0.9950878544992072,823,33,,False,mean_gap,0.0020783539994226885
CDA (paper),rastrigin_2d,2,23,0.006578713153196247,0.006578713153196247,524,8,,False,extinction,0.0006235880000531324
CDA (paper),rastrigin_2d,2,24,1.1342846709934733,1.1342846709934733,368,5,,False,extinction,0.000405292000323243
CDA (paper),rastrigin_2d,2,25,0.4342711046599348,0.4342711046599348,715,19,,False,extinction,0.0012974510000276496
CDA (paper),rastrigin_2d,2,26,1.2907387160512656,1.2907387160512656,698,29,,False,extinction,0.0018220420006400673
CDA (paper),rastrigin_2d,2,27,0.994999900216694,0.994999900216694,654,10,,False,extinction,0.0007916690001366078
CDA (paper),rastrigin_2d,2,28,1.991203906332501,1.991203906332501,792,34,,False,mean_gap,0.002119822999702592
CDA (paper),rastrigin_2d,2,29,1.183449814937788,1.183449814937788,597,6,,False,extinction,0.0005000110004402814
CDA (budgeted),rastrigin_2d,2,0,0.0015617433628349886,0.0015617433628349886,10000,69,,False,budget_exhausted,0.005657644000166329
CDA (budgeted),rastrigin_2d,2,1,0.04154901488309548,0.04154901488309548,10000,45,,False,budget_exhausted,0.004096634999768867
CDA (budgeted),rastrigin_2d,2,2,0.0345832362492402,0.0345832362492402,10000,49,,False,budget_exhausted,0.004367110000202956
CDA (budgeted),rastrigin_2d,2,3,0.047925247966368545,0.047925247966368545,10000,64,,False,budget_exhausted,0.0053111220004211646
CDA (budgeted),rastrigin_2d,2,4,0.02774812568203444,0.02774812568203444,10000,64,,False,budget_exhausted,0.00528440300058719
CDA (budgeted),rastrigin_2d,2,5,0.004509847914199838,0.004509847914199838,10000,62,,False,budget_exhausted,0.005228101999819046
CDA (budgeted),rastrigin_2d,2,6,0.04806656665377318,0.04806656665377318,10000,76,,False,budget_exhausted,0.006051149000086298
CDA (budgeted),rastrigin_2d,2,7,0.03484622277878202,0.03484622277878202,10000,73,,False,budget_exhausted,0.005846699000358058
CDA (budgeted),rastrigin_2d,2,8,0.0010942787485355154,0.0010942787485355154,10000,57,,False,budget_exhausted,0.004808265000065148
CDA (budgeted),rastrigin_2d,2,9,0.07090973076796203,0.07090973076796203,10000,72,,False,budget_exhausted,0.005620056999759981
CDA (budgeted),rastrigin_2d,2,10,0.03785403939306775,0.03785403939306775,10000,64,,False,budget_exhausted,0.005159504000403103
CDA (budgeted),rastrigin_2d,2,11,0.022124656560585265,0.022124656560585265,10000,65,,False,budget_exhausted,0.005240118999608967
CDA (budgeted),rastrigin_2d,2,12,0.002769341879258036,0.002769341879258036,10000,84,,False,budget_exhausted,0.006614775000343798
CDA (budgeted),rastrigin_2d,2,13,0.012523478316055048,0.012523478316055048,10000,62,,False,budget_exhausted,0.005204281999795057
CDA (budgeted),rastrigin_2d,2,14,0.27662423129652325,0.27662423129652325,10000,47,,False,budget_exhausted,0.004203364000204601
CDA (budgeted),rastrigin_2d,2,15,0.10386980107035981,0.10386980107035981,10000,43,,False,budget_exhausted,0.00401162900016061
CDA (budgeted),rastrigin_2d,2,16,0.006878868052044851,0.006878868052044851,10000,78,,False,budget_exhausted,0.006199222999384801
CDA (budgeted),rastrigin_2d,2,17,0.06106088391584308,0.06106088391584308,10000,56,,False,budget_exhausted,0.004826272999707726
CDA (budgeted),rastrigin_2d,2,18,0.010590631749714419,0.010590631749714419,10000,54,,False,budget_exhausted,0.004738772999189678
CDA (budgeted),rastrigin_2d,2,19,0.018491898250733385,0.018491898250733385,10000,73,,False,budget_exhausted,0.005799800000204414
CDA (budgeted),rastrigin_2d,2,20,0.05940871050613339,0.05940871050613339,10000,56,,False,budget_exhausted,0.004614353999386367
CDA (budgeted),rastrigin_2d,2,21,0.08216590512909505,0.08216590512909505,10000,71,,False,budget_exhausted,0.005694927999684296
CDA (budgeted),rastrigin_2d,2,22,0.06572441331191214,0.06572441331191214,10000,66,,False,budget_exhausted,0.005416677000539494
CDA (budgeted),rastrigin_2d,2,23,0.02693660637174844,0.02693660637174844,10000,68,,False,budget_exhausted,0.005640614999720128
CDA (budgeted),rastrigin_2d,2,24,1.3786792941061776e-05,1.3786792941061776e-05,10000,81,1699,True,budget_exhausted,0.006387639000422496
CDA (budgeted),rastrigin_2d,2,25,0.00993490670057895,0.00993490670057895,10000,72,,False,budget_exhausted,0.005815957999402599
CDA (budgeted),rastrigin_2d,2,26,0.12616554724538176,0.12616554724538176,10000,72,,False,budget_exhausted,0.005812630000036734
CDA (budgeted),rastrigin_2d,2,27,0.0004149560870558844,0.0004149560870558844,10000,64,,False,budget_exhausted,0.0053030690005471115
CDA (budgeted),rastrigin_2d,2,28,0.07951095264897035,0.07951095264897035,10000,38,,False,budget_exhausted,0.003704593999827921
CDA (budgeted),rastrigin_2d,2,29,0.07281556572875303,0.07281556572875303,10000,76,,False,budget_exhausted,0.006053914000403893
PSO,rastrigin_2d,2,0,0.0,0.0,10000,199,3200,True,budget_exhausted,0.006692523000310757
PSO,rastrigin_2d,2,1,0.0,0.0,10000,199,2450,True,budget_exhausted,0.006707444999847212
PSO,rastrigin_2d,2,2,0.0,0.0,10000,199,2350,True,budget_exhausted,0.00668647900056385
PSO,rastrigin_2d,2,3,0.0,0.0,10000,199,2200,True,budget_exhausted,0.006650706999607792
PSO,rastrigin_2d,2,4,0.0,0.0,10000,199,2200,True,budget_exhausted,0.0066276329998800065
PSO,rastrigin_2d,2,5,0.0,0.0,10000,199,1700,True,budget_exhausted,0.006611155999962648
PSO,rastrigin_2d,2,6,0.0,0.0,10000,199,1900,True,budget_exhausted,0.0066210089999003685
PSO,rastrigin_2d,2,7,0.0,0.0,10000,199,2300,True,budget_exhausted,0.00669132199982414
PSO,rastrigin_2d,2,8,0.0,0.0,10000,199,2500,True,budget_exhausted,0.006655398000475543
PSO,rastrigin_2d,2,9,0.0,0.0,10000,199,2750,True,budget_exhausted,0.0066450220001570415
PSO,rastrigin_2d,2,10,0.0,0.0,10000,199,2250,True,budget_exhausted,0.006716652999784856
PSO,rastrigin_2d,2,11,0.0,0.0,10000,199,2350,True,budget_exhausted,0.0066743629995471565
PSO,rastrigin_2d,2,12,0.0,0.0,10000,199,2700,True,budget_exhausted,0.006688901999950758
PSO,rastrigin_2d,2,13,0.0,0.0,10000,199,2550,True,budget_exhausted,0.006636274999436864
PSO,rastrigin_2d,2,14,0.0,0.0,10000,199,2450,True,budget_exhausted,0.0067161520000809105
PSO,rastrigin_2d,2,15,0.0,0.0,10000,199,2000,True,budget_exhausted,0.006665525000244088
PSO,rastrigin_2d,2,16,0.0,0.0,10000,199,3150,True,budget_exhausted,0.006654908000200521
PSO,rastrigin_2d,2,17,0.0,0.0,10000,199,3000,True,budget_exhausted,0.0067814899994118605
PSO,rastrigin_2d,2,18,0.0,0.0,10000,199,2400,True,budget_exhausted,0.0066913780001414125
PSO,rastrigin_2d,2,19,0.0,0.0,10000,199,2000,True,budget_exhausted,0.006623446000048716
PSO,rastrigin_2d,2,20,0.0,0.0,10000,199,3000,True,budget_exhausted,0.006682152999928803
PSO,rastrigin_2d,2,21,0.0,0.0,10000,199,2900,True,budget_exhausted,0.0067030930003966205
PSO,rastrigin_2d,2,22,0.0,0.0,10000,199,2900,True,budget_exhausted,0.006756066999514587
PSO,rastrigin_2d,2,23,0.0,0.0,10000,199,1950,True,budget_exhausted,0.006666215000223019
PSO,rastrigin_2d,2,24,0.0,0.0,10000,199,3850,True,budget_exhausted,0.006684684999527235
PSO,rastrigin_2d,2,25,0.0,0.0,10000,199,3000,True,budget_exhausted,0.006701609000629105
PSO,rastrigin_2d,2,26,0.0,0.0,10000,199,1900,True,budget_exhausted,0.006659813999249309
PSO,rastrigin_2d,2,27,0.0,0.0,10000,199,2750,True,budget_exhausted,0.006727289000082237
PSO,rastrigin_2d,2,28,0.0,0.0,10000,199,2750,True,budget_exhausted,0.006845087000328931
PSO,rastrigin_2d,2,29,0.0,0.0,10000,199,2750,True,budget_exhausted,0.0067607250002765795
GA,rastrigin_2d,2,0,0.0,0.0,10000,199,750,True,budget_exhausted,0.010986451999997371
GA,rastrigin_2d,2,1,1.1447376380147034e-08,1.1447376380147034e-08,10000,199,5350,True,budget_exhausted,0.01105628200002684
GA,rastrigin_2d,2,2,5.968558980384842e-13,5.968558980384842e-13,10000,199,5550,True,budget_exhausted,0.011075047999838716
GA,rastrigin_2d,2,3,4.32649471804325e-11,4.32649471804325e-11,10000,199,3000,True,budget_exhausted,0.011072105000494048
GA,rastrigin_2d,2,4,0.0,0.0,10000,199,550,True,budget_exhausted,0.010935629999949015
GA,rastrigin_2d,2,5,0.0,0.0,10000,199,650,True,budget_exhausted,0.01091622500007361
GA,rastrigin_2d,2,6,0.0,0.0,10000,199,900,True,budget_exhausted,0.010971730000164825
GA,rastrigin_2d,2,7,0.0,0.0,10000,199,850,True,budget_exhausted,0.01098324499980663
GA,rastrigin_2d,2,8,0.0,0.0,10000,199,3100,True,budget_exhausted,0.010984959999404964
GA,rastrigin_2d,2,9,9.141132295553689e-10,9.141132295553689e-10,10000,199,2300,True,budget_exhausted,0.011019675000170537
GA,rastrigin_2d,2,10,0.0,0.0,10000,199,750,True,budget_exhausted,0.010899943000367784
GA,rastrigin_2d,2,11,0.0,0.0,10000,199,2250,True,budget_exhausted,0.0109796289998485
GA,rastrigin_2d,2,12,0.0,0.0,10000,199,850,True,budget_exhausted,0.010805011999764247
GA,rastrigin_2d,2,13,5.044853423896711e-13,5.044853423896711e-13,10000,199,7900,True,budget_exhausted,0.010885271000006469
GA,rastrigin_2d,2,14,0.00010955279796576178,0.00010955279796576178,10000,199,,False,budget_exhausted,0.011122826000246278
GA,rastrigin_2d,2,15,0.012743488013889248,0.012743488013889248,10000,199,,False,budget_exhausted,0.01109374099996785
GA,rastrigin_2d,2,16,0.0,0.0,10000,199,3700,True,budget_exhausted,0.010961508000036702
GA,rastrigin_2d,2,17,0.0,0.0,10000,199,1050,True,budget_exhausted,0.01093411800047761
GA,rastrigin_2d,2,18,3.1480809070671967e-09,3.1480809070671967e-09,10000,199,3600,True,budget_exhausted,0.011026288999346434
GA,rastrigin_2d,2,19,0.0,0.0,10000,199,750,True,budget_exhausted,0.01091583899960824
GA,rastrigin_2d,2,20,0.0,0.0,10000,199,3350,True,budget_exhausted,0.0109701600003973
GA,rastrigin_2d,2,21,0.0,0.0,10000,199,7150,True,budget_exhausted,0.01090498400026263
GA,rastrigin_2d,2,22,0.002530323124609879,0.002530323124609879,10000,199,,False,budget_exhausted,0.010862836000342213
GA,rastrigin_2d,2,23,0.0,0.0,10000,199,1000,True,budget_exhausted,0.010858292000193615
GA,rastrigin_2d,2,24,2.7954044931277622e-05,2.7954044931277622e-05,10000,199,1050,True,budget_exhausted,0.010996868999427534
GA,rastrigin_2d,2,25,8.022962560971791e-08,8.022962560971791e-08,10000,199,800,True,budget_exhausted,0.010946501000034914
GA,rastrigin_2d,2,26,4.370427575395297e-09,4.370427575395297e-09,10000,199,1000,True,budget_exhausted,0.010942699999759498
GA,rastrigin_2d,2,27,0.0,0.0,10000,199,5800,True,budget_exhausted,0.011032002000320063
GA,rastrigin_2d,2,28,0.0,0.0,10000,199,1000,True,budget_exhausted,0.010925831000349717
GA,rastrigin_2d,2,29,0.0,0.0,10000,199,750,True,budget_exhausted,0.010952216000077897
DE,rastrigin_2d,2,0,0.0,0.0,10000,199,2400,True,budget_exhausted,0.012579696000102558
DE,rastrigin_2d,2,1,0.0,0.0,10000,199,2750,True,budget_exhausted,0.012562110000544635
DE,rastrigin_2d,2,2,0.0,0.0,10000,199,2100,True,budget_exhausted,0.01230529700023908
DE,rastrigin_2d,2,3,0.0,0.0,10000,199,3300,True,budget_exhausted,0.012456237000151305
DE,rastrigin_2d,2,4,0.0,0.0,10000,199,2200,True,budget_exhausted,0.01230755200049316
DE,rastrigin_2d,2,5,0.0,0.0,10000,199,2850,True,budget_exhausted,0.012269627999557997
DE,rastrigin_2d,2,6,0.0,0.0,10000,199,2850,True,budget_exhausted,0.012557242999719165
DE,rastrigin_2d,2,7,0.0,0.0,10000,199,2450,True,budget_exhausted,0.012482486999942921
DE,rastrigin_2d,2,8,0.0,0.0,10000,199,2700,True,budget_exhausted,0.012576654000440612
DE,rastrigin_2d,2,9,0.0,0.0,10000,199,2300,True,budget_exhausted,0.012458526000045822
DE,rastrigin_2d,2,10,0.0,0.0,10000,199,2750,True,budget_exhausted,0.012339713999608648
DE,rastrigin_2d,2,11,0.0,0.0,10000,199,2900,True,budget_exhausted,0.012485556000683573
DE,rastrigin_2d,2,12,0.0,0.0,10000,199,2950,True,budget_exhausted,0.012526853000053961
DE,rastrigin_2d,2,13,0.0,0.0,10000,199,2450,True,budget_exhausted,0.012465964000512031
DE,rastrigin_2d,2,14,0.0,0.0,10000,199,2600,True,budget_exhausted,0.012550828999337682
DE,rastrigin_2d,2,15,0.0,0.0,10000,199,2750,True,budget_exhausted,0.012484619999668212
DE,rastrigin_2d,2,16,0.0,0.0,10000,199,2950,True,budget_exhausted,0.01262733599924104
DE,rastrigin_2d,2,17,0.0,0.0,10000,199,2450,True,budget_exhausted,0.012562075999994704
DE,rastrigin_2d,2,18,0.0,0.0,10000,199,3200,True,budget_exhausted,0.012526114999673155
DE,rastrigin_2d,2,19,0.0,0.0,10000,199,2650,True,budget_exhausted,0.012511220000305912
DE,rastrigin_2d,2,20,0.0,0.0,10000,199,2900,True,budget_exhausted,0.012536572000499291
DE,rastrigin_2d,2,21,0.0,0.0,10000,199,2700,True,budget_exhausted,0.012477116000809474
DE,rastrigin_2d,2,22,0.0,0.0,10000,199,2450,True,budget_exhausted,0.012527553000836633
DE,rastrigin_2d,2,23,0.0,0.0,10000,199,2800,True,budget_exhausted,0.013025803000346059
DE,rastrigin_2d,2,24,0.0,0.0,10000,199,2500,True,budget_exhausted,0.012450383999748738
DE,rastrigin_2d,2,25,0.0,0.0,10000,199,2800,True,budget_exhausted,0.012488024999584013
DE,rastrigin_2d,2,26,0.0,0.0,10000,199,2500,True,budget_exhausted,0.012515974999587343
DE,rastrigin_2d,2,27,0.0,0.0,10000,199,2500,True,budget_exhausted,0.012507532999734394
DE,rastrigin_2d,2,28,0.0,0.0,10000,199,2500,True,budget_exhausted,0.012253111000063655
DE,rastrigin_2d,2,29,0.0,0.0,10000,199,3150,True,budget_exhausted,0.012203854000290448
Random,rastrigin_2d,2,0,0.15172136617063714,0.15172136617063714,10000,200,,False,budget_exhausted,0.004097867999917071
Random,rastrigin_2d,2,1,0.6437636437658298,0.6437636437658298,10000,200,,False,budget_exhausted,0.0041534440006216755
Random,rastrigin_2d,2,2,0.6197445423036534,0.6197445423036534,10000,200,,False,budget_exhausted,0.00418673999956809
Random,rastrigin_2d,2,3,0.8449787114405325,0.8449787114405325,10000,200,,False,budget_exhausted,0.004085953999492631
Random,rastrigin_2d,2,4,0.047303380312474275,0.047303380312474275,10000,200,,False,budget_exhausted,0.004193098000541795
Random,rastrigin_2d,2,5,1.105622548340932,1.105622548340932,10000,200,,False,budget_exhausted,0.004122186999666155
Random,rastrigin_2d,2,6,0.9338769040330206,0.9338769040330206,10000,200,,False,budget_exhausted,0.004103971000404272
Random,rastrigin_2d,2,7,0.3414579240447324,0.3414579240447324,10000,200,,False,budget_exhausted,0.004110172999389761
Random,rastrigin_2d,2,8,1.056312621059039,1.056312621059039,10000,200,,False,budget_exhausted,0.004117810999559879
Random,rastrigin_2d,2,9,1.1203819840729246,1.1203819840729246,10000,200,,False,budget_exhausted,0.004117366999707883
Random,rastrigin_2d,2,10,0.7245788971087244,0.7245788971087244,10000,200,,False,budget_exhausted,0.004153887999564176
Random,rastrigin_2d,2,11,0.07076254554911188,0.07076254554911188,10000,200,,False,budget_exhausted,0.004135598999710055
Random,rastrigin_2d,2,12,0.39562839747791045,0.39562839747791045,10000,200,,False,budget_exhausted,0.004117933999623347
Random,rastrigin_2d,2,13,0.6340251157812489,0.6340251157812489,10000,200,,False,budget_exhausted,0.004127944999709143
Random,rastrigin_2d,2,14,0.6340611922948582,0.6340611922948582,10000,200,,False,budget_exhausted,0.004107313000531576
Random,rastrigin_2d,2,15,0.2419766311555911,0.2419766311555911,10000,200,,False,budget_exhausted,0.004164119000051869
Random,rastrigin_2d,2,16,0.16376008548603238,0.16376008548603238,10000,200,,False,budget_exhausted,0.004135928999858152
Random,rastrigin_2d,2,17,0.7920177178278784,0.7920177178278784,10000,200,,False,budget_exhausted,0.004173271000581735
Random,rastrigin_2d,2,18,0.357338728758009,0.357338728758009,10000,200,,False,budget_exhausted,0.004153040000346664
Random,rastrigin_2d,2,19,1.1407143385550995,1.1407143385550995,10000,200,,False,budget_exhausted,0.004098329000044032
Random,rastrigin_2d,2,20,0.3039965851236843,0.3039965851236843,10000,200,,False,budget_exhausted,0.004113861999940127
Random,rastrigin_2d,2,21,1.019504976744468,1.019504976744468,10000,200,,False,budget_exhausted,0.004118372999982967
Random,rastrigin_2d,2,22,0.8132783053358672,0.8132783053358672,10000,200,,False,budget_exhausted,0.00415818399960699
Random,rastrigin_2d,2,23,0.1364951336490705,0.1364951336490705,10000,200,,False,budget_exhausted,0.004093350999937684
Random,rastrigin_2d,2,24,0.4875610780543411,0.4875610780543411,10000,200,,False,budget_exhausted,0.004025421000733331
Random,rastrigin_2d,2,25,1.0186496597483128,1.0186496597483128,10000,200,,False,budget_exhausted,0.004073168000104488
Random,rastrigin_2d,2,26,1.185423799003793,1.185423799003793,10000,200,,False,budget_exhausted,0.004189424000287545
Random,rastrigin_2d,2,27,0.4181049243940045,0.4181049243940045,10000,200,,False,budget_exhausted,0.004143810000641679
Random,rastrigin_2d,2,28,0.7910158994026091,0.7910158994026091,10000,200,,False,budget_exhausted,0.004052713999953994
Random,rastrigin_2d,2,29,0.08429411857155955,0.08429411857155955,10000,200,,False,budget_exhausted,0.004063170000335958
CDA (paper),rastrigin_10d,10,0,41.4096501085394,41.4096501085394,912,32,,False,mean_gap,0.0024868049995347974
CDA (paper),rastrigin_10d,10,1,36.994250827295424,36.994250827295424,1340,21,,False,extinction,0.0018192489997090888
CDA (paper),rastrigin_10d,10,2,44.699603613486055,44.699603613486055,1034,33,,False,mean_gap,0.0023798049996912596
CDA (paper),rastrigin_10d,10,3,41.616533880502445,41.616533880502445,1923,38,,False,mean_gap,0.002998304999891843
CDA (paper),rastrigin_10d,10,4,38.69994175937584,38.69994175937584,1213,38,,False,mean_gap,0.002740435000305297
CDA (paper),rastrigin_10d,10,5,53.788214518336105,53.788214518336105,852,33,,False,extinction,0.0022863630001666024
CDA (paper),rastrigin_10d,10,6,52.91991976901467,52.91991976901467,710,25,,False,extinction,0.0018001949993049493
CDA (paper),rastrigin_10d,10,7,29.451897856407243,29.451897856407243,1188,26,,False,extinction,0.0020568899999489076
CDA (paper),rastrigin_10d,10,8,30.88098387303964,30.88098387303964,1150,37,,False,extinction,0.0026818630003617727
CDA (paper),rastrigin_10d,10,9,43.55089021928787,43.55089021928787,1480,38,,False,mean_gap,0.002909408999585139
CDA (paper),rastrigin_10d,10,10,42.679438756516106,42.679438756516106,1122,34,,False,mean_gap,0.0024478310006088577
CDA (paper),rastrigin_10d,10,11,40.508322444638644,40.508322444638644,1677,13,,False,extinction,0.0014781049994780915
CDA (paper),rastrigin_10d,10,12,59.15200675361373,59.15200675361373,961,29,,False,extinction,0.0021343089993024478
CDA (paper),rastrigin_10d,10,13,70.82501515017586,70.82501515017586,864,15,,False,extinction,0.0012621679998119362
CDA (paper),rastrigin_10d,10,14,38.34362058539796,38.34362058539796,1148,38,,False,mean_gap,0.0027256169996690005
CDA (paper),rastrigin_10d,10,15,40.691133492912584,40.691133492912584,713,42,,False,mean_gap,0.0027305960002195206
CDA (paper),rastrigin_10d,10,16,30.997005143039047,30.997005143039047,1170,40,,False,mean_gap,0.0028386310004862025
CDA (paper),rastrigin_10d,10,17,24.03264101961682,24.03264101961682,1185,39,,False,mean_gap,0.002785100999972201
CDA (paper),rastrigin_10d,10,18,43.530301516357014,43.530301516357014,887,22,,False,extinction,0.0016947799995250534
CDA (paper),rastrigin_10d,10,19,58.36364219474042,58.36364219474042,615,11,,False,extinction,0.0009434019993932452
CDA (paper),rastrigin_10d,10,20,71.84571144649371,71.84571144649371,463,16,,False,extinction,0.0011539070001163054
CDA (paper),rastrigin_10d,10,21,39.91495958979501,39.91495958979501,679,37,,False,mean_gap,0.0024695980000615236
CDA (paper),rastrigin_10d,10,22,38.41853246189518,38.41853246189518,714,38,,False,mean_gap,0.002507479000087187
CDA (paper),rastrigin_10d,10,23,46.87502002617322,46.87502002617322,841,40,,False,mean_gap,0.0026817030002348474
CDA (paper),rastrigin_10d,10,24,42.980066634086555,42.980066634086555,1011,39,,False,mean_gap,0.002687590999812528
CDA (paper),rastrigin_10d,10,25,36.54852059156707,36.54852059156707,1624,25,,False,extinction,0.002248209999379469
CDA (paper),rastrigin_10d,10,26,43.0527309281749,43.0527309281749,449,17,,False,extinction,0.001233212000443018
CDA (paper),rastrigin_10d,10,27,29.157398688839038,29.157398688839038,832,36,,False,mean_gap,0.0024404750001849607
CDA (paper),rastrigin_10d,10,28,45.569153310980624,45.569153310980624,1194,40,,False,mean_gap,0.0028483599999162834
CDA (paper),rastrigin_10d,10,29,40.65363621644003,40.65363621644003,723,39,,False,mean_gap,0.0026385679993836675
CDA (budgeted),rastrigin_10d,10,0,9.955051601177487,9.955051601177487,30000,670,,False,budget_exhausted,0.050452153999685834
CDA (budgeted),rastrigin_10d,10,1,16.90477941138687,16.90477941138687,30000,655,,False,budget_exhausted,0.048781411000163644
CDA (budgeted),rastrigin_10d,10,2,20.89533740321481,20.89533740321481,30000,553,,False,budget_exhausted,0.04344700700039539
CDA (budgeted),rastrigin_10d,10,3,16.921452801034036,16.921452801034036,30000,445,,False,budget_exhausted,0.03694085200004338
CDA (budgeted),rastrigin_10d,10,4,21.955867021862986,21.955867021862986,30000,519,,False,budget_exhausted,0.041333986999234185
CDA (budgeted),rastrigin_10d,10,5,19.300835263859184,19.300835263859184,30000,450,,False,budget_exhausted,0.03709099800016702
CDA (budgeted),rastrigin_10d,10,6,14.927375681469798,14.927375681469798,30000,501,,False,budget_exhausted,0.04029697400073928
CDA (budgeted),rastrigin_10d,10,7,10.284668179776318,10.284668179776318,30000,444,,False,budget_exhausted,0.037676011999792536
CDA (budgeted),rastrigin_10d,10,8,17.33405846024857,17.33405846024857,30000,274,,False,budget_exhausted,0.027913306999835186
CDA (budgeted),rastrigin_10d,10,9,6.6550266481691125,6.6550266481691125,30000,205,,False,budget_exhausted,0.023159424000368745
CDA (budgeted),rastrigin_10d,10,10,7.961297339896802,7.961297339896802,30000,433,,False,budget_exhausted,0.037552241999947
CDA (budgeted),rastrigin_10d,10,11,15.930744096864117,15.930744096864117,30000,505,,False,budget_exhausted,0.041003876000104356
CDA (budgeted),rastrigin_10d,10,12,29.911162881983813,29.911162881983813,30000,364,,False,budget_exhausted,0.03243709599973954
CDA (budgeted),rastrigin_10d,10,13,14.926845150958556,14.926845150958556,30000,476,,False,budget_exhausted,0.038720536999790056
CDA (budgeted),rastrigin_10d,10,14,19.59541574492485,19.59541574492485,30000,337,,False,budget_exhausted,0.03088182300052722
CDA (budgeted),rastrigin_10d,10,15,8.956761450962887,8.956761450962887,30000,531,,False,budget_exhausted,0.04200198899980023
CDA (budgeted),rastrigin_10d,10,16,16.920253889960662,16.920253889960662,30000,522,,False,budget_exhausted,0.041940072999750555
CDA (budgeted),rastrigin_10d,10,17,22.58824870548571,22.58824870548571,30000,428,,False,budget_exhausted,0.036504407999927935
CDA (budgeted),rastrigin_10d,10,18,11.153315005477012,11.153315005477012,30000,221,,False,budget_exhausted,0.02478159699967364
CDA (budgeted),rastrigin_10d,10,19,16.06022331325535,16.06022331325535,30000,263,,False,budget_exhausted,0.02680269899974519
CDA (budgeted),rastrigin_10d,10,20,18.904202272321427,18.904202272321427,30000,354,,False,budget_exhausted,0.032028026999796566
CDA (budgeted),rastrigin_10d,10,21,18.342035607536616,18.342035607536616,30000,396,,False,budget_exhausted,0.0340411610004594
CDA (budgeted),rastrigin_10d,10,22,18.707265016879717,18.707265016879717,30000,578,,False,budget_exhausted,0.04489972899955319
CDA (budgeted),rastrigin_10d,10,23,18.38732242088561,18.38732242088561,30000,651,,False,budget_exhausted,0.048719561000325484
CDA (budgeted),rastrigin_10d,10,24,18.101398975585468,18.101398975585468,30000,436,,False,budget_exhausted,0.03673724600048445
CDA (budgeted),rastrigin_10d,10,25,23.647176978004964,23.647176978004964,30000,289,,False,budget_exhausted,0.02816234700003406
CDA (budgeted),rastrigin_10d,10,26,9.949860839174278,9.949860839174278,30000,517,,False,budget_exhausted,0.04353587900004641
CDA (budgeted),rastrigin_10d,10,27,18.67557757490971,18.67557757490971,30000,579,,False,budget_exhausted,0.04569470999922487
CDA (budgeted),rastrigin_10d,10,28,13.156222475529688,13.156222475529688,30000,416,,False,budget_exhausted,0.035584700999606866
CDA (budgeted),rastrigin_10d,10,29,16.60409561166405,16.60409561166405,30000,401,,False,budget_exhausted,0.034600163000504836
PSO,rastrigin_10d,10,0,3.979836228373159,3.979836228373159,30000,599,,False,budget_exhausted,0.024107057000037457
PSO,rastrigin_10d,10,1,2.9848771712840403,2.9848771712840403,30000,599,,False,budget_exhausted,0.024087442000563897
PSO,rastrigin_10d,10,2,8.954626476020564,8.954626476020564,30000,599,,False,budget_exhausted,0.024347082000531373
PSO,rastrigin_10d,10,3,3.9798362283731876,3.9798362283731876,30000,599,,False,budget_exhausted,0.023838934999730554
PSO,rastrigin_10d,10,4,1.9899181141865796,1.9899181141865796,30000,599,,False,budget_exhausted,0.02395647800040024
PSO,rastrigin_10d,10,5,6.964708361833971,6.964708361833971,30000,599,,False,budget_exhausted,0.024404716999924858
PSO,rastrigin_10d,10,6,4.974795285466456,4.974795285466456,30000,599,,False,budget_exhausted,0.024104940999677638
PSO,rastrigin_10d,10,7,1.9899181141865796,1.9899181141865796,30000,599,,False,budget_exhausted,0.024008534000131476
PSO,rastrigin_10d,10,8,7.959667418927239,7.959667418927239,30000,599,,False,budget_exhausted,0.023809954000171274
PSO,rastrigin_10d,10,9,4.974790247647377,4.974790247647377,30000,599,,False,budget_exhausted,0.02403972999945836
PSO,rastrigin_10d,10,10,2.9848771712798623,2.9848771712798623,30000,599,,False,budget_exhausted,0.023785061999660684
PSO,rastrigin_10d,10,11,4.974795285466456,4.974795285466456,30000,599,,False,budget_exhausted,0.024070792000202346
PSO,rastrigin_10d,10,12,3.979836228373202,3.979836228373202,30000,599,,False,budget_exhausted,0.024098967000099947
PSO,rastrigin_10d,10,13,5.969749304740844,5.969749304740844,30000,599,,False,budget_exhausted,0.024448748999930103
PSO,rastrigin_10d,10,14,2.9848771712798623,2.9848771712798623,30000,599,,False,budget_exhausted,0.024315782000485342
PSO,rastrigin_10d,10,15,3.9798362283731876,3.9798362283731876,30000,599,,False,budget_exhausted,0.02425555700028781
PSO,rastrigin_10d,10,16,4.974795285466456,4.974795285466456,30000,599,,False,budget_exhausted,0.024071656000160147
PSO,rastrigin_10d,10,17,2.9848771712798907,2.9848771712798907,30000,599,,False,budget_exhausted,0.024138604000654595
PSO,rastrigin_10d,10,18,5.969749304740674,5.969749304740674,30000,599,,False,budget_exhausted,0.023847568999372015
PSO,rastrigin_10d,10,19,1.9899181141865938,1.9899181141865938,30000,599,,False,budget_exhausted,0.024148374000105832
PSO,rastrigin_10d,10,20,1.9899181141865938,1.9899181141865938,30000,599,,False,budget_exhausted,0.02371053800015943
PSO,rastrigin_10d,10,21,5.969754342559753,5.969754342559753,30000,599,,False,budget_exhausted,0.02405825099958747
PSO,rastrigin_10d,10,22,2.9848771712798623,2.9848771712798623,30000,599,,False,budget_exhausted,0.023652113000025565
PSO,rastrigin_10d,10,23,4.974795285466456,4.974795285466456,30000,599,,False,budget_exhausted,0.02390273699984391
PSO,rastrigin_10d,10,24,3.9798362283797672,3.9798362283797672,30000,599,,False,budget_exhausted,0.024195540000619076
PSO,rastrigin_10d,10,25,4.974795285466456,4.974795285466456,30000,599,,False,budget_exhausted,0.02409701499982475
PSO,rastrigin_10d,10,26,4.974795285466456,4.974795285466456,30000,599,,False,budget_exhausted,0.02405144400017889
PSO,rastrigin_10d,10,27,1.9899181141865938,1.9899181141865938,30000,599,,False,budget_exhausted,0.02391947399974015
PSO,rastrigin_10d,10,28,5.969754342559753,5.969754342559753,30000,599,,False,budget_exhausted,0.02391885899942281
PSO,rastrigin_10d,10,29,4.974795285466456,4.974795285466456,30000,599,,False,budget_exhausted,0.02382071700048982
GA,rastrigin_10d,10,0,0.0036270560005391417,0.0036270560005391417,30000,599,,False,budget_exhausted,0.04096858000048087
GA,rastrigin_10d,10,1,0.002482914891487553,0.002482914891487553,30000,599,,False,budget_exhausted,0.04096473200024775
GA,rastrigin_10d,10,2,0.0021349788544711146,0.0021349788544711146,30000,599,,False,budget_exhausted,0.04076530099973752
GA,rastrigin_10d,10,3,0.0008914997650606438,0.0008914997650606438,30000,599,,False,budget_exhausted,0.04056359500009421
GA,rastrigin_10d,10,4,0.023274534222920806,0.023274534222920806,30000,599,,False,budget_exhausted,0.04064186200048425
GA,rastrigin_10d,10,5,0.00015959135070886532,0.00015959135070886532,30000,599,,False,budget_exhausted,0.041176509000251826
GA,rastrigin_10d,10,6,0.0006275476235089172,0.0006275476235089172,30000,599,,False,budget_exhausted,0.04161496699998679
GA,rastrigin_10d,10,7,0.003926486266237816,0.003926486266237816,30000,599,,False,budget_exhausted,0.040393692000179726
GA,rastrigin_10d,10,8,0.0002681934227837246,0.0002681934227837246,30000,599,,False,budget_exhausted,0.0409014639999441
GA,rastrigin_10d,10,9,0.0011428852992736438,0.0011428852992736438,30000,599,,False,budget_exhausted,0.04077446100018278
GA,rastrigin_10d,10,10,0.0003445247043174504,0.0003445247043174504,30000,599,,False,budget_exhausted,0.04059457899984409
GA,rastrigin_10d,10,11,0.0037440387368548045,0.0037440387368548045,30000,599,,False,budget_exhausted,0.04075761800049804
GA,rastrigin_10d,10,12,0.01533776401785758,0.01533776401785758,30000,599,,False,budget_exhausted,0.04087578799953917
GA,rastrigin_10d,10,13,0.0019849722431928285,0.0019849722431928285,30000,599,,False,budget_exhausted,0.040545096999267116
GA,rastrigin_10d,10,14,0.009962775730201656,0.009962775730201656,30000,599,,False,budget_exhausted,0.040376234000177647
GA,rastrigin_10d,10,15,0.0009565180523480876,0.0009565180523480876,30000,599,,False,budget_exhausted,0.0404238159999295
GA,rastrigin_10d,10,16,0.005241984437262204,0.005241984437262204,30000,599,,False,budget_exhausted,0.04077074399992853
GA,rastrigin_10d,10,17,0.007711464360738773,0.007711464360738773,30000,599,,False,budget_exhausted,0.040640174000145635
GA,rastrigin_10d,10,18,0.0053905347662634995,0.0053905347662634995,30000,599,,False,budget_exhausted,0.04064166500029387
GA,rastrigin_10d,10,19,0.05151160306584757,0.05151160306584757,30000,599,,False,budget_exhausted,0.041167201999996905
GA,rastrigin_10d,10,20,0.0027695863331302917,0.0027695863331302917,30000,599,,False,budget_exhausted,0.04083199999968201
GA,rastrigin_10d,10,21,0.01081709630983596,0.01081709630983596,30000,599,,False,budget_exhausted,0.04084213800069847
GA,rastrigin_10d,10,22,0.0015718096996977238,0.0015718096996977238,30000,599,,False,budget_exhausted,0.04092825099996844
GA,rastrigin_10d,10,23,0.03261619654078629,0.03261619654078629,30000,599,,False,budget_exhausted,0.040603178000310436
GA,rastrigin_10d,10,24,0.004759008309591195,0.004759008309591195,30000,599,,False,budget_exhausted,0.04064040000048408
GA,rastrigin_10d,10,25,0.036801883808635694,0.036801883808635694,30000,599,,False,budget_exhausted,0.040917952000199875
GA,rastrigin_10d,10,26,0.0006184294415589875,0.0006184294415589875,30000,599,,False,budget_exhausted,0.04068132800057356
GA,rastrigin_10d,10,27,0.04200952887231324,0.04200952887231324,30000,599,,False,budget_exhausted,0.04058150699984253
GA,rastrigin_10d,10,28,0.0019831224649351498,0.0019831224649351498,30000,599,,False,budget_exhausted,0.04039589599960891
GA,rastrigin_10d,10,29,0.033612684938447046,0.033612684938447046,30000,599,,False,budget_exhausted,0.040609390000099665
DE,rastrigin_10d,10,0,23.596951797263188,23.596951797263188,30000,599,,False,budget_exhausted,0.04359779900005378
DE,rastrigin_10d,10,1,17.5324740880027,17.5324740880027,30000,599,,False,budget_exhausted,0.043538638000427454
DE,rastrigin_10d,10,2,17.287568629820214,17.287568629820214,30000,599,,False,budget_exhausted,0.04318806100036454
DE,rastrigin_10d,10,3,18.63689200195907,18.63689200195907,30000,599,,False,budget_exhausted,0.043537488000765734
DE,rastrigin_10d,10,4,21.826392936839454,21.826392936839454,30000,599,,False,budget_exhausted,0.04382864799936215
DE,rastrigin_10d,10,5,17.31592525532112,17.31592525532112,30000,599,,False,budget_exhausted,0.04266847599956236
DE,rastrigin_10d,10,6,19.381741964052836,19.381741964052836,30000,599,,False,budget_exhausted,0.04341816700070922
DE,rastrigin_10d,10,7,22.037536682358166,22.037536682358166,30000,599,,False,budget_exhausted,0.04341132700028538
DE,rastrigin_10d,10,8,17.904309218231873,17.904309218231873,30000,599,,False,budget_exhausted,0.04322212999977637
DE,rastrigin_10d,10,9,11.24769503679616,11.24769503679616,30000,599,,False,budget_exhausted,0.043152046999239246
DE,rastrigin_10d,10,10,25.139912456226483,25.139912456226483,30000,599,,False,budget_exhausted,0.0435893309995663
DE,rastrigin_10d,10,11,20.30439981932743,20.30439981932743,30000,599,,False,budget_exhausted,0.043633195999973395
DE,rastrigin_10d,10,12,20.36653307210989,20.36653307210989,30000,599,,False,budget_exhausted,0.04347447300006024
DE,rastrigin_10d,10,13,19.167701548881112,19.167701548881112,30000,599,,False,budget_exhausted,0.04359378499975719
DE,rastrigin_10d,10,14,17.494868458890863,17.494868458890863,30000,599,,False,budget_exhausted,0.04415501699986635
DE,rastrigin_10d,10,15,19.32943897779211,19.32943897779211,30000,599,,False,budget_exhausted,0.04359039399969333
DE,rastrigin_10d,10,16,18.43526319169014,18.43526319169014,30000,599,,False,budget_exhausted,0.04347355200025049
DE,rastrigin_10d,10,17,26.243902633115738,26.243902633115738,30000,599,,False,budget_exhausted,0.043245864000709844
DE,rastrigin_10d,10,18,26.237163416776994,26.237163416776994,30000,599,,False,budget_exhausted,0.043198790999667835
DE,rastrigin_10d,10,19,23.18388698042949,23.18388698042949,30000,599,,False,budget_exhausted,0.04364987699955236
DE,rastrigin_10d,10,20,23.105674410475615,23.105674410475615,30000,599,,False,budget_exhausted,0.04320078000000649
DE,rastrigin_10d,10,21,24.750989155582403,24.750989155582403,30000,599,,False,budget_exhausted,0.04338890200051537
DE,rastrigin_10d,10,22,21.06329306231561,21.06329306231561,30000,599,,False,budget_exhausted,0.04358990200034896
DE,rastrigin_10d,10,23,23.731614514425587,23.731614514425587,30000,599,,False,budget_exhausted,0.04366306500014616
DE,rastrigin_10d,10,24,13.551386672382037,13.551386672382037,30000,599,,False,budget_exhausted,0.04358630600017932
DE,rastrigin_10d,10,25,18.612189281799957,18.612189281799957,30000,599,,False,budget_exhausted,0.04288016299960873
DE,rastrigin_10d,10,26,24.151762737639444,24.151762737639444,30000,599,,False,budget_exhausted,0.043577213999924425
DE,rastrigin_10d,10,27,22.69184063585672,22.69184063585672,30000,599,,False,budget_exhausted,0.04340117299943813
DE,rastrigin_10d,10,28,22.668470396007535,22.668470396007535,30000,599,,False,budget_exhausted,0.043488697000611864
DE,rastrigin_10d,10,29,5.370195953301305,5.370195953301305,30000,599,,False,budget_exhausted,0.04322924400003103
Random,rastrigin_10d,10,0,56.49568017833757,56.49568017833757,30000,600,,False,budget_exhausted,0.016683748999639647
Random,rastrigin_10d,10,1,57.70516726390688,57.70516726390688,30000,600,,False,budget_exhausted,0.016702621999684197
Random,rastrigin_10d,10,2,67.35243562881416,67.35243562881416,30000,600,,False,budget_exhausted,0.01667249299953255
Random,rastrigin_10d,10,3,67.32289233061638,67.32289233061638,30000,600,,False,budget_exhausted,0.016541566999876522
Random,rastrigin_10d,10,4,59.91743329785593,59.91743329785593,30000,600,,False,budget_exhausted,0.01662229399971693
Random,rastrigin_10d,10,5,57.93401305632287,57.93401305632287,30000,600,,False,budget_exhausted,0.016683240000020305
Random,rastrigin_10d,10,6,79.19393600991164,79.19393600991164,30000,600,,False,budget_exhausted,0.01678222300051857
Random,rastrigin_10d,10,7,63.929528551681415,63.929528551681415,30000,600,,False,budget_exhausted,0.016481461999319436
Random,rastrigin_10d,10,8,69.0269203015613,69.0269203015613,30000,600,,False,budget_exhausted,0.01655921000019589
Random,rastrigin_10d,10,9,52.946509717012816,52.946509717012816,30000,600,,False,budget_exhausted,0.01667401900067489
Random,rastrigin_10d,10,10,72.40582782154735,72.40582782154735,30000,600,,False,budget_exhausted,0.01653967400034162
Random,rastrigin_10d,10,11,60.952238884119986,60.952238884119986,30000,600,,False,budget_exhausted,0.016562142999646312
Random,rastrigin_10d,10,12,55.777073471680026,55.777073471680026,30000,600,,False,budget_exhausted,0.01666521900006046
Random,rastrigin_10d,10,13,48.81388436885313,48.81388436885313,30000,600,,False,budget_exhausted,0.016636383999866666
Random,rastrigin_10d,10,14,46.69848137971097,46.69848137971097,30000,600,,False,budget_exhausted,0.016621531999589934
Random,rastrigin_10d,10,15,58.10306355972837,58.10306355972837,30000,600,,False,budget_exhausted,0.01654027499989752
Random,rastrigin_10d,10,16,64.79643510744535,64.79643510744535,30000,600,,False,budget_exhausted,0.01660278700001072
Random,rastrigin_10d,10,17,66.70748078903424,66.70748078903424,30000,600,,False,budget_exhausted,0.01662857300016185
Random,rastrigin_10d,10,18,71.62730653865455,71.62730653865455,30000,600,,False,budget_exhausted,0.016567561000556452
Random,rastrigin_10d,10,19,62.778915342671645,62.778915342671645,30000,600,,False,budget_exhausted,0.016584478999902785
Random,rastrigin_10d,10,20,60.94840109931423,60.94840109931423,30000,600,,False,budget_exhausted,0.01672640299966588
Random,rastrigin_10d,10,21,66.80319498775759,66.80319498775759,30000,600,,False,budget_exhausted,0.016558420000365004
Random,rastrigin_10d,10,22,68.48757658460451,68.48757658460451,30000,600,,False,budget_exhausted,0.01655687000038597
Random,rastrigin_10d,10,23,57.5819285304905,57.5819285304905,30000,600,,False,budget_exhausted,0.016654740999911155
Random,rastrigin_10d,10,24,71.62787509646444,71.62787509646444,30000,600,,False,budget_exhausted,0.016647460999593022
Random,rastrigin_10d,10,25,70.39234395900715,70.39234395900715,30000,600,,False,budget_exhausted,0.016553276000195183
Random,rastrigin_10d,10,26,69.45128112445146,69.45128112445146,30000,600,,False,budget_exhausted,0.01670062599987432
Random,rastrigin_10d,10,27,59.90662699370628,59.90662699370628,30000,600,,False,budget_exhausted,0.016520268000022043
Random,rastrigin_10d,10,28,64.530840593527,64.530840593527,30000,600,,False,budget_exhausted,0.01635709299989685
Random,rastrigin_10d,10,29,59.12073025389722,59.12073025389722,30000,600,,False,budget_exhausted,0.01673450100042828
CDA (paper),rastrigin_30d,30,0,236.4235102426329,236.4235102426329,3197,40,,False,mean_gap,0.005356641000616946
CDA (paper),rastrigin_30d,30,1,228.94983430380958,228.94983430380958,4478,21,,False,extinction,0.0052122350007266505
CDA (paper),rastrigin_30d,30,2,250.28021600588568,250.28021600588568,2023,38,,False,mean_gap,0.004062715999680222
CDA (paper),rastrigin_30d,30,3,201.5270791212193,201.5270791212193,2440,42,,False,mean_gap,0.0048058270003821235
CDA (paper),rastrigin_30d,30,4,238.16035394186096,238.16035394186096,1696,27,,False,extinction,0.0032862289999684435
CDA (paper),rastrigin_30d,30,5,205.95789539060266,205.95789539060266,3165,39,,False,mean_gap,0.005164911000065331
CDA (paper),rastrigin_30d,30,6,270.0558067828117,270.0558067828117,1911,17,,False,extinction,0.0027968309996140306
CDA (paper),rastrigin_30d,30,7,228.01182072656337,228.01182072656337,3657,38,,False,mean_gap,0.005655986000419944
CDA (paper),rastrigin_30d,30,8,252.6429965850674,252.6429965850674,2758,39,,False,mean_gap,0.004871879999882367
CDA (paper),rastrigin_30d,30,9,245.41287101676534,245.41287101676534,3652,17,,False,extinction,0.004256215999703272
CDA (paper),rastrigin_30d,30,10,252.31897150220144,252.31897150220144,4201,41,,False,mean_gap,0.006242182000278262
CDA (paper),rastrigin_30d,30,11,275.4240402216292,275.4240402216292,1370,24,,False,extinction,0.002777392999632866
CDA (paper),rastrigin_30d,30,12,259.46274760630934,259.46274760630934,1842,28,,False,extinction,0.0033382210003765067
CDA (paper),rastrigin_30d,30,13,194.39099677524496,194.39099677524496,2376,41,,False,mean_gap,0.004576070000439358
CDA (paper),rastrigin_30d,30,14,253.40068913211394,253.40068913211394,1563,32,,False,extinction,0.003356088999680651
CDA (paper),rastrigin_30d,30,15,295.67625506739193,295.67625506739193,1647,38,,False,mean_gap,0.0037277339997672243
CDA (paper),rastrigin_30d,30,16,260.96570154568843,260.96570154568843,1885,21,,False,extinction,0.003038459999515908
CDA (paper),rastrigin_30d,30,17,243.60046780321983,243.60046780321983,1512,34,,False,mean_gap,0.003412951000427711
CDA (paper),rastrigin_30d,30,18,257.0395398336151,257.0395398336151,1419,34,,False,extinction,0.0033609789998081396
CDA (paper),rastrigin_30d,30,19,192.72727958811947,192.72727958811947,1804,38,,False,mean_gap,0.003920574999938253
CDA (paper),rastrigin_30d,30,20,282.3133896334348,282.3133896334348,1469,27,,False,extinction,0.002972160999888729
CDA (paper),rastrigin_30d,30,21,241.8746831900443,241.8746831900443,1812,16,,False,extinction,0.0025817300002017873
CDA (paper),rastrigin_30d,30,22,218.39054044302458,218.39054044302458,1827,40,,False,extinction,0.0040982809996421565
CDA (paper),rastrigin_30d,30,23,257.61183002958074,257.61183002958074,1478,23,,False,extinction,0.002734702000452671
CDA (paper),rastrigin_30d,30,24,280.2261110431839,280.2261110431839,960,40,,False,mean_gap,0.003317810000226018
CDA (paper),rastrigin_30d,30,25,242.2773463113653,242.2773463113653,2364,40,,False,mean_gap,0.004536563999863574
CDA (paper),rastrigin_30d,30,26,234.44099826246756,234.44099826246756,1320,36,,False,mean_gap,0.0033938249998755055
CDA (paper),rastrigin_30d,30,27,224.78871161024097,224.78871161024097,2101,41,,False,mean_gap,0.004316235000260349
CDA (paper),rastrigin_30d,30,28,252.3607075081372,252.3607075081372,1681,38,,False,mean_gap,0.0037778160003654193
CDA (paper),rastrigin_30d,30,29,250.85997178887646,250.85997178887646,2871,40,,False,mean_gap,0.004925248999825271
CDA (budgeted),rastrigin_30d,30,0,105.58752730755216,105.58752730755216,60000,1134,,False,budget_exhausted,0.12017836900031398
CDA (budgeted),rastrigin_30d,30,1,129.2992297252066,129.2992297252066,60000,1288,,False,budget_exhausted,0.1277630920003503
CDA (budgeted),rastrigin_30d,30,2,62.84180603246625,62.84180603246625,60000,1242,,False,budget_exhausted,0.12514996000027168
CDA (budgeted),rastrigin_30d,30,3,105.33880929847783,105.33880929847783,60000,1003,,False,budget_exhausted,0.1117069599995375
CDA (budgeted),rastrigin_30d,30,4,109.17475770542865,109.17475770542865,60000,1516,,False,budget_exhausted,0.13973860399983096
CDA (budgeted),rastrigin_30d,30,5,113.84644340469168,113.84644340469168,60000,1227,,False,budget_exhausted,0.12395892800032016
CDA (budgeted),rastrigin_30d,30,6,103.39685570814885,103.39685570814885,60000,1290,,False,budget_exhausted,0.126711649999379
CDA (budgeted),rastrigin_30d,30,7,100.21862785729607,100.21862785729607,60000,1129,,False,budget_exhausted,0.11787744499997643
CDA (budgeted),rastrigin_30d,30,8,137.9416559743554,137.9416559743554,60000,958,,False,budget_exhausted,0.10843725999984599
CDA (budgeted),rastrigin_30d,30,9,146.31963355391233,146.31963355391233,60000,1491,,False,budget_exhausted,0.13772349200007739
CDA (budgeted),rastrigin_30d,30,10,99.16122749561592,99.16122749561592,60000,1268,,False,budget_exhausted,0.12638323999999557
CDA (budgeted),rastrigin_30d,30,11,132.58867522104907,132.58867522104907,60000,1162,,False,budget_exhausted,0.1198065359994871
CDA (budgeted),rastrigin_30d,30,12,131.51530206488897,131.51530206488897,60000,1098,,False,budget_exhausted,0.11697528700005932
CDA (budgeted),rastrigin_30d,30,13,111.53014769326691,111.53014769326691,60000,1234,,False,budget_exhausted,0.12298595200081763
CDA (budgeted),rastrigin_30d,30,14,129.2033849455735,129.2033849455735,60000,1241,,False,budget_exhausted,0.12500390900004277
CDA (budgeted),rastrigin_30d,30,15,118.07973175007291,118.07973175007291,60000,1059,,False,budget_exhausted,0.1136246639998717
CDA (budgeted),rastrigin_30d,30,16,114.0277061554267,114.0277061554267,60000,1089,,False,budget_exhausted,0.11621942700003274
CDA (budgeted),rastrigin_30d,30,17,105.57016435565046,105.57016435565046,60000,1120,,False,budget_exhausted,0.11856034399988857
CDA (budgeted),rastrigin_30d,30,18,112.60733040837079,112.60733040837079,60000,1273,,False,budget_exhausted,0.1258255550001195
CDA (budgeted),rastrigin_30d,30,19,121.7777859371117,121.7777859371117,60000,1424,,False,budget_exhausted,0.1340025079998668
CDA (budgeted),rastrigin_30d,30,20,124.05894773716457,124.05894773716457,60000,1093,,False,budget_exhausted,0.11644433299989032
CDA (budgeted),rastrigin_30d,30,21,110.46671971701011,110.46671971701011,60000,1430,,False,budget_exhausted,0.13441322699964076
CDA (budgeted),rastrigin_30d,30,22,127.51557069387337,127.51557069387337,60000,1413,,False,budget_exhausted,0.1345460960001219
CDA (budgeted),rastrigin_30d,30,23,111.85943064413956,111.85943064413956,60000,1184,,False,budget_exhausted,0.11952038800063747
CDA (budgeted),rastrigin_30d,30,24,138.81267818258124,138.81267818258124,60000,1238,,False,budget_exhausted,0.12290105699958076
CDA (budgeted),rastrigin_30d,30,25,95.99112527220794,95.99112527220794,60000,1319,,False,budget_exhausted,0.12999902699993982
CDA (budgeted),rastrigin_30d,30,26,128.62055005269752,128.62055005269752,60000,1192,,False,budget_exhausted,0.121809833000043
CDA (budgeted),rastrigin_30d,30,27,126.45805989130577,126.45805989130577,60000,995,,False,budget_exhausted,0.11020136099978117
CDA (budgeted),rastrigin_30d,30,28,115.93406353836619,115.93406353836619,60000,1606,,False,budget_exhausted,0.14459916899977543
CDA (budgeted),rastrigin_30d,30,29,80.79926878592246,80.79926878592246,60000,1256,,False,budget_exhausted,0.12658422500044253
PSO,rastrigin_30d,30,0,92.60191156274396,92.60191156274396,60000,1199,,False,budget_exhausted,0.06655681299980643
PSO,rastrigin_30d,30,1,121.4555219763871,121.4555219763871,60000,1199,,False,budget_exhausted,0.06587020499955543
PSO,rastrigin_30d,30,2,102.55116688947126,102.55116688947126,60000,1199,,False,budget_exhausted,0.06536599199989723
PSO,rastrigin_30d,30,3,130.40989417795683,130.40989417795683,60000,1199,,False,budget_exhausted,0.06532643399987137
PSO,rastrigin_30d,30,4,123.58757586618057,123.58757586618057,60000,1199,,False,budget_exhausted,0.06517332900057227
PSO,rastrigin_30d,30,5,100.49038910862899,100.49038910862899,60000,1199,,False,budget_exhausted,0.06605619699985255
PSO,rastrigin_30d,30,6,111.43490846430257,111.43490846430257,60000,1199,,False,budget_exhausted,0.06556827799977327
PSO,rastrigin_30d,30,7,68.72302558588865,68.72302558588865,60000,1199,,False,budget_exhausted,0.06589181299932534
PSO,rastrigin_30d,30,8,48.752923222666084,48.752923222666084,60000,1199,,False,budget_exhausted,0.06552451900006417
PSO,rastrigin_30d,30,9,34.82351657463636,34.82351657463636,60000,1199,,False,budget_exhausted,0.06469997200019861
PSO,rastrigin_30d,30,10,114.41983688631024,114.41983688631024,60000,1199,,False,budget_exhausted,0.06527827199988678
PSO,rastrigin_30d,30,11,117.47575155887336,117.47575155887336,60000,1199,,False,budget_exhausted,0.06563308299973869
PSO,rastrigin_30d,30,12,36.813439726642,36.813439726642,60000,1199,,False,budget_exhausted,0.0657112729995788
PSO,rastrigin_30d,30,13,111.50603760974252,111.50603760974252,60000,1199,,False,budget_exhausted,0.06539022499964631
PSO,rastrigin_30d,30,14,92.53086902364157,92.53086902364157,60000,1199,,False,budget_exhausted,0.0653709379994325
PSO,rastrigin_30d,30,15,108.5922536295291,108.5922536295291,60000,1199,,False,budget_exhausted,0.06536888100072247
PSO,rastrigin_30d,30,16,50.742760367097844,50.742760367097844,60000,1199,,False,budget_exhausted,0.06493414899978234
PSO,rastrigin_30d,30,17,102.48026664648967,102.48026664648967,60000,1199,,False,budget_exhausted,0.06627485299941327
PSO,rastrigin_30d,30,18,41.78822493647033,41.78822493647033,60000,1199,,False,budget_exhausted,0.06610660499973164
PSO,rastrigin_30d,30,19,111.5771055662754,111.5771055662754,60000,1199,,False,budget_exhausted,0.06764554100027453
PSO,rastrigin_30d,30,20,100.49029224375619,100.49029224375619,60000,1199,,False,budget_exhausted,0.06739688300058333
PSO,rastrigin_30d,30,21,61.75833742076918,61.75833742076918,60000,1199,,False,budget_exhausted,0.06540358499933063
PSO,rastrigin_30d,30,22,113.566978066317,113.566978066317,60000,1199,,False,budget_exhausted,0.06512098700022761
PSO,rastrigin_30d,30,23,91.53583348128694,91.53583348128694,60000,1199,,False,budget_exhausted,0.06582920900018507
PSO,rastrigin_30d,30,24,126.50141049835807,126.50141049835807,60000,1199,,False,budget_exhausted,0.0651470889997654
PSO,rastrigin_30d,30,25,103.47526627990885,103.47526627990885,60000,1199,,False,budget_exhausted,0.06564948600043863
PSO,rastrigin_30d,30,26,64.67204995354035,64.67204995354035,60000,1199,,False,budget_exhausted,0.06576933399992413
PSO,rastrigin_30d,30,27,90.6120542215977,90.6120542215977,60000,1199,,False,budget_exhausted,0.06545421899954817
PSO,rastrigin_30d,30,28,132.40005649095625,132.40005649095625,60000,1199,,False,budget_exhausted,0.06524069100032648
PSO,rastrigin_30d,30,29,104.5413032317143,104.5413032317143,60000,1199,,False,budget_exhausted,0.06649199099956604
GA,rastrigin_30d,30,0,0.006025573633053227,0.006025573633053227,60000,1199,,False,budget_exhausted,0.1113907429999017
GA,rastrigin_30d,30,1,0.0021590815139802544,0.0021590815139802544,60000,1199,,False,budget_exhausted,0.11032989200066368
GA,rastrigin_30d,30,2,0.014122297037999942,0.014122297037999942,60000,1199,,False,budget_exhausted,0.1113893920000919
GA,rastrigin_30d,30,3,0.0030539877197384158,0.0030539877197384158,60000,1199,,False,budget_exhausted,0.1109150000002046
GA,rastrigin_30d,30,4,0.010529408423906261,0.010529408423906261,60000,1199,,False,budget_exhausted,0.11146506700060854
GA,rastrigin_30d,30,5,0.01682331766318157,0.01682331766318157,60000,1199,,False,budget_exhausted,0.11068265599988081
GA,rastrigin_30d,30,6,0.0072882827992089005,0.0072882827992089005,60000,1199,,False,budget_exhausted,0.11136156599968672
GA,rastrigin_30d,30,7,0.009083481863058296,0.009083481863058296,60000,1199,,False,budget_exhausted,0.11088631300026464
GA,rastrigin_30d,30,8,0.02438475560563802,0.02438475560563802,60000,1199,,False,budget_exhausted,0.11104647600041062
GA,rastrigin_30d,30,9,0.007108100181994814,0.007108100181994814,60000,1199,,False,budget_exhausted,0.11115947400048753
GA,rastrigin_30d,30,10,0.006510200104969499,0.006510200104969499,60000,1199,,False,budget_exhausted,0.11111703699953068
GA,rastrigin_30d,30,11,0.01298163612574399,0.01298163612574399,60000,1199,,False,budget_exhausted,0.11087664199931169
GA,rastrigin_30d,30,12,0.01981800073741624,0.01981800073741624,60000,1199,,False,budget_exhausted,0.11168550500042329
GA,rastrigin_30d,30,13,0.02595375688611057,0.02595375688611057,60000,1199,,False,budget_exhausted,0.11143089100005454
GA,rastrigin_30d,30,14,0.022043034918510784,0.022043034918510784,60000,1199,,False,budget_exhausted,0.11143699500007642
GA,rastrigin_30d,30,15,0.004132300232981834,0.004132300232981834,60000,1199,,False,budget_exhausted,0.11131771199961804
GA,rastrigin_30d,30,16,0.010545987522959877,0.010545987522959877,60000,1199,,False,budget_exhausted,0.11106182399998943
GA,rastrigin_30d,30,17,0.008704855835389935,0.008704855835389935,60000,1199,,False,budget_exhausted,0.11124856500009628
GA,rastrigin_30d,30,18,0.008594233721510136,0.008594233721510136,60000,1199,,False,budget_exhausted,0.11149968700010504
GA,rastrigin_30d,30,19,0.042635306105694326,0.042635306105694326,60000,1199,,False,budget_exhausted,0.11496588299996802
GA,rastrigin_30d,30,20,0.009535119860345276,0.009535119860345276,60000,1199,,False,budget_exhausted,0.11304343400024663
GA,rastrigin_30d,30,21,0.05677139983430379,0.05677139983430379,60000,1199,,False,budget_exhausted,0.11366240000006655
GA,rastrigin_30d,30,22,0.024519583182836868,0.024519583182836868,60000,1199,,False,budget_exhausted,0.11314620099983586
GA,rastrigin_30d,30,23,0.025136065716537814,0.025136065716537814,60000,1199,,False,budget_exhausted,0.11207303799983492
GA,rastrigin_30d,30,24,0.01846617457584898,0.01846617457584898,60000,1199,,False,budget_exhausted,0.11142193900013808
GA,rastrigin_30d,30,25,0.008624355762663072,0.008624355762663072,60000,1199,,False,budget_exhausted,0.11156100199968932
GA,rastrigin_30d,30,26,0.01043439754010933,0.01043439754010933,60000,1199,,False,budget_exhausted,0.1118458279997867
GA,rastrigin_30d,30,27,0.0021595848866695633,0.0021595848866695633,60000,1199,,False,budget_exhausted,0.11267725499965309
GA,rastrigin_30d,30,28,0.010987786658631649,0.010987786658631649,60000,1199,,False,budget_exhausted,0.11461465600041265
GA,rastrigin_30d,30,29,0.044344298424618955,0.044344298424618955,60000,1199,,False,budget_exhausted,0.11079915899972548
DE,rastrigin_30d,30,0,171.27251413002753,171.27251413002753,60000,1199,,False,budget_exhausted,0.10950579099971947
DE,rastrigin_30d,30,1,123.46561840537345,123.46561840537345,60000,1199,,False,budget_exhausted,0.10861260300043796
DE,rastrigin_30d,30,2,87.71915733033754,87.71915733033754,60000,1199,,False,budget_exhausted,0.10931183899992902
DE,rastrigin_30d,30,3,103.9650282487714,103.9650282487714,60000,1199,,False,budget_exhausted,0.10847504399953323
DE,rastrigin_30d,30,4,138.33461492723262,138.33461492723262,60000,1199,,False,budget_exhausted,0.10874297699956514
DE,rastrigin_30d,30,5,92.94804558624503,92.94804558624503,60000,1199,,False,budget_exhausted,0.10917839000012464
DE,rastrigin_30d,30,6,140.67435395907881,140.67435395907881,60000,1199,,False,budget_exhausted,0.10938800799976889
DE,rastrigin_30d,30,7,166.6788194718339,166.6788194718339,60000,1199,,False,budget_exhausted,0.11015204600062134
DE,rastrigin_30d,30,8,122.49688202791177,122.49688202791177,60000,1199,,False,budget_exhausted,0.10927094500038947
DE,rastrigin_30d,30,9,164.3768648758424,164.3768648758424,60000,1199,,False,budget_exhausted,0.11095922000004066
DE,rastrigin_30d,30,10,115.84011430332879,115.84011430332879,60000,1199,,False,budget_exhausted,0.10930866199942102
DE,rastrigin_30d,30,11,153.6926426496638,153.6926426496638,60000,1199,,False,budget_exhausted,0.10876598799950443
DE,rastrigin_30d,30,12,121.88902300082762,121.88902300082762,60000,1199,,False,budget_exhausted,0.10887006699977064
DE,rastrigin_30d,30,13,108.51299811858576,108.51299811858576,60000,1199,,False,budget_exhausted,0.10901508099959756
DE,rastrigin_30d,30,14,197.85495301948362,197.85495301948362,60000,1199,,False,budget_exhausted,0.109271902000728
DE,rastrigin_30d,30,15,158.9358286528524,158.9358286528524,60000,1199,,False,budget_exhausted,0.10978116099977342
DE,rastrigin_30d,30,16,181.13911044291478,181.13911044291478,60000,1199,,False,budget_exhausted,0.10782773600021756
DE,rastrigin_30d,30,17,111.64092701019862,111.64092701019862,60000,1199,,False,budget_exhausted,0.10906481599977269
DE,rastrigin_30d,30,18,90.13813961373702,90.13813961373702,60000,1199,,False,budget_exhausted,0.10945046699998784
DE,rastrigin_30d,30,19,124.29243749444379,124.29243749444379,60000,1199,,False,budget_exhausted,0.10868572399976983
DE,rastrigin_30d,30,20,162.4437004762688,162.4437004762688,60000,1199,,False,budget_exhausted,0.1095514219996403
DE,rastrigin_30d,30,21,93.99544249196651,93.99544249196651,60000,1199,,False,budget_exhausted,0.10905321100017318
DE,rastrigin_30d,30,22,183.44890367266655,183.44890367266655,60000,1199,,False,budget_exhausted,0.10950328099988837
DE,rastrigin_30d,30,23,165.3708397597304,165.3708397597304,60000,1199,,False,budget_exhausted,0.10944973700043192
DE,rastrigin_30d,30,24,158.49862305075962,158.49862305075962,60000,1199,,False,budget_exhausted,0.10968019400024787
DE,rastrigin_30d,30,25,77.80770797807205,77.80770797807205,60000,1199,,False,budget_exhausted,0.10866877799981012
DE,rastrigin_30d,30,26,115.33173762722703,115.33173762722703,60000,1199,,False,budget_exhausted,0.1076266249992841
DE,rastrigin_30d,30,27,110.85042978528708,110.85042978528708,60000,1199,,False,budget_exhausted,0.10961515199960559
DE,rastrigin_30d,30,28,146.21849359269328,146.21849359269328,60000,1199,,False,budget_exhausted,0.10915498599933926
DE,rastrigin_30d,30,29,171.56590119584456,171.56590119584456,60000,1199,,False,budget_exhausted,0.1097680479997507
Random,rastrigin_30d,30,0,342.54260120599906,342.54260120599906,60000,1200,,False,budget_exhausted,0.054457924000416824
Random,rastrigin_30d,30,1,325.67430975309713,325.67430975309713,60000,1200,,False,budget_exhausted,0.05417329400006565
Random,rastrigin_30d,30,2,308.67224089025103,308.67224089025103,60000,1200,,False,budget_exhausted,0.053985302000000956
Random,rastrigin_30d,30,3,309.4143479161816,309.4143479161816,60000,1200,,False,budget_exhausted,0.0542624790004993
Random,rastrigin_30d,30,4,319.23959767474935,319.23959767474935,60000,1200,,False,budget_exhausted,0.05417026200029795
Random,rastrigin_30d,30,5,337.6966904485616,337.6966904485616,60000,1200,,False,budget_exhausted,0.053600035999807005
Random,rastrigin_30d,30,6,306.94707271788786,306.94707271788786,60000,1200,,False,budget_exhausted,0.05483934199946816
Random,rastrigin_30d,30,7,339.50363671270753,339.50363671270753,60000,1200,,False,budget_exhausted,0.05428314599976147
Random,rastrigin_30d,30,8,342.4955867750876,342.4955867750876,60000,1200,,False,budget_exhausted,0.054405316000156745
Random,rastrigin_30d,30,9,331.2396791378866,331.2396791378866,60000,1200,,False,budget_exhausted,0.05396873700010474
Random,rastrigin_30d,30,10,321.41830499893587,321.41830499893587,60000,1200,,False,budget_exhausted,0.05398203500044474
Random,rastrigin_30d,30,11,339.5622731708152,339.5622731708152,60000,1200,,False,budget_exhausted,0.05376031699961459
Random,rastrigin_30d,30,12,338.6454330758327,338.6454330758327,60000,1200,,False,budget_exhausted,0.0558249399991837
Random,rastrigin_30d,30,13,312.43027078628035,312.43027078628035,60000,1200,,False,budget_exhausted,0.05550987200058444
Random,rastrigin_30d,30,14,333.16304989381325,333.16304989381325,60000,1200,,False,budget_exhausted,0.053545998000117834
Random,rastrigin_30d,30,15,331.72001502306966,331.72001502306966,60000,1200,,False,budget_exhausted,0.0543438189997687
Random,rastrigin_30d,30,16,329.7254128971567,329.7254128971567,60000,1200,,False,budget_exhausted,0.05406605300049705
Random,rastrigin_30d,30,17,346.9716649581486,346.9716649581486,60000,1200,,False,budget_exhausted,0.05430544499995449
Random,rastrigin_30d,30,18,347.3170951519185,347.3170951519185,60000,1200,,False,budget_exhausted,0.0541854120001517
Random,rastrigin_30d,30,19,329.33362042233495,329.33362042233495,60000,1200,,False,budget_exhausted,0.05412303299999621
Random,rastrigin_30d,30,20,322.4981001253791,322.4981001253791,60000,1200,,False,budget_exhausted,0.0542254359997969
Random,rastrigin_30d,30,21,314.1686042888142,314.1686042888142,60000,1200,,False,budget_exhausted,0.05383142800019414
Random,rastrigin_30d,30,22,324.73034431806946,324.73034431806946,60000,1200,,False,budget_exhausted,0.05435762400065869
Random,rastrigin_30d,30,23,342.8789246186265,342.8789246186265,60000,1200,,False,budget_exhausted,0.05451776100017014
Random,rastrigin_30d,30,24,326.76397550389237,326.76397550389237,60000,1200,,False,budget_exhausted,0.05413364699961676
Random,rastrigin_30d,30,25,329.9075107780383,329.9075107780383,60000,1200,,False,budget_exhausted,0.054393670000536076
Random,rastrigin_30d,30,26,322.96224933687535,322.96224933687535,60000,1200,,False,budget_exhausted,0.05425099300009606
Random,rastrigin_30d,30,27,324.76060664515137,324.76060664515137,60000,1200,,False,budget_exhausted,0.05443325900068885
Random,rastrigin_30d,30,28,332.32837005176515,332.32837005176515,60000,1200,,False,budget_exhausted,0.05434651099949406
Random,rastrigin_30d,30,29,351.2215433333333,351.2215433333333,60000,1200,,False,budget_exhausted,0.05406264800058125
CDA (paper),ackley_2d,2,0,2.7736094526299913,2.7736094526299913,290,13,,False,extinction,0.0011091169999417616
CDA (paper),ackley_2d,2,1,0.044626135810581946,0.044626135810581946,479,37,,False,mean_gap,0.002457942000546609
CDA (paper),ackley_2d,2,2,0.4666511420221764,0.4666511420221764,577,41,,False,mean_gap,0.002703674999793293
CDA (paper),ackley_2d,2,3,3.0781132944187104,3.0781132944187104,183,6,,False,extinction,0.00047720700058562215
CDA (paper),ackley_2d,2,4,0.22763337628877212,0.22763337628877212,432,8,,False,extinction,0.0006207679998624371
CDA (paper),ackley_2d,2,5,0.0007936420510614717,0.0007936420510614717,433,13,,False,extinction,0.0009488939995208057
CDA (paper),ackley_2d,2,6,3.2575677736881734,3.2575677736881734,318,12,,False,extinction,0.0008664329998282483
CDA (paper),ackley_2d,2,7,0.6319253224446126,0.6319253224446126,284,7,,False,extinction,0.0005307389992594835
CDA (paper),ackley_2d,2,8,2.610333376392504,2.610333376392504,273,8,,False,extinction,0.0006451649996961351
CDA (paper),ackley_2d,2,9,0.1087760580293744,0.1087760580293744,558,39,,False,mean_gap,0.0025467570003456785
CDA (paper),ackley_2d,2,10,0.02063243537994852,0.02063243537994852,563,9,,False,extinction,0.000716678999197029
CDA (paper),ackley_2d,2,11,0.38541266369854954,0.38541266369854954,291,7,,False,extinction,0.000538238000444835
CDA (paper),ackley_2d,2,12,0.04950777398223538,0.04950777398223538,447,22,,False,extinction,0.0015318019995902432
CDA (paper),ackley_2d,2,13,0.20714654315525083,0.20714654315525083,268,7,,False,extinction,0.000575809000110894
CDA (paper),ackley_2d,2,14,3.3192545810126863,3.3192545810126863,200,7,,False,extinction,0.0005550599998969119
CDA (paper),ackley_2d,2,15,0.05881316442556228,0.05881316442556228,363,10,,False,extinction,0.0007907980007075821
CDA (paper),ackley_2d,2,16,2.7809461708041465,2.7809461708041465,304,7,,False,extinction,0.0005485000001499429
CDA (paper),ackley_2d,2,17,3.145697118662611,3.145697118662611,392,25,,False,extinction,0.0017141759999503847
CDA (paper),ackley_2d,2,18,2.048030404374242,2.048030404374242,395,31,,False,extinction,0.0021129440001459443
CDA (paper),ackley_2d,2,19,0.2027572826517745,0.2027572826517745,315,7,,False,extinction,0.0005682330001945957
CDA (paper),ackley_2d,2,20,1.2684076133117874,1.2684076133117874,297,8,,False,extinction,0.0006318409996310947
CDA (paper),ackley_2d,2,21,0.12979546882295923,0.12979546882295923,362,22,,False,extinction,0.001527325999632012
CDA (paper),ackley_2d,2,22,0.040640911413526215,0.040640911413526215,365,8,,False,extinction,0.0006268220004130853
CDA (paper),ackley_2d,2,23,0.2973733080875829,0.2973733080875829,387,8,,False,extinction,0.0006344130006255
CDA (paper),ackley_2d,2,24,0.10291839079496912,0.10291839079496912,337,8,,False,extinction,0.0006353959997795755
CDA (paper),ackley_2d,2,25,3.635608477316414,3.635608477316414,289,15,,False,extinction,0.001041600999997172
CDA (paper),ackley_2d,2,26,1.9248861134254622,1.9248861134254622,227,12,,False,extinction,0.0008669480002936325
CDA (paper),ackley_2d,2,27,0.052228943134267514,0.052228943134267514,567,17,,False,extinction,0.0012678880002567894
CDA (paper),ackley_2d,2,28,1.7671250765199855,1.7671250765199855,339,8,,False,extinction,0.0006339330002447241
CDA (paper),ackley_2d,2,29,2.6093626220028416,2.6093626220028416,256,9,,False,extinction,0.0006659450000370271
CDA (budgeted),ackley_2d,2,0,0.12077891352007741,0.12077891352007741,10000,211,,False,budget_exhausted,0.015676398999858066
CDA (budgeted),ackley_2d,2,1,0.05490535907488736,0.05490535907488736,10000,203,,False,budget_exhausted,0.015090449000126682
CDA (budgeted),ackley_2d,2,2,0.24701220131941115,0.24701220131941115,10000,246,,False,budget_exhausted,0.017823598999711976
CDA (budgeted),ackley_2d,2,3,0.1955576593496926,0.1955576593496926,10000,199,,False,budget_exhausted,0.0149034539999775
CDA (budgeted),ackley_2d,2,4,0.15458681551879438,0.15458681551879438,10000,168,,False,budget_exhausted,0.01269747400056076
CDA (budgeted),ackley_2d,2,5,0.037394298717910335,0.037394298717910335,10000,194,,False,budget_exhausted,0.014534721999552858
CDA (budgeted),ackley_2d,2,6,0.0866906766792721,0.0866906766792721,10000,167,,False,budget_exhausted,0.012772160000167787
CDA (budgeted),ackley_2d,2,7,0.22682583782521037,0.22682583782521037,10000,218,,False,budget_exhausted,0.015938520999952743
CDA (budgeted),ackley_2d,2,8,0.07304505533097627,0.07304505533097627,10000,214,,False,budget_exhausted,0.015892914000687597
CDA (budgeted),ackley_2d,2,9,0.1515913072364552,0.1515913072364552,10000,177,,False,budget_exhausted,0.013378525000007357
CDA (budgeted),ackley_2d,2,10,0.0559645709130554,0.0559645709130554,10000,181,,False,budget_exhausted,0.013637209000080475
CDA (budgeted),ackley_2d,2,11,0.21388232387163386,0.21388232387163386,10000,207,,False,budget_exhausted,0.015373635000287322
CDA (budgeted),ackley_2d,2,12,0.2565859610571519,0.2565859610571519,10000,198,,False,budget_exhausted,0.014737730999513587
CDA (budgeted),ackley_2d,2,13,0.0624352148698617,0.0624352148698617,10000,194,,False,budget_exhausted,0.014585838000130025
CDA (budgeted),ackley_2d,2,14,0.08792747830579062,0.08792747830579062,10000,193,,False,budget_exhausted,0.014416739999433048
CDA (budgeted),ackley_2d,2,15,0.03676228548719651,0.03676228548719651,10000,186,,False,budget_exhausted,0.0139249710000513
CDA (budgeted),ackley_2d,2,16,0.02946241322658638,0.02946241322658638,10000,196,,False,budget_exhausted,0.01466023899956781
CDA (budgeted),ackley_2d,2,17,0.16142191182381227,0.16142191182381227,10000,199,,False,budget_exhausted,0.014741438999408274
CDA (budgeted),ackley_2d,2,18,0.09575040771370924,0.09575040771370924,10000,203,,False,budget_exhausted,0.01512378300049022
CDA (budgeted),ackley_2d,2,19,0.22699731595914274,0.22699731595914274,10000,192,,False,budget_exhausted,0.01432092899995041
CDA (budgeted),ackley_2d,2,20,0.16354781395644524,0.16354781395644524,10000,215,,False,budget_exhausted,0.015714015000412473
CDA (budgeted),ackley_2d,2,21,0.09898889796755528,0.09898889796755528,10000,209,,False,budget_exhausted,0.015369381999335019
CDA (budgeted),ackley_2d,2,22,0.026316408788862322,0.026316408788862322,10000,186,,False,budget_exhausted,0.01394817099935608
CDA (budgeted),ackley_2d,2,23,0.05451705630518733,0.05451705630518733,10000,206,,False,budget_exhausted,0.015300137000849645
CDA (budgeted),ackley_2d,2,24,0.12828823917226773,0.12828823917226773,10000,167,,False,budget_exhausted,0.012635981000130414
CDA (budgeted),ackley_2d,2,25,0.0900773663393406,0.0900773663393406,10000,200,,False,budget_exhausted,0.015155423000578594
CDA (budgeted),ackley_2d,2,26,0.19527962789109354,0.19527962789109354,10000,166,,False,budget_exhausted,0.01254407199940033
CDA (budgeted),ackley_2d,2,27,0.028070875547730356,0.028070875547730356,10000,245,,False,budget_exhausted,0.01794213899938768
CDA (budgeted),ackley_2d,2,28,0.1968720734630307,0.1968720734630307,10000,183,,False,budget_exhausted,0.013853725000444683
CDA (budgeted),ackley_2d,2,29,0.1970301149106004,0.1970301149106004,10000,222,,False,budget_exhausted,0.016379018999941763
PSO,ackley_2d,2,0,1.4602763442894684e-10,1.4602763442894684e-10,10000,199,4750,True,budget_exhausted,0.007954664000862977
PSO,ackley_2d,2,1,1.5001551112447942e-09,1.5001551112447942e-09,10000,199,4300,True,budget_exhausted,0.007967833999828144
PSO,ackley_2d,2,2,1.1117227138868202e-09,1.1117227138868202e-09,10000,199,3750,True,budget_exhausted,0.007893045000855636
PSO,ackley_2d,2,3,1.0121721238931514e-09,1.0121721238931514e-09,10000,199,3600,True,budget_exhausted,0.00789094500032661
PSO,ackley_2d,2,4,7.151474967770355e-10,7.151474967770355e-10,10000,199,4600,True,budget_exhausted,0.007905899999968824
PSO,ackley_2d,2,5,5.41561906430843e-10,5.41561906430843e-10,10000,199,4100,True,budget_exhausted,0.007905065999693761
PSO,ackley_2d,2,6,6.472977709393035e-10,6.472977709393035e-10,10000,199,4350,True,budget_exhausted,0.007844822999686585
PSO,ackley_2d,2,7,6.674558683528176e-10,6.674558683528176e-10,10000,199,4750,True,budget_exhausted,0.007884910000029777
PSO,ackley_2d,2,8,1.1851466474865902e-09,1.1851466474865902e-09,10000,199,4800,True,budget_exhausted,0.007857422999222763
PSO,ackley_2d,2,9,8.910245874460543e-10,8.910245874460543e-10,10000,199,4500,True,budget_exhausted,0.00794389900056558
PSO,ackley_2d,2,10,9.786349508544845e-11,9.786349508544845e-11,10000,199,4100,True,budget_exhausted,0.007879320999563788
PSO,ackley_2d,2,11,7.992584372118472e-11,7.992584372118472e-11,10000,199,4100,True,budget_exhausted,0.007973407999998017
PSO,ackley_2d,2,12,3.386664282345464e-10,3.386664282345464e-10,10000,199,3850,True,budget_exhausted,0.008015969000553014
PSO,ackley_2d,2,13,1.8720602845689882e-09,1.8720602845689882e-09,10000,199,3800,True,budget_exhausted,0.007958926999890537
PSO,ackley_2d,2,14,3.654290203769506e-10,3.654290203769506e-10,10000,199,4100,True,budget_exhausted,0.007993244999852323
PSO,ackley_2d,2,15,4.759077576466098e-10,4.759077576466098e-10,10000,199,4400,True,budget_exhausted,0.007948140000735293
PSO,ackley_2d,2,16,2.2327428794710613e-10,2.2327428794710613e-10,10000,199,4000,True,budget_exhausted,0.007843055000194
PSO,ackley_2d,2,17,2.5746769161116845e-09,2.5746769161116845e-09,10000,199,4850,True,budget_exhausted,0.00794895200033352
PSO,ackley_2d,2,18,3.068305609588151e-10,3.068305609588151e-10,10000,199,4500,True,budget_exhausted,0.0079095769997366
PSO,ackley_2d,2,19,2.2292967472026248e-10,2.2292967472026248e-10,10000,199,4200,True,budget_exhausted,0.00790591199984192
PSO,ackley_2d,2,20,1.699338447735954e-10,1.699338447735954e-10,10000,199,3900,True,budget_exhausted,0.008045377000598819
PSO,ackley_2d,2,21,1.4421930316643738e-10,1.4421930316643738e-10,10000,199,3850,True,budget_exhausted,0.007890832000157388
PSO,ackley_2d,2,22,8.177680754783978e-11,8.177680754783978e-11,10000,199,3950,True,budget_exhausted,0.00799661200016999
PSO,ackley_2d,2,23,1.5867884783915542e-10,1.5867884783915542e-10,10000,199,4800,True,budget_exhausted,0.007842103999792016
PSO,ackley_2d,2,24,3.946927229492303e-10,3.946927229492303e-10,10000,199,3250,True,budget_exhausted,0.007881913999881363
PSO,ackley_2d,2,25,9.653118304697728e-10,9.653118304697728e-10,10000,199,4650,True,budget_exhausted,0.007879321000473283
PSO,ackley_2d,2,26,3.2988412002055156e-10,3.2988412002055156e-10,10000,199,4100,True,budget_exhausted,0.007875432000219007
PSO,ackley_2d,2,27,1.088520384939784e-10,1.088520384939784e-10,10000,199,4550,True,budget_exhausted,0.007990991000042413
PSO,ackley_2d,2,28,3.1084259610736353e-09,3.1084259610736353e-09,10000,199,4000,True,budget_exhausted,0.00784869500057539
PSO,ackley_2d,2,29,6.10978379000926e-10,6.10978379000926e-10,10000,199,4100,True,budget_exhausted,0.007882284000515938
GA,ackley_2d,2,0,4.440892098500626e-16,4.440892098500626e-16,10000,199,1200,True,budget_exhausted,0.012306128999625798
GA,ackley_2d,2,1,6.891132109387854e-10,6.891132109387854e-10,10000,199,1050,True,budget_exhausted,0.012877368000772549
GA,ackley_2d,2,2,3.737898879307977e-12,3.737898879307977e-12,10000,199,1500,True,budget_exhausted,0.012102208999749564
GA,ackley_2d,2,3,0.05543773930806184,0.05543773930806184,10000,199,,False,budget_exhausted,0.012252103000719217
GA,ackley_2d,2,4,4.440892098500626e-16,4.440892098500626e-16,10000,199,850,True,budget_exhausted,0.012190641999950458
GA,ackley_2d,2,5,4.440892098500626e-16,4.440892098500626e-16,10000,199,1000,True,budget_exhausted,0.012265588999980537
GA,ackley_2d,2,6,4.440892098500626e-16,4.440892098500626e-16,10000,199,1150,True,budget_exhausted,0.012495405000663595
GA,ackley_2d,2,7,1.1093708174314543e-09,1.1093708174314543e-09,10000,199,1200,True,budget_exhausted,0.012208170999656431
GA,ackley_2d,2,8,4.440892098500626e-16,4.440892098500626e-16,10000,199,1200,True,budget_exhausted,0.012181029000203125
GA,ackley_2d,2,9,4.440892098500626e-16,4.440892098500626e-16,10000,199,1000,True,budget_exhausted,0.01210765599989827
GA,ackley_2d,2,10,3.169211521214521e-06,3.169211521214521e-06,10000,199,1100,True,budget_exhausted,0.012339410000095086
GA,ackley_2d,2,11,3.149850602568449e-09,3.149850602568449e-09,10000,199,1000,True,budget_exhausted,0.012365955999484868
GA,ackley_2d,2,12,0.01946958095998541,0.01946958095998541,10000,199,,False,budget_exhausted,0.012461820999305928
GA,ackley_2d,2,13,4.440892098500626e-16,4.440892098500626e-16,10000,199,1050,True,budget_exhausted,0.012196501000289572
GA,ackley_2d,2,14,4.440892098500626e-16,4.440892098500626e-16,10000,199,1300,True,budget_exhausted,0.01223509700048453
GA,ackley_2d,2,15,6.24716952555282e-05,6.24716952555282e-05,10000,199,900,True,budget_exhausted,0.012260548000085691
GA,ackley_2d,2,16,4.440892098500626e-16,4.440892098500626e-16,10000,199,1150,True,budget_exhausted,0.012136817000282463
GA,ackley_2d,2,17,4.440892098500626e-16,4.440892098500626e-16,10000,199,1100,True,budget_exhausted,0.012226915000610461
GA,ackley_2d,2,18,2.5292137202814757e-05,2.5292137202814757e-05,10000,199,1100,True,budget_exhausted,0.012387441999635485
GA,ackley_2d,2,19,0.0012824196978233893,0.0012824196978233893,10000,199,,False,budget_exhausted,0.012282867000067199
GA,ackley_2d,2,20,4.440892098500626e-16,4.440892098500626e-16,10000,199,1000,True,budget_exhausted,0.01217000700034987
GA,ackley_2d,2,21,4.440892098500626e-16,4.440892098500626e-16,10000,199,1250,True,budget_exhausted,0.012156435000179044
GA,ackley_2d,2,22,3.142815935053278e-06,3.142815935053278e-06,10000,199,1200,True,budget_exhausted,0.012360642999738047
GA,ackley_2d,2,23,8.459899447643693e-13,8.459899447643693e-13,10000,199,1150,True,budget_exhausted,0.012210480999783613
GA,ackley_2d,2,24,4.440892098500626e-16,4.440892098500626e-16,10000,199,1250,True,budget_exhausted,0.012266376999832573
GA,ackley_2d,2,25,4.440892098500626e-16,4.440892098500626e-16,10000,199,1250,True,budget_exhausted,0.01231457500034594
GA,ackley_2d,2,26,3.2912024217068847e-09,3.2912024217068847e-09,10000,199,1100,True,budget_exhausted,0.012186967999696208
GA,ackley_2d,2,27,4.440892098500626e-16,4.440892098500626e-16,10000,199,1200,True,budget_exhausted,0.012107171999559796
GA,ackley_2d,2,28,4.440892098500626e-16,4.440892098500626e-16,10000,199,1200,True,budget_exhausted,0.012202009999782604
GA,ackley_2d,2,29,9.454643827844222e-07,9.454643827844222e-07,10000,199,1150,True,budget_exhausted,0.0122162389998266
DE,ackley_2d,2,0,4.440892098500626e-16,4.440892098500626e-16,10000,199,2000,True,budget_exhausted,0.013846409000507265
DE,ackley_2d,2,1,4.440892098500626e-16,4.440892098500626e-16,10000,199,2700,True,budget_exhausted,0.01373562199933076
DE,ackley_2d,2,2,4.440892098500626e-16,4.440892098500626e-16,10000,199,2350,True,budget_exhausted,0.013770516000477073
DE,ackley_2d,2,3,4.440892098500626e-16,4.440892098500626e-16,10000,199,2500,True,budget_exhausted,0.013663474000168208
DE,ackley_2d,2,4,4.440892098500626e-16,4.440892098500626e-16,10000,199,2400,True,budget_exhausted,0.013776064000012411
DE,ackley_2d,2,5,4.440892098500626e-16,4.440892098500626e-16,10000,199,2250,True,budget_exhausted,0.01361256499967567
DE,ackley_2d,2,6,4.440892098500626e-16,4.440892098500626e-16,10000,199,2750,True,budget_exhausted,0.013788977999865892
DE,ackley_2d,2,7,4.440892098500626e-16,4.440892098500626e-16,10000,199,2400,True,budget_exhausted,0.013635225000143691
DE,ackley_2d,2,8,4.440892098500626e-16,4.440892098500626e-16,10000,199,2450,True,budget_exhausted,0.013898262000111572
DE,ackley_2d,2,9,4.440892098500626e-16,4.440892098500626e-16,10000,199,2450,True,budget_exhausted,0.01384976800000004
DE,ackley_2d,2,10,4.440892098500626e-16,4.440892098500626e-16,10000,199,2400,True,budget_exhausted,0.013664921999406943
DE,ackley_2d,2,11,4.440892098500626e-16,4.440892098500626e-16,10000,199,2100,True,budget_exhausted,0.013470175000293239
DE,ackley_2d,2,12,4.440892098500626e-16,4.440892098500626e-16,10000,199,2650,True,budget_exhausted,0.013458569999784231
DE,ackley_2d,2,13,4.440892098500626e-16,4.440892098500626e-16,10000,199,2500,True,budget_exhausted,0.01364739099972212
DE,ackley_2d,2,14,4.440892098500626e-16,4.440892098500626e-16,10000,199,2200,True,budget_exhausted,0.013838863000273705
DE,ackley_2d,2,15,4.440892098500626e-16,4.440892098500626e-16,10000,199,2400,True,budget_exhausted,0.013793287000225973
DE,ackley_2d,2,16,4.440892098500626e-16,4.440892098500626e-16,10000,199,2400,True,budget_exhausted,0.013690261999727227
DE,ackley_2d,2,17,4.440892098500626e-16,4.440892098500626e-16,10000,199,2200,True,budget_exhausted,0.013765675999820814
DE,ackley_2d,2,18,4.440892098500626e-16,4.440892098500626e-16,10000,199,2350,True,budget_exhausted,0.013643626999510161
DE,ackley_2d,2,19,4.440892098500626e-16,4.440892098500626e-16,10000,199,2400,True,budget_exhausted,0.013738386999648355
DE,ackley_2d,2,20,4.440892098500626e-16,4.440892098500626e-16,10000,199,2300,True,budget_exhausted,0.013757798000369803
DE,ackley_2d,2,21,4.440892098500626e-16,4.440892098500626e-16,10000,199,2400,True,budget_exhausted,0.013871664999896893
DE,ackley_2d,2,22,4.440892098500626e-16,4.440892098500626e-16,10000,199,2400,True,budget_exhausted,0.01362192899978254
DE,ackley_2d,2,23,4.440892098500626e-16,4.440892098500626e-16,10000,199,2150,True,budget_exhausted,0.013644444000419753
DE,ackley_2d,2,24,4.440892098500626e-16,4.440892098500626e-16,10000,199,2250,True,budget_exhausted,0.01378719700005604
DE,ackley_2d,2,25,4.440892098500626e-16,4.440892098500626e-16,10000,199,2450,True,budget_exhausted,0.013801358999444346
DE,ackley_2d,2,26,4.440892098500626e-16,4.440892098500626e-16,10000,199,2600,True,budget_exhausted,0.013764848000391794
DE,ackley_2d,2,27,4.440892098500626e-16,4.440892098500626e-16,10000,199,2750,True,budget_exhausted,0.013818080999953963
DE,ackley_2d,2,28,4.440892098500626e-16,4.440892098500626e-16,10000,199,2500,True,budget_exhausted,0.013601535999441694
DE,ackley_2d,2,29,4.440892098500626e-16,4.440892098500626e-16,10000,199,2400,True,budget_exhausted,0.013679579999916314
Random,ackley_2d,2,0,1.1695654095626549,1.1695654095626549,10000,200,,False,budget_exhausted,0.005433502999949269
Random,ackley_2d,2,1,2.742624977183024,2.742624977183024,10000,200,,False,budget_exhausted,0.005268312999760383
Random,ackley_2d,2,2,2.6717139990274714,2.6717139990274714,10000,200,,False,budget_exhausted,0.0053229159993861686
Random,ackley_2d,2,3,2.883297962409561,2.883297962409561,10000,200,,False,budget_exhausted,0.00528491600016423
Random,ackley_2d,2,4,0.5231530760614693,0.5231530760614693,10000,200,,False,budget_exhausted,0.005301133999637386
Random,ackley_2d,2,5,2.855321914875493,2.855321914875493,10000,200,,False,budget_exhausted,0.005387354000049527
Random,ackley_2d,2,6,3.069930998216489,3.069930998216489,10000,200,,False,budget_exhausted,0.005385598999964714
Random,ackley_2d,2,7,1.9495306058476989,1.9495306058476989,10000,200,,False,budget_exhausted,0.0053474079995794455
Random,ackley_2d,2,8,2.7308070901284904,2.7308070901284904,10000,200,,False,budget_exhausted,0.00530734800031496
Random,ackley_2d,2,9,3.143623993669728,3.143623993669728,10000,200,,False,budget_exhausted,0.005308279999553633
Random,ackley_2d,2,10,2.853460926386014,2.853460926386014,10000,200,,False,budget_exhausted,0.005209685999943758
Random,ackley_2d,2,11,0.691816204371229,0.691816204371229,10000,200,,False,budget_exhausted,0.005371692000153416
Random,ackley_2d,2,12,2.0544708522592185,2.0544708522592185,10000,200,,False,budget_exhausted,0.00525539799946273
Random,ackley_2d,2,13,2.7046727373014083,2.7046727373014083,10000,200,,False,budget_exhausted,0.0053015550001873635
Random,ackley_2d,2,14,2.5538128659327204,2.5538128659327204,10000,200,,False,budget_exhausted,0.005219130999648769
Random,ackley_2d,2,15,1.6111276602966176,1.6111276602966176,10000,200,,False,budget_exhausted,0.005308907000653562
Random,ackley_2d,2,16,1.2478172646446457,1.2478172646446457,10000,200,,False,budget_exhausted,0.005289636999805225
Random,ackley_2d,2,17,2.8379090700329326,2.8379090700329326,10000,200,,False,budget_exhausted,0.005293498999890289
Random,ackley_2d,2,18,2.02272542948397,2.02272542948397,10000,200,,False,budget_exhausted,0.0052531760002239025
Random,ackley_2d,2,19,3.2714505262649323,3.2714505262649323,10000,200,,False,budget_exhausted,0.005208972000218637
Random,ackley_2d,2,20,1.7738751987703592,1.7738751987703592,10000,200,,False,budget_exhausted,0.005273538999972516
Random,ackley_2d,2,21,2.997664790225248,2.997664790225248,10000,200,,False,budget_exhausted,0.005194370999561215
Random,ackley_2d,2,22,2.896692878148379,2.896692878148379,10000,200,,False,budget_exhausted,0.005279373000121268
Random,ackley_2d,2,23,1.0807349748215924,1.0807349748215924,10000,200,,False,budget_exhausted,0.005276642999888281
Random,ackley_2d,2,24,2.3067207962910072,2.3067207962910072,10000,200,,False,budget_exhausted,0.005320142000527994
Random,ackley_2d,2,25,3.287267984385189,3.287267984385189,10000,200,,False,budget_exhausted,0.0053136829992581625
Random,ackley_2d,2,26,3.2514660987466297,3.2514660987466297,10000,200,,False,budget_exhausted,0.005241496000053303
Random,ackley_2d,2,27,2.18056655687985,2.18056655687985,10000,200,,False,budget_exhausted,0.005405299999438284
Random,ackley_2d,2,28,2.835771305350257,2.835771305350257,10000,200,,False,budget_exhausted,0.005395103999944695
Random,ackley_2d,2,29,0.7808584393218436,0.7808584393218436,10000,200,,False,budget_exhausted,0.005337284999768599
CDA (paper),ackley_10d,10,0,15.660277687587998,15.660277687587998,595,24,,False,extinction,0.0021291120001478703
CDA (paper),ackley_10d,10,1,16.00930802292301,16.00930802292301,353,11,,False,extinction,0.0009954070001185755
CDA (paper),ackley_10d,10,2,18.36947930535796,18.36947930535796,356,8,,False,extinction,0.0007626200003869599
CDA (paper),ackley_10d,10,3,14.528617471435007,14.528617471435007,659,22,,False,extinction,0.0018331060000491561
CDA (paper),ackley_10d,10,4,16.674840306742432,16.674840306742432,392,10,,False,extinction,0.0009066909997272887
CDA (paper),ackley_10d,10,5,18.16918206956808,18.16918206956808,569,35,,False,mean_gap,0.0026290890000382205
CDA (paper),ackley_10d,10,6,18.62309773739041,18.62309773739041,327,7,,False,extinction,0.0006521959994643112
CDA (paper),ackley_10d,10,7,9.564091844698988,9.564091844698988,391,32,,False,extinction,0.0022782779997214675
CDA (paper),ackley_10d,10,8,8.454259546544828,8.454259546544828,1128,38,,False,mean_gap,0.0029580209993582685
CDA (paper),ackley_10d,10,9,17.724273490064242,17.724273490064242,537,30,,False,mean_gap,0.0021806830000059563
CDA (paper),ackley_10d,10,10,9.147868888645656,9.147868888645656,947,41,,False,mean_gap,0.0031685989997640718
CDA (paper),ackley_10d,10,11,10.496120499618065,10.496120499618065,885,35,,False,mean_gap,0.0027567650004129973
CDA (paper),ackley_10d,10,12,15.866608705190204,15.866608705190204,498,33,,False,mean_gap,0.0024494279996361
CDA (paper),ackley_10d,10,13,18.359547117611783,18.359547117611783,546,32,,False,mean_gap,0.0023016690001895768
CDA (paper),ackley_10d,10,14,17.439861330352365,17.439861330352365,290,18,,False,extinction,0.0012879679998150095
CDA (paper),ackley_10d,10,15,17.502414367138467,17.502414367138467,311,8,,False,extinction,0.0007008339998719748
CDA (paper),ackley_10d,10,16,8.761918560573402,8.761918560573402,415,36,,False,mean_gap,0.0024959380007203436
CDA (paper),ackley_10d,10,17,12.206362162696431,12.206362162696431,694,35,,False,extinction,0.0025953009999284404
CDA (paper),ackley_10d,10,18,10.570486757293068,10.570486757293068,634,35,,False,mean_gap,0.002650571999765816
CDA (paper),ackley_10d,10,19,17.16152311413368,17.16152311413368,459,17,,False,extinction,0.0013745369997195667
CDA (paper),ackley_10d,10,20,18.104808178467465,18.104808178467465,522,36,,False,mean_gap,0.0025010879999172175
CDA (paper),ackley_10d,10,21,9.914800648832987,9.914800648832987,962,38,,False,mean_gap,0.0029215790000307607
CDA (paper),ackley_10d,10,22,14.715810080712073,14.715810080712073,294,10,,False,extinction,0.0008532720003131544
CDA (paper),ackley_10d,10,23,12.18399877776975,12.18399877776975,790,32,,False,extinction,0.002493946999493346
CDA (paper),ackley_10d,10,24,10.918618874454957,10.918618874454957,750,43,,False,mean_gap,0.003205048999916471
CDA (paper),ackley_10d,10,25,9.362604287118103,9.362604287118103,546,36,,False,mean_gap,0.0026312820000384818
CDA (paper),ackley_10d,10,26,12.991432696349946,12.991432696349946,363,20,,False,extinction,0.0015762960001666215
CDA (paper),ackley_10d,10,27,12.696837441328583,12.696837441328583,682,24,,False,extinction,0.0018764650003504357
CDA (paper),ackley_10d,10,28,7.361103166977292,7.361103166977292,1277,37,,False,mean_gap,0.0029388879993348382
CDA (paper),ackley_10d,10,29,14.3582298022266,14.3582298022266,186,6,,False,extinction,0.0005333039998731692
CDA (budgeted),ackley_10d,10,0,2.016922373279954,2.016922373279954,30000,378,,False,budget_exhausted,0.03569393499947182
CDA (budgeted),ackley_10d,10,1,0.6882515036529253,0.6882515036529253,30000,72,,False,budget_exhausted,0.01636044800034142
CDA (budgeted),ackley_10d,10,2,2.0137157408756896,2.0137157408756896,30000,220,,False,budget_exhausted,0.02586849599993002
CDA (budgeted),ackley_10d,10,3,1.1578992512039332,1.1578992512039332,30000,228,,False,budget_exhausted,0.02616323399979592
CDA (budgeted),ackley_10d,10,4,0.8675039656568413,0.8675039656568413,30000,270,,False,budget_exhausted,0.02912620799997967
CDA (budgeted),ackley_10d,10,5,2.0147625986265294,2.0147625986265294,30000,205,,False,budget_exhausted,0.024959435999335255
CDA (budgeted),ackley_10d,10,6,0.15628344120353477,0.15628344120353477,30000,138,,False,budget_exhausted,0.02090370099995198
CDA (budgeted),ackley_10d,10,7,0.10880759692278064,0.10880759692278064,30000,210,,False,budget_exhausted,0.02483761300027254
CDA (budgeted),ackley_10d,10,8,1.6759979934733455,1.6759979934733455,30000,184,,False,budget_exhausted,0.023608473000422237
CDA (budgeted),ackley_10d,10,9,0.31214999238491403,0.31214999238491403,30000,240,,False,budget_exhausted,0.02741472799971234
CDA (budgeted),ackley_10d,10,10,1.1926628598557376,1.1926628598557376,30000,231,,False,budget_exhausted,0.0273123859997213
CDA (budgeted),ackley_10d,10,11,1.120899215069859,1.120899215069859,30000,221,,False,budget_exhausted,0.02600451700072881
CDA (budgeted),ackley_10d,10,12,2.3208010787783455,2.3208010787783455,30000,216,,False,budget_exhausted,0.025804596000853053
CDA (budgeted),ackley_10d,10,13,2.0188648386596744,2.0188648386596744,30000,244,,False,budget_exhausted,0.028061590000106662
CDA (budgeted),ackley_10d,10,14,0.026597636874680308,0.026597636874680308,30000,223,,False,budget_exhausted,0.026029530999949202
CDA (budgeted),ackley_10d,10,15,2.526855538306592,2.526855538306592,30000,78,,False,budget_exhausted,0.01683258599950932
CDA (budgeted),ackley_10d,10,16,1.6970423289222123,1.6970423289222123,30000,233,,False,budget_exhausted,0.02662097500069649
CDA (budgeted),ackley_10d,10,17,1.1982536764337905,1.1982536764337905,30000,88,,False,budget_exhausted,0.017352324999592383
CDA (budgeted),ackley_10d,10,18,1.1585755460682532,1.1585755460682532,30000,213,,False,budget_exhausted,0.025248078999538848
CDA (budgeted),ackley_10d,10,19,0.18938458917823242,0.18938458917823242,30000,219,,False,budget_exhausted,0.025650155000221275
CDA (budgeted),ackley_10d,10,20,1.1571083920295995,1.1571083920295995,30000,232,,False,budget_exhausted,0.026442625000527187
CDA (budgeted),ackley_10d,10,21,0.13367683590738055,0.13367683590738055,30000,195,,False,budget_exhausted,0.02418829399994138
CDA (budgeted),ackley_10d,10,22,1.1834720922289788,1.1834720922289788,30000,260,,False,budget_exhausted,0.028531095999824174
CDA (budgeted),ackley_10d,10,23,1.6572983838971465,1.6572983838971465,30000,249,,False,budget_exhausted,0.027747557000111556
CDA (budgeted),ackley_10d,10,24,0.20045296829282977,0.20045296829282977,30000,114,,False,budget_exhausted,0.019270359999609354
CDA (budgeted),ackley_10d,10,25,1.850886977677789,1.850886977677789,30000,138,,False,budget_exhausted,0.020623940999939805
CDA (budgeted),ackley_10d,10,26,0.06503387126732152,0.06503387126732152,30000,377,,False,budget_exhausted,0.03585544999987178
CDA (budgeted),ackley_10d,10,27,1.3128305378747815,1.3128305378747815,30000,50,,False,budget_exhausted,0.014902318000167725
CDA (budgeted),ackley_10d,10,28,1.1750620586877543,1.1750620586877543,30000,267,,False,budget_exhausted,0.028806590999920445
CDA (budgeted),ackley_10d,10,29,1.1725317324114077,1.1725317324114077,30000,436,,False,budget_exhausted,0.03972194300058618
PSO,ackley_10d,10,0,1.4654943925052066e-14,1.4654943925052066e-14,30000,599,10100,True,budget_exhausted,0.027440333999948052
PSO,ackley_10d,10,1,2.1760371282653068e-14,2.1760371282653068e-14,30000,599,10050,True,budget_exhausted,0.027562235999539553
PSO,ackley_10d,10,2,4.440892098500626e-16,4.440892098500626e-16,30000,599,10000,True,budget_exhausted,0.027242811000178335
PSO,ackley_10d,10,3,7.549516567451064e-15,7.549516567451064e-15,30000,599,10200,True,budget_exhausted,0.027183156999853963
PSO,ackley_10d,10,4,1.4654943925052066e-14,1.4654943925052066e-14,30000,599,10400,True,budget_exhausted,0.027444305999779317
PSO,ackley_10d,10,5,4.440892098500626e-16,4.440892098500626e-16,30000,599,10100,True,budget_exhausted,0.027401635000387614
PSO,ackley_10d,10,6,1.4654943925052066e-14,1.4654943925052066e-14,30000,599,10100,True,budget_exhausted,0.0272955139998885
PSO,ackley_10d,10,7,2.1760371282653068e-14,2.1760371282653068e-14,30000,599,10450,True,budget_exhausted,0.027223386000514438
PSO,ackley_10d,10,8,1.4654943925052066e-14,1.4654943925052066e-14,30000,599,9800,True,budget_exhausted,0.027696035000190022
PSO,ackley_10d,10,9,1.4654943925052066e-14,1.4654943925052066e-14,30000,599,10550,True,budget_exhausted,0.027448994000224047
PSO,ackley_10d,10,10,1.4654943925052066e-14,1.4654943925052066e-14,30000,599,9600,True,budget_exhausted,0.02787782999985211
PSO,ackley_10d,10,11,4.440892098500626e-16,4.440892098500626e-16,30000,599,9100,True,budget_exhausted,0.027679263000209176
PSO,ackley_10d,10,12,2.1760371282653068e-14,2.1760371282653068e-14,30000,599,10450,True,budget_exhausted,0.02770197100016958
PSO,ackley_10d,10,13,4.440892098500626e-16,4.440892098500626e-16,30000,599,9900,True,budget_exhausted,0.02758560300026147
PSO,ackley_10d,10,14,4.440892098500626e-16,4.440892098500626e-16,30000,599,9350,True,budget_exhausted,0.02750735799963877
PSO,ackley_10d,10,15,4.440892098500626e-16,4.440892098500626e-16,30000,599,10050,True,budget_exhausted,0.02760933399986243
PSO,ackley_10d,10,16,4.440892098500626e-16,4.440892098500626e-16,30000,599,9400,True,budget_exhausted,0.027302656000756542
PSO,ackley_10d,10,17,2.886579864025407e-14,2.886579864025407e-14,30000,599,11350,True,budget_exhausted,0.027716141999917454
PSO,ackley_10d,10,18,7.549516567451064e-15,7.549516567451064e-15,30000,599,10600,True,budget_exhausted,0.027393305999794393
PSO,ackley_10d,10,19,1.4654943925052066e-14,1.4654943925052066e-14,30000,599,10300,True,budget_exhausted,0.02726278799946158
PSO,ackley_10d,10,20,1.4654943925052066e-14,1.4654943925052066e-14,30000,599,10650,True,budget_exhausted,0.027595296000072267
PSO,ackley_10d,10,21,4.440892098500626e-16,4.440892098500626e-16,30000,599,10450,True,budget_exhausted,0.027593764999437553
PSO,ackley_10d,10,22,4.440892098500626e-16,4.440892098500626e-16,30000,599,9900,True,budget_exhausted,0.027433894999376207
PSO,ackley_10d,10,23,4.440892098500626e-16,4.440892098500626e-16,30000,599,10100,True,budget_exhausted,0.027809573999547865
PSO,ackley_10d,10,24,4.440892098500626e-16,4.440892098500626e-16,30000,599,10250,True,budget_exhausted,0.027350072999979602
PSO,ackley_10d,10,25,4.440892098500626e-16,4.440892098500626e-16,30000,599,10400,True,budget_exhausted,0.027493026000229293
PSO,ackley_10d,10,26,1.4654943925052066e-14,1.4654943925052066e-14,30000,599,10150,True,budget_exhausted,0.02751693600021099
PSO,ackley_10d,10,27,2.1760371282653068e-14,2.1760371282653068e-14,30000,599,10900,True,budget_exhausted,0.027665018000334385
PSO,ackley_10d,10,28,4.440892098500626e-16,4.440892098500626e-16,30000,599,10700,True,budget_exhausted,0.027518628000507306
PSO,ackley_10d,10,29,4.440892098500626e-16,4.440892098500626e-16,30000,599,10100,True,budget_exhausted,0.027538178999748197
GA,ackley_10d,10,0,0.00900628147276139,0.00900628147276139,30000,599,,False,budget_exhausted,0.04486459700001433
GA,ackley_10d,10,1,0.014769789666204236,0.014769789666204236,30000,599,,False,budget_exhausted,0.04450720699969679
GA,ackley_10d,10,2,0.01332525273108276,0.01332525273108276,30000,599,,False,budget_exhausted,0.0449503720001303
GA,ackley_10d,10,3,0.03304051504756389,0.03304051504756389,30000,599,,False,budget_exhausted,0.04463339099947916
GA,ackley_10d,10,4,0.025012542384843517,0.025012542384843517,30000,599,,False,budget_exhausted,0.044731281000167655
GA,ackley_10d,10,5,0.019538515818397162,0.019538515818397162,30000,599,,False,budget_exhausted,0.04473990199949185
GA,ackley_10d,10,6,0.027034824479177377,0.027034824479177377,30000,599,,False,budget_exhausted,0.04478944700076681
GA,ackley_10d,10,7,0.029140235371351242,0.029140235371351242,30000,599,,False,budget_exhausted,0.04538869999942108
GA,ackley_10d,10,8,0.034248772836904084,0.034248772836904084,30000,599,,False,budget_exhausted,0.04484392999984266
GA,ackley_10d,10,9,0.03612453300881002,0.03612453300881002,30000,599,,False,budget_exhausted,0.04488052600027004
GA,ackley_10d,10,10,0.012203156759856615,0.012203156759856615,30000,599,,False,budget_exhausted,0.044914135999533755
GA,ackley_10d,10,11,0.005946827947390876,0.005946827947390876,30000,599,,False,budget_exhausted,0.045630394999534474
GA,ackley_10d,10,12,0.029305869049203626,0.029305869049203626,30000,599,,False,budget_exhausted,0.044866071999422275
GA,ackley_10d,10,13,0.03278150705577376,0.03278150705577376,30000,599,,False,budget_exhausted,0.043453723000311584
GA,ackley_10d,10,14,0.02086020606890715,0.02086020606890715,30000,599,,False,budget_exhausted,0.044316798000181734
GA,ackley_10d,10,15,0.013624472695596967,0.013624472695596967,30000,599,,False,budget_exhausted,0.04466856999988522
GA,ackley_10d,10,16,0.01563747532160109,0.01563747532160109,30000,599,,False,budget_exhausted,0.044492217999504646
GA,ackley_10d,10,17,0.019977673788507122,0.019977673788507122,30000,599,,False,budget_exhausted,0.045177644999967015
GA,ackley_10d,10,18,0.014993782072320716,0.014993782072320716,30000,599,,False,budget_exhausted,0.04477903499991953
GA,ackley_10d,10,19,0.04351594459670283,0.04351594459670283,30000,599,,False,budget_exhausted,0.04476762299964321
GA,ackley_10d,10,20,0.016618988192341977,0.016618988192341977,30000,599,,False,budget_exhausted,0.04444481800055655
GA,ackley_10d,10,21,0.010127739513777545,0.010127739513777545,30000,599,,False,budget_exhausted,0.04440510299991729
GA,ackley_10d,10,22,0.03301048593157363,0.03301048593157363,30000,599,,False,budget_exhausted,0.04449137699975836
GA,ackley_10d,10,23,0.003998475103504706,0.003998475103504706,30000,599,,False,budget_exhausted,0.04465886700018018
GA,ackley_10d,10,24,0.004067889033365635,0.004067889033365635,30000,599,,False,budget_exhausted,0.04452017600033287
GA,ackley_10d,10,25,0.015329657213730474,0.015329657213730474,30000,599,,False,budget_exhausted,0.04417779499999597
GA,ackley_10d,10,26,0.02041642025625423,0.02041642025625423,30000,599,,False,budget_exhausted,0.04443767800057685
GA,ackley_10d,10,27,0.04244096458430535,0.04244096458430535,30000,599,,False,budget_exhausted,0.04470636599944555
GA,ackley_10d,10,28,0.014558434006624044,0.014558434006624044,30000,599,,False,budget_exhausted,0.04474886299976788
GA,ackley_10d,10,29,0.024426895421438832,0.024426895421438832,30000,599,,False,budget_exhausted,0.04451659499954985
DE,ackley_10d,10,0,3.75921516138078e-12,3.75921516138078e-12,30000,599,13350,True,budget_exhausted,0.0444112330005737
DE,ackley_10d,10,1,5.134115355076574e-12,5.134115355076574e-12,30000,599,12950,True,budget_exhausted,0.04451374600012059
DE,ackley_10d,10,2,5.4574122998474195e-12,5.4574122998474195e-12,30000,599,13550,True,budget_exhausted,0.04496904200004792
DE,ackley_10d,10,3,1.496136547984861e-12,1.496136547984861e-12,30000,599,12550,True,budget_exhausted,0.04443701200034411
DE,ackley_10d,10,4,3.737898879307977e-12,3.737898879307977e-12,30000,599,13700,True,budget_exhausted,0.0445109100000991
DE,ackley_10d,10,5,4.210409798588444e-12,4.210409798588444e-12,30000,599,12900,True,budget_exhausted,0.04444409000006999
DE,ackley_10d,10,6,3.9048764222116006e-12,3.9048764222116006e-12,30000,599,13900,True,budget_exhausted,0.04444197199973132
DE,ackley_10d,10,7,8.665512751804272e-12,8.665512751804272e-12,30000,599,14250,True,budget_exhausted,0.04422452200014959
DE,ackley_10d,10,8,4.135802811333633e-12,4.135802811333633e-12,30000,599,13450,True,budget_exhausted,0.044290711999565247
DE,ackley_10d,10,9,4.100275674545628e-12,4.100275674545628e-12,30000,599,12750,True,budget_exhausted,0.044471359999988636
DE,ackley_10d,10,10,2.7466917629226373e-12,2.7466917629226373e-12,30000,599,13550,True,budget_exhausted,0.04441787900032068
DE,ackley_10d,10,11,6.31006358275954e-12,6.31006358275954e-12,30000,599,13400,True,budget_exhausted,0.044463846999860834
DE,ackley_10d,10,12,7.429168391581698e-12,7.429168391581698e-12,30000,599,13250,True,budget_exhausted,0.04439165999974648
DE,ackley_10d,10,13,1.0445422304883323e-11,1.0445422304883323e-11,30000,599,13550,True,budget_exhausted,0.04457927999919775
DE,ackley_10d,10,14,6.469935698305562e-12,6.469935698305562e-12,30000,599,13400,True,budget_exhausted,0.044527944999572355
DE,ackley_10d,10,15,5.652811552181447e-12,5.652811552181447e-12,30000,599,13700,True,budget_exhausted,0.04452623399993172
DE,ackley_10d,10,16,3.6988190288411715e-12,3.6988190288411715e-12,30000,599,14150,True,budget_exhausted,0.04433669600075518
DE,ackley_10d,10,17,8.637091042373868e-12,8.637091042373868e-12,30000,599,13650,True,budget_exhausted,0.04453273099989019
DE,ackley_10d,10,18,3.2653879600275104e-12,3.2653879600275104e-12,30000,599,13250,True,budget_exhausted,0.04457897599968419
DE,ackley_10d,10,19,2.4660273822973977e-12,2.4660273822973977e-12,30000,599,12750,True,budget_exhausted,0.04471357900001749
DE,ackley_10d,10,20,1.2925216452686072e-11,1.2925216452686072e-11,30000,599,13400,True,budget_exhausted,0.04436416400039889
DE,ackley_10d,10,21,4.217515225946045e-12,4.217515225946045e-12,30000,599,13550,True,budget_exhausted,0.044591923000552924
DE,ackley_10d,10,22,3.0948577034450864e-12,3.0948577034450864e-12,30000,599,13650,True,budget_exhausted,0.04432389500016143
DE,ackley_10d,10,23,2.1036505870597466e-12,2.1036505870597466e-12,30000,599,12850,True,budget_exhausted,0.04404860300019209
DE,ackley_10d,10,24,3.226308109560705e-12,3.226308109560705e-12,30000,599,12400,True,budget_exhausted,0.0439055439992444
DE,ackley_10d,10,25,8.477218926827845e-12,8.477218926827845e-12,30000,599,13200,True,budget_exhausted,0.04434403499999462
DE,ackley_10d,10,26,5.219380483367786e-12,5.219380483367786e-12,30000,599,13350,True,budget_exhausted,0.04432900099982362
DE,ackley_10d,10,27,3.141042981269493e-12,3.141042981269493e-12,30000,599,12500,True,budget_exhausted,0.04424046999974962
DE,ackley_10d,10,28,7.112976874168453e-12,7.112976874168453e-12,30000,599,13650,True,budget_exhausted,0.0442241840000861
DE,ackley_10d,10,29,6.45217212991156e-12,6.45217212991156e-12,30000,599,13600,True,budget_exhausted,0.04407028600053309
Random,ackley_10d,10,0,17.02361851388765,17.02361851388765,30000,600,,False,budget_exhausted,0.020056459000443283
Random,ackley_10d,10,1,15.976764784914769,15.976764784914769,30000,600,,False,budget_exhausted,0.020231339000019943
Random,ackley_10d,10,2,15.745242902349716,15.745242902349716,30000,600,,False,budget_exhausted,0.02036645799944381
Random,ackley_10d,10,3,17.023606137877092,17.023606137877092,30000,600,,False,budget_exhausted,0.0202797809997719
Random,ackley_10d,10,4,17.47821047961427,17.47821047961427,30000,600,,False,budget_exhausted,0.020340011000371305
Random,ackley_10d,10,5,16.576935948242884,16.576935948242884,30000,600,,False,budget_exhausted,0.020287968999582517
Random,ackley_10d,10,6,15.860095536007123,15.860095536007123,30000,600,,False,budget_exhausted,0.020346336000329757
Random,ackley_10d,10,7,17.52903790959601,17.52903790959601,30000,600,,False,budget_exhausted,0.02028074600002583
Random,ackley_10d,10,8,17.106511254452936,17.106511254452936,30000,600,,False,budget_exhausted,0.020112722000703798
Random,ackley_10d,10,9,13.420484342512891,13.420484342512891,30000,600,,False,budget_exhausted,0.020238045000041893
Random,ackley_10d,10,10,16.483075305342098,16.483075305342098,30000,600,,False,budget_exhausted,0.020033030999911716
Random,ackley_10d,10,11,15.079006313471787,15.079006313471787,30000,600,,False,budget_exhausted,0.020057310000083817
Random,ackley_10d,10,12,15.379241817286736,15.379241817286736,30000,600,,False,budget_exhausted,0.020066098999450332
Random,ackley_10d,10,13,16.290292608631866,16.290292608631866,30000,600,,False,budget_exhausted,0.020258307000403875
Random,ackley_10d,10,14,15.520720737967368,15.520720737967368,30000,600,,False,budget_exhausted,0.020386001000588294
Random,ackley_10d,10,15,16.61461552072492,16.61461552072492,30000,600,,False,budget_exhausted,0.02035513099963282
Random,ackley_10d,10,16,16.511876136504732,16.511876136504732,30000,600,,False,budget_exhausted,0.02025194499947247
Random,ackley_10d,10,17,16.401926548335908,16.401926548335908,30000,600,,False,budget_exhausted,0.020132773999648634
Random,ackley_10d,10,18,16.802665895019594,16.802665895019594,30000,600,,False,budget_exhausted,0.0201687500002663
Random,ackley_10d,10,19,15.059294580751754,15.059294580751754,30000,600,,False,budget_exhausted,0.02022609700088651
Random,ackley_10d,10,20,14.985439829758048,14.985439829758048,30000,600,,False,budget_exhausted,0.020316660999924352
Random,ackley_10d,10,21,15.484485627817449,15.484485627817449,30000,600,,False,budget_exhausted,0.020145393000348122
Random,ackley_10d,10,22,15.429353424933574,15.429353424933574,30000,600,,False,budget_exhausted,0.02020561099925544
Random,ackley_10d,10,23,17.220132622583034,17.220132622583034,30000,600,,False,budget_exhausted,0.02023172600001999
Random,ackley_10d,10,24,16.47461741642105,16.47461741642105,30000,600,,False,budget_exhausted,0.020080837999557843
Random,ackley_10d,10,25,16.711851352524093,16.711851352524093,30000,600,,False,budget_exhausted,0.02019187400037481
Random,ackley_10d,10,26,15.382094605306742,15.382094605306742,30000,600,,False,budget_exhausted,0.020350587999928393
Random,ackley_10d,10,27,16.764744805853148,16.764744805853148,30000,600,,False,budget_exhausted,0.02033828200001153
Random,ackley_10d,10,28,16.33367854302987,16.33367854302987,30000,600,,False,budget_exhausted,0.02036363600018376
Random,ackley_10d,10,29,15.358227416957215,15.358227416957215,30000,600,,False,budget_exhausted,0.02039146900006017
CDA (paper),ackley_30d,30,0,19.407722275336983,19.407722275336983,411,19,,False,extinction,0.0018581800004540128
CDA (paper),ackley_30d,30,1,19.995442274182974,19.995442274182974,489,23,,False,extinction,0.0021096750006108778
CDA (paper),ackley_30d,30,2,19.559790657320082,19.559790657320082,566,34,,False,mean_gap,0.0028002210001432104
CDA (paper),ackley_30d,30,3,20.040926635151596,20.040926635151596,466,6,,False,extinction,0.0009978369998862036
CDA (paper),ackley_30d,30,4,18.939177447170476,18.939177447170476,600,34,,False,mean_gap,0.002855914999599918
CDA (paper),ackley_30d,30,5,19.52345516056887,19.52345516056887,210,4,,False,extinction,0.0005215030005274457
CDA (paper),ackley_30d,30,6,19.61647114618353,19.61647114618353,476,21,,False,extinction,0.0019065239994233707
CDA (paper),ackley_30d,30,7,20.07406764845242,20.07406764845242,612,34,,False,mean_gap,0.0028579479994732537
CDA (paper),ackley_30d,30,8,20.289551633265543,20.289551633265543,599,33,,False,mean_gap,0.0027865479996762588
CDA (paper),ackley_30d,30,9,19.903500158955275,19.903500158955275,411,17,,False,extinction,0.001591276999533875
CDA (paper),ackley_30d,30,10,19.930580943239658,19.930580943239658,714,17,,False,extinction,0.0019269390004410525
CDA (paper),ackley_30d,30,11,20.039536688683885,20.039536688683885,694,9,,False,extinction,0.0013402499998846906
CDA (paper),ackley_30d,30,12,19.98182583961106,19.98182583961106,522,28,,False,extinction,0.002383232999818574
CDA (paper),ackley_30d,30,13,19.147806169462665,19.147806169462665,899,36,,False,mean_gap,0.00324034900040715
CDA (paper),ackley_30d,30,14,19.733189573841557,19.733189573841557,706,36,,False,mean_gap,0.0030199140001059277
CDA (paper),ackley_30d,30,15,19.888097474462274,19.888097474462274,606,27,,False,extinction,0.0024484229998051887
CDA (paper),ackley_30d,30,16,19.403935791638045,19.403935791638045,665,31,,False,extinction,0.002696499000194308
CDA (paper),ackley_30d,30,17,19.516036463687694,19.516036463687694,599,32,,False,mean_gap,0.002720771999520366
CDA (paper),ackley_30d,30,18,19.646942143753485,19.646942143753485,430,14,,False,extinction,0.0014102880004429608
CDA (paper),ackley_30d,30,19,19.734027179305567,19.734027179305567,678,29,,False,mean_gap,0.0026421480006320053
CDA (paper),ackley_30d,30,20,19.395277722321538,19.395277722321538,519,29,,False,extinction,0.0023573600001327577
CDA (paper),ackley_30d,30,21,19.267371036215508,19.267371036215508,638,31,,False,extinction,0.0026695850001487997
CDA (paper),ackley_30d,30,22,19.346752763718523,19.346752763718523,540,33,,False,mean_gap,0.0027002209999409388
CDA (paper),ackley_30d,30,23,19.475643133554815,19.475643133554815,491,34,,False,mean_gap,0.002712637000513496
CDA (paper),ackley_30d,30,24,19.96559898622997,19.96559898622997,651,31,,False,mean_gap,0.002728157999627001
CDA (paper),ackley_30d,30,25,20.087648079507726,20.087648079507726,673,35,,False,mean_gap,0.0029940639997221297
CDA (paper),ackley_30d,30,26,19.675965444930497,19.675965444930497,543,31,,False,mean_gap,0.002570556000137003
CDA (paper),ackley_30d,30,27,19.71739842783543,19.71739842783543,432,12,,False,extinction,0.001291302000026917
CDA (paper),ackley_30d,30,28,19.942654769944884,19.942654769944884,535,16,,False,extinction,0.0016296559997499571
CDA (paper),ackley_30d,30,29,19.976649088680848,19.976649088680848,335,5,,False,extinction,0.000726488000509562
CDA (budgeted),ackley_30d,30,0,3.679137891112863,3.679137891112863,60000,554,,False,budget_exhausted,0.09480319300018891
CDA (budgeted),ackley_30d,30,1,3.482665103781003,3.482665103781003,60000,301,,False,budget_exhausted,0.07757290600056876
CDA (budgeted),ackley_30d,30,2,3.272000115132965,3.272000115132965,60000,461,,False,budget_exhausted,0.08911136000006081
CDA (budgeted),ackley_30d,30,3,4.2422818507374735,4.2422818507374735,60000,283,,False,budget_exhausted,0.07895290400028898
CDA (budgeted),ackley_30d,30,4,3.4877127230413056,3.4877127230413056,60000,641,,False,budget_exhausted,0.1091144850006458
CDA (budgeted),ackley_30d,30,5,8.632194074890783,8.632194074890783,60000,752,,False,budget_exhausted,0.10953248500027257
CDA (budgeted),ackley_30d,30,6,3.145101215373455,3.145101215373455,60000,412,,False,budget_exhausted,0.08683067200036021
CDA (budgeted),ackley_30d,30,7,5.6314548634159,5.6314548634159,60000,824,,False,budget_exhausted,0.11451137299991387
CDA (budgeted),ackley_30d,30,8,4.0983021471460646,4.0983021471460646,60000,377,,False,budget_exhausted,0.08502356900044106
CDA (budgeted),ackley_30d,30,9,3.67358981306132,3.67358981306132,60000,722,,False,budget_exhausted,0.10496144299941079
CDA (budgeted),ackley_30d,30,10,5.104232935275103,5.104232935275103,60000,644,,False,budget_exhausted,0.10230739199960226
CDA (budgeted),ackley_30d,30,11,3.746077880729548,3.746077880729548,60000,690,,False,budget_exhausted,0.10305469700051617
CDA (budgeted),ackley_30d,30,12,5.141741517458954,5.141741517458954,60000,637,,False,budget_exhausted,0.09924155299995618
CDA (budgeted),ackley_30d,30,13,3.0810444686775615,3.0810444686775615,60000,701,,False,budget_exhausted,0.10257276499942236
CDA (budgeted),ackley_30d,30,14,3.8657783263913506,3.8657783263913506,60000,290,,False,budget_exhausted,0.07831281600010698
CDA (budgeted),ackley_30d,30,15,4.1226383551902614,4.1226383551902614,60000,774,,False,budget_exhausted,0.11100161600006686
CDA (budgeted),ackley_30d,30,16,2.6957648897376107,2.6957648897376107,60000,328,,False,budget_exhausted,0.08024818700050673
CDA (budgeted),ackley_30d,30,17,3.382930553442876,3.382930553442876,60000,492,,False,budget_exhausted,0.09010457299973496
CDA (budgeted),ackley_30d,30,18,7.589481220082282,7.589481220082282,60000,510,,False,budget_exhausted,0.09120575800079678
CDA (budgeted),ackley_30d,30,19,3.521666211003567,3.521666211003567,60000,177,,False,budget_exhausted,0.07086203299968474
CDA (budgeted),ackley_30d,30,20,4.374465595441929,4.374465595441929,60000,748,,False,budget_exhausted,0.10853322699949786
CDA (budgeted),ackley_30d,30,21,4.260630667954889,4.260630667954889,60000,512,,False,budget_exhausted,0.09241223400022136
CDA (budgeted),ackley_30d,30,22,4.186896835833078,4.186896835833078,60000,533,,False,budget_exhausted,0.09273878400017566
CDA (budgeted),ackley_30d,30,23,3.4818460871286523,3.4818460871286523,60000,470,,False,budget_exhausted,0.08908051700018405
CDA (budgeted),ackley_30d,30,24,4.154435245532532,4.154435245532532,60000,594,,False,budget_exhausted,0.09630724900034693
CDA (budgeted),ackley_30d,30,25,3.0773956380370184,3.0773956380370184,60000,522,,False,budget_exhausted,0.09108411099987279
CDA (budgeted),ackley_30d,30,26,3.4464147041661204,3.4464147041661204,60000,511,,False,budget_exhausted,0.09142133200020908
CDA (budgeted),ackley_30d,30,27,3.71317709320476,3.71317709320476,60000,246,,False,budget_exhausted,0.07442337199972826
CDA (budgeted),ackley_30d,30,28,6.132899462111908,6.132899462111908,60000,608,,False,budget_exhausted,0.09674075300063123
CDA (budgeted),ackley_30d,30,29,4.0604393050784005,4.0604393050784005,60000,522,,False,budget_exhausted,0.09126979800021218
PSO,ackley_30d,30,0,1.9884982549456254e-11,1.9884982549456254e-11,60000,1199,28700,True,budget_exhausted,0.07208960099978867
PSO,ackley_30d,30,1,1.397326698793222e-11,1.397326698793222e-11,60000,1199,28750,True,budget_exhausted,0.07214184200074669
PSO,ackley_30d,30,2,1.7779969868708432,1.7779969868708432,60000,1199,,False,budget_exhausted,0.07233430399992358
PSO,ackley_30d,30,3,1.3404212878723212,1.3404212878723212,60000,1199,,False,budget_exhausted,0.07273193299988634
PSO,ackley_30d,30,4,3.0109692517044095e-11,3.0109692517044095e-11,60000,1199,28650,True,budget_exhausted,0.0718474220002463
PSO,ackley_30d,30,5,1.3404212878723212,1.3404212878723212,60000,1199,,False,budget_exhausted,0.07253669900001114
PSO,ackley_30d,30,6,1.1574075031717257e-10,1.1574075031717257e-10,60000,1199,31300,True,budget_exhausted,0.07217474100070831
PSO,ackley_30d,30,7,5.722755602732832e-11,5.722755602732832e-11,60000,1199,29600,True,budget_exhausted,0.07135464800012414
PSO,ackley_30d,30,8,9.976464099281657e-12,9.976464099281657e-12,60000,1199,27150,True,budget_exhausted,0.07274699900062842
PSO,ackley_30d,30,9,1.6462236331031126,1.6462236331031126,60000,1199,,False,budget_exhausted,0.07210586099972716
PSO,ackley_30d,30,10,1.7779969868708396,1.7779969868708396,60000,1199,,False,budget_exhausted,0.07336652400044841
PSO,ackley_30d,30,11,3.1872282590938994e-12,3.1872282590938994e-12,60000,1199,27650,True,budget_exhausted,0.07180322800013528
PSO,ackley_30d,30,12,0.9313046018168376,0.9313046018168376,60000,1199,,False,budget_exhausted,0.07245799900010752
PSO,ackley_30d,30,13,1.9265344874952461e-10,1.9265344874952461e-10,60000,1199,31350,True,budget_exhausted,0.0720634160006739
PSO,ackley_30d,30,14,4.916289597645118e-11,4.916289597645118e-11,60000,1199,30650,True,budget_exhausted,0.07368823100023292
PSO,ackley_30d,30,15,1.6462236331031126,1.6462236331031126,60000,1199,,False,budget_exhausted,0.07313504800004011
PSO,ackley_30d,30,16,2.3168487918475944,2.3168487918475944,60000,1199,,False,budget_exhausted,0.07309265499952744
PSO,ackley_30d,30,17,1.0328182753482906e-11,1.0328182753482906e-11,60000,1199,29400,True,budget_exhausted,0.0718865620001452
PSO,ackley_30d,30,18,14.36036213171025,14.36036213171025,60000,1199,,False,budget_exhausted,0.07520170399948256
PSO,ackley_30d,30,19,2.3161618137939937,2.3161618137939937,60000,1199,,False,budget_exhausted,0.07257255900003656
PSO,ackley_30d,30,20,1.6485035558844174e-11,1.6485035558844174e-11,60000,1199,26750,True,budget_exhausted,0.0723613469999691
PSO,ackley_30d,30,21,14.32058975066368,14.32058975066368,60000,1199,,False,budget_exhausted,0.07406642700061639
PSO,ackley_30d,30,22,1.3404212878723212,1.3404212878723212,60000,1199,,False,budget_exhausted,0.07296101799965982
PSO,ackley_30d,30,23,1.0594636279392944e-11,1.0594636279392944e-11,60000,1199,24800,True,budget_exhausted,0.0725442290004139
PSO,ackley_30d,30,24,1.3404212878723212,1.3404212878723212,60000,1199,,False,budget_exhausted,0.07210305300031905
PSO,ackley_30d,30,25,1.6822543358330222e-11,1.6822543358330222e-11,60000,1199,27400,True,budget_exhausted,0.07149915100035287
PSO,ackley_30d,30,26,2.4922284609673864,2.4922284609673864,60000,1199,,False,budget_exhausted,0.07242508599938446
PSO,ackley_30d,30,27,1.1551485027098285,1.1551485027098285,60000,1199,,False,budget_exhausted,0.0725783739999315
PSO,ackley_30d,30,28,1.7779969868708432,1.7779969868708432,60000,1199,,False,budget_exhausted,0.07180245999916224
PSO,ackley_30d,30,29,1.3404212878723212,1.3404212878723212,60000,1199,,False,budget_exhausted,0.07207084099991334
GA,ackley_30d,30,0,0.010714674081068853,0.010714674081068853,60000,1199,,False,budget_exhausted,0.11973323099937261
GA,ackley_30d,30,1,0.019402914184241116,0.019402914184241116,60000,1199,,False,budget_exhausted,0.1233923509998931
GA,ackley_30d,30,2,0.029917100925928697,0.029917100925928697,60000,1199,,False,budget_exhausted,0.1226402299998881
GA,ackley_30d,30,3,0.02287973157681522,0.02287973157681522,60000,1199,,False,budget_exhausted,0.12029019700003118
GA,ackley_30d,30,4,0.011851891823600358,0.011851891823600358,60000,1199,,False,budget_exhausted,0.1200674709998566
GA,ackley_30d,30,5,0.01797503938148326,0.01797503938148326,60000,1199,,False,budget_exhausted,0.11910037500001636
GA,ackley_30d,30,6,0.011322108705080769,0.011322108705080769,60000,1199,,False,budget_exhausted,0.11998818599931838
GA,ackley_30d,30,7,0.011157598126491752,0.011157598126491752,60000,1199,,False,budget_exhausted,0.11945874499997444
GA,ackley_30d,30,8,0.01388945971547928,0.01388945971547928,60000,1199,,False,budget_exhausted,0.11957955199977732
GA,ackley_30d,30,9,0.02195357285922883,0.02195357285922883,60000,1199,,False,budget_exhausted,0.1203522880005039
GA,ackley_30d,30,10,0.028523310669314572,0.028523310669314572,60000,1199,,False,budget_exhausted,0.12122742399969866
GA,ackley_30d,30,11,0.01063498238450622,0.01063498238450622,60000,1199,,False,budget_exhausted,0.11938415299937333
GA,ackley_30d,30,12,0.0110979732431713,0.0110979732431713,60000,1199,,False,budget_exhausted,0.12493777000054251
GA,ackley_30d,30,13,0.012613768126929603,0.012613768126929603,60000,1199,,False,budget_exhausted,0.15379450900036318
GA,ackley_30d,30,14,0.010607242785866777,0.010607242785866777,60000,1199,,False,budget_exhausted,0.11996010700022453
GA,ackley_30d,30,15,0.0192215572828478,0.0192215572828478,60000,1199,,False,budget_exhausted,0.11982029399950989
GA,ackley_30d,30,16,0.008265587001894392,0.008265587001894392,60000,1199,,False,budget_exhausted,0.1204315429995404
GA,ackley_30d,30,17,0.038667349099196446,0.038667349099196446,60000,1199,,False,budget_exhausted,0.12019575500016799
GA,ackley_30d,30,18,0.005216135194516358,0.005216135194516358,60000,1199,,False,budget_exhausted,0.12011346500003128
GA,ackley_30d,30,19,0.01200798621971133,0.01200798621971133,60000,1199,,False,budget_exhausted,0.11841632800042134
GA,ackley_30d,30,20,0.014193852479632785,0.014193852479632785,60000,1199,,False,budget_exhausted,0.12008864000017638
GA,ackley_30d,30,21,0.030286498014284735,0.030286498014284735,60000,1199,,False,budget_exhausted,0.1226449900004809
GA,ackley_30d,30,22,0.009172905090022443,0.009172905090022443,60000,1199,,False,budget_exhausted,0.11870814099984273
GA,ackley_30d,30,23,0.01771854317343413,0.01771854317343413,60000,1199,,False,budget_exhausted,0.11955522199968982
GA,ackley_30d,30,24,0.015577888819813257,0.015577888819813257,60000,1199,,False,budget_exhausted,0.11855721899974014
GA,ackley_30d,30,25,0.03145121226947767,0.03145121226947767,60000,1199,,False,budget_exhausted,0.1199799690002692
GA,ackley_30d,30,26,0.013319071734191557,0.013319071734191557,60000,1199,,False,budget_exhausted,0.11944259400024748
GA,ackley_30d,30,27,0.014684334429827306,0.014684334429827306,60000,1199,,False,budget_exhausted,0.12018136999995477
GA,ackley_30d,30,28,0.07281133337305379,0.07281133337305379,60000,1199,,False,budget_exhausted,0.12039996300063649
GA,ackley_30d,30,29,0.027804121721662245,0.027804121721662245,60000,1199,,False,budget_exhausted,0.11918981199960399
DE,ackley_30d,30,0,4.526634400647822e-08,4.526634400647822e-08,60000,1199,36700,True,budget_exhausted,0.1069625089994588
DE,ackley_30d,30,1,2.4897826467196182e-08,2.4897826467196182e-08,60000,1199,37600,True,budget_exhausted,0.10745476899955975
DE,ackley_30d,30,2,7.24831084042421e-09,7.24831084042421e-09,60000,1199,35700,True,budget_exhausted,0.10638489299981302
DE,ackley_30d,30,3,1.3040118762575048e-08,1.3040118762575048e-08,60000,1199,35600,True,budget_exhausted,0.10707623599955696
DE,ackley_30d,30,4,1.3194384695935923e-08,1.3194384695935923e-08,60000,1199,36350,True,budget_exhausted,0.10751426200022252
DE,ackley_30d,30,5,2.2532284038589978e-08,2.2532284038589978e-08,60000,1199,36500,True,budget_exhausted,0.10606657799962704
DE,ackley_30d,30,6,1.3199770609872985e-08,1.3199770609872985e-08,60000,1199,35450,True,budget_exhausted,0.10528963300021132
DE,ackley_30d,30,7,1.0176091524982667e-08,1.0176091524982667e-08,60000,1199,35250,True,budget_exhausted,0.10620431900042604
DE,ackley_30d,30,8,2.606357840662099e-08,2.606357840662099e-08,60000,1199,38350,True,budget_exhausted,0.10742675799974677
DE,ackley_30d,30,9,2.5091133171173396e-08,2.5091133171173396e-08,60000,1199,36350,True,budget_exhausted,0.10744731700015109
DE,ackley_30d,30,10,3.221458699798063e-08,3.221458699798063e-08,60000,1199,37850,True,budget_exhausted,0.10509555000044202
DE,ackley_30d,30,11,2.465064286027996e-08,2.465064286027996e-08,60000,1199,37550,True,budget_exhausted,0.10645468900020205
DE,ackley_30d,30,12,2.935225440481304e-08,2.935225440481304e-08,60000,1199,38600,True,budget_exhausted,0.10707749199991667
DE,ackley_30d,30,13,1.0270543970847257e-08,1.0270543970847257e-08,60000,1199,36150,True,budget_exhausted,0.10702111499995226
DE,ackley_30d,30,14,2.3706875129647642e-08,2.3706875129647642e-08,60000,1199,36600,True,budget_exhausted,0.10770898499959003
DE,ackley_30d,30,15,8.140539353718168e-09,8.140539353718168e-09,60000,1199,33800,True,budget_exhausted,0.10511066500021116
DE,ackley_30d,30,16,1.65158522413833e-08,1.65158522413833e-08,60000,1199,36100,True,budget_exhausted,0.10702476900041802
DE,ackley_30d,30,17,1.8286720138149803e-08,1.8286720138149803e-08,60000,1199,37650,True,budget_exhausted,0.10564108400012628
DE,ackley_30d,30,18,2.8353504877287605e-08,2.8353504877287605e-08,60000,1199,37350,True,budget_exhausted,0.10510326500025258
DE,ackley_30d,30,19,2.0685420043520253e-08,2.0685420043520253e-08,60000,1199,36850,True,budget_exhausted,0.10723827699985122
DE,ackley_30d,30,20,4.5875847565213235e-08,4.5875847565213235e-08,60000,1199,37800,True,budget_exhausted,0.1072257339992575
DE,ackley_30d,30,21,1.4678502413545402e-08,1.4678502413545402e-08,60000,1199,37500,True,budget_exhausted,0.10786009300045407
DE,ackley_30d,30,22,8.176475052579235e-09,8.176475052579235e-09,60000,1199,35050,True,budget_exhausted,0.10736924699995143
DE,ackley_30d,30,23,3.031706485856489e-08,3.031706485856489e-08,60000,1199,36300,True,budget_exhausted,0.10897840399957204
DE,ackley_30d,30,24,1.5323486923790597e-08,1.5323486923790597e-08,60000,1199,35900,True,budget_exhausted,0.10697002100005193
DE,ackley_30d,30,25,1.2150547679112833e-08,1.2150547679112833e-08,60000,1199,36800,True,budget_exhausted,0.10679319399969245
DE,ackley_30d,30,26,8.568321607782536e-09,8.568321607782536e-09,60000,1199,35950,True,budget_exhausted,0.10613862800073548
DE,ackley_30d,30,27,2.2386582942957034e-07,2.2386582942957034e-07,60000,1199,42550,True,budget_exhausted,0.10772731199995178
DE,ackley_30d,30,28,1.2748703870357758e-08,1.2748703870357758e-08,60000,1199,35900,True,budget_exhausted,0.10743446800006495
DE,ackley_30d,30,29,1.0680619499936483e-08,1.0680619499936483e-08,60000,1199,36150,True,budget_exhausted,0.10715811099998973
Random,ackley_30d,30,0,19.808213702263682,19.808213702263682,60000,1200,,False,budget_exhausted,0.06140821499957383
Random,ackley_30d,30,1,19.903020044561107,19.903020044561107,60000,1200,,False,budget_exhausted,0.06176426999991236
Random,ackley_30d,30,2,19.626394083593212,19.626394083593212,60000,1200,,False,budget_exhausted,0.06201860700002726
Random,ackley_30d,30,3,18.82040548682728,18.82040548682728,60000,1200,,False,budget_exhausted,0.06143316399993637
Random,ackley_30d,30,4,19.852601556069242,19.852601556069242,60000,1200,,False,budget_exhausted,0.062203245000091556
Random,ackley_30d,30,5,19.82183327334593,19.82183327334593,60000,1200,,False,budget_exhausted,0.061661560999709764
Random,ackley_30d,30,6,19.452985220174185,19.452985220174185,60000,1200,,False,budget_exhausted,0.06136648500068986
Random,ackley_30d,30,7,19.228708258285703,19.228708258285703,60000,1200,,False,budget_exhausted,0.061616506000063964
Random,ackley_30d,30,8,19.849434584703577,19.849434584703577,60000,1200,,False,budget_exhausted,0.061405808000017714
Random,ackley_30d,30,9,19.742327214262662,19.742327214262662,60000,1200,,False,budget_exhausted,0.06156483399990975
Random,ackley_30d,30,10,19.833030430971295,19.833030430971295,60000,1200,,False,budget_exhausted,0.06161842599976808
Random,ackley_30d,30,11,19.344840081100468,19.344840081100468,60000,1200,,False,budget_exhausted,0.06134393899992574
Random,ackley_30d,30,12,19.537881642422644,19.537881642422644,60000,1200,,False,budget_exhausted,0.061397313000270515
Random,ackley_30d,30,13,20.037126855337668,20.037126855337668,60000,1200,,False,budget_exhausted,0.06258895599967218
Random,ackley_30d,30,14,19.727509318303994,19.727509318303994,60000,1200,,False,budget_exhausted,0.06279044399980194
Random,ackley_30d,30,15,19.617530750805727,19.617530750805727,60000,1200,,False,budget_exhausted,0.061636052000721975
Random,ackley_30d,30,16,19.94963614403599,19.94963614403599,60000,1200,,False,budget_exhausted,0.061283831999389804
Random,ackley_30d,30,17,19.787334278495674,19.787334278495674,60000,1200,,False,budget_exhausted,0.06198921200029872
Random,ackley_30d,30,18,19.672456707939173,19.672456707939173,60000,1200,,False,budget_exhausted,0.060437798999373626
Random,ackley_30d,30,19,19.439865187997416,19.439865187997416,60000,1200,,False,budget_exhausted,0.06090476400004263
Random,ackley_30d,30,20,19.90432878744437,19.90432878744437,60000,1200,,False,budget_exhausted,0.06136486600007629
Random,ackley_30d,30,21,19.843880910352784,19.843880910352784,60000,1200,,False,budget_exhausted,0.061782492000020284
Random,ackley_30d,30,22,19.576438874385413,19.576438874385413,60000,1200,,False,budget_exhausted,0.06209716299963475
Random,ackley_30d,30,23,19.72945674502731,19.72945674502731,60000,1200,,False,budget_exhausted,0.061636784999791416
Random,ackley_30d,30,24,19.564593549542824,19.564593549542824,60000,1200,,False,budget_exhausted,0.06147384100040654
Random,ackley_30d,30,25,19.738324662173415,19.738324662173415,60000,1200,,False,budget_exhausted,0.06175284099936107
Random,ackley_30d,30,26,19.76563206852896,19.76563206852896,60000,1200,,False,budget_exhausted,0.06180513900017104
Random,ackley_30d,30,27,19.98006118305956,19.98006118305956,60000,1200,,False,budget_exhausted,0.06145721299981233
Random,ackley_30d,30,28,19.637610375149308,19.637610375149308,60000,1200,,False,budget_exhausted,0.06218861199977255
Random,ackley_30d,30,29,19.943647610980943,19.943647610980943,60000,1200,,False,budget_exhausted,0.06178684099995735
CDA (paper),griewank_10d,10,0,1.2243147848219276,1.2243147848219276,10230,38,,False,mean_gap,0.006955535000088275
CDA (paper),griewank_10d,10,1,1.710838486394664,1.710838486394664,10368,35,,False,mean_gap,0.006685256999844569
CDA (paper),griewank_10d,10,2,1.3774407665797774,1.3774407665797774,16195,42,,False,mean_gap,0.009390156999870669
CDA (paper),griewank_10d,10,3,1.7391444857987959,1.7391444857987959,5893,32,,False,mean_gap,0.004498421999414859
CDA (paper),griewank_10d,10,4,1.2630170746812395,1.2630170746812395,12961,39,,False,mean_gap,0.007929780000267783
CDA (paper),griewank_10d,10,5,2.1388736189442135,2.1388736189442135,5515,33,,False,mean_gap,0.004566644000078668
CDA (paper),griewank_10d,10,6,1.6018592769160251,1.6018592769160251,8446,42,,False,mean_gap,0.006364515000313986
CDA (paper),griewank_10d,10,7,1.4402281617703416,1.4402281617703416,5904,38,,False,mean_gap,0.005027018999498978
CDA (paper),griewank_10d,10,8,1.718026702852539,1.718026702852539,9291,31,,False,mean_gap,0.005823641000461066
CDA (paper),griewank_10d,10,9,3.77896774732602,3.77896774732602,8071,34,,False,mean_gap,0.005530803000510787
CDA (paper),griewank_10d,10,10,2.1666117420274356,2.1666117420274356,8376,36,,False,mean_gap,0.005693754000276385
CDA (paper),griewank_10d,10,11,1.1934207500839564,1.1934207500839564,13361,37,,False,mean_gap,0.00775717699980305
CDA (paper),griewank_10d,10,12,1.4456392178837216,1.4456392178837216,13411,39,,False,mean_gap,0.007966782999574207
CDA (paper),griewank_10d,10,13,1.3020144959437543,1.3020144959437543,11968,38,,False,mean_gap,0.007413976999487204
CDA (paper),griewank_10d,10,14,1.939923245958845,1.939923245958845,10862,37,,False,mean_gap,0.006744235999576631
CDA (paper),griewank_10d,10,15,1.4814572049958263,1.4814572049958263,15209,42,,False,mean_gap,0.00888910699995904
CDA (paper),griewank_10d,10,16,1.962542643083271,1.962542643083271,6999,33,,False,mean_gap,0.005079455000668531
CDA (paper),griewank_10d,10,17,1.6118927711231144,1.6118927711231144,8497,35,,False,mean_gap,0.005850087999533571
CDA (paper),griewank_10d,10,18,1.3421740650669864,1.3421740650669864,10993,36,,False,mean_gap,0.006836939000095299
CDA (paper),griewank_10d,10,19,1.4337278577098074,1.4337278577098074,10118,36,,False,mean_gap,0.006515523999951256
CDA (paper),griewank_10d,10,20,2.7806816373030463,2.7806816373030463,9026,31,,False,mean_gap,0.005621053000140819
CDA (paper),griewank_10d,10,21,1.5197116627753318,1.5197116627753318,11016,34,,False,mean_gap,0.006569987000148103
CDA (paper),griewank_10d,10,22,1.8315781220263723,1.8315781220263723,10979,30,,False,extinction,0.006483821999609063
CDA (paper),griewank_10d,10,23,1.241423999726481,1.241423999726481,10047,39,,False,mean_gap,0.0067807819996232865
CDA (paper),griewank_10d,10,24,1.4062292371009122,1.4062292371009122,11476,43,,False,mean_gap,0.007591247000164003
CDA (paper),griewank_10d,10,25,1.726191553724787,1.726191553724787,11004,33,,False,mean_gap,0.00666282299971499
CDA (paper),griewank_10d,10,26,2.678909278446229,2.678909278446229,5608,34,,False,mean_gap,0.004605144000379369
CDA (paper),griewank_10d,10,27,1.418928018902457,1.418928018902457,12590,34,,False,mean_gap,0.007336556999689492
CDA (paper),griewank_10d,10,28,2.3970569950048395,2.3970569950048395,8140,33,,False,mean_gap,0.0054603380003754864
CDA (paper),griewank_10d,10,29,1.6174446557132292,1.6174446557132292,7076,39,,False,mean_gap,0.005376421999244485
CDA (budgeted),griewank_10d,10,0,0.12373040828455384,0.12373040828455384,30000,80,,False,budget_exhausted,0.01705782899989572
CDA (budgeted),griewank_10d,10,1,0.6411361791501676,0.6411361791501676,30000,39,,False,budget_exhausted,0.0142176589997689
CDA (budgeted),griewank_10d,10,2,0.38724058344825785,0.38724058344825785,30000,41,,False,budget_exhausted,0.014647474999947008
CDA (budgeted),griewank_10d,10,3,0.6500540901968607,0.6500540901968607,30000,44,,False,budget_exhausted,0.014659772000413795
CDA (budgeted),griewank_10d,10,4,0.8787531382218133,0.8787531382218133,30000,37,,False,budget_exhausted,0.014133310999568494
CDA (budgeted),griewank_10d,10,5,0.14309659359552107,0.14309659359552107,30000,208,,False,budget_exhausted,0.024825458999657712
CDA (budgeted),griewank_10d,10,6,0.7493937817686154,0.7493937817686154,30000,36,,False,budget_exhausted,0.013949254999715777
CDA (budgeted),griewank_10d,10,7,0.8081969564402736,0.8081969564402736,30000,40,,False,budget_exhausted,0.014423680000618333
CDA (budgeted),griewank_10d,10,8,0.733798832931116,0.733798832931116,30000,44,,False,budget_exhausted,0.014668680000795575
CDA (budgeted),griewank_10d,10,9,0.533698407609019,0.533698407609019,30000,46,,False,budget_exhausted,0.014829071000349359
CDA (budgeted),griewank_10d,10,10,0.6549658442094184,0.6549658442094184,30000,40,,False,budget_exhausted,0.01436523199936346
CDA (budgeted),griewank_10d,10,11,0.9366702170580365,0.9366702170580365,30000,39,,False,budget_exhausted,0.014358153000102902
CDA (budgeted),griewank_10d,10,12,0.7002615288106895,0.7002615288106895,30000,42,,False,budget_exhausted,0.014078692999646591
CDA (budgeted),griewank_10d,10,13,0.0750416804263766,0.0750416804263766,30000,201,,False,budget_exhausted,0.02464604600027087
CDA (budgeted),griewank_10d,10,14,0.1761170255919806,0.1761170255919806,30000,198,,False,budget_exhausted,0.024077289000160818
CDA (budgeted),griewank_10d,10,15,0.834252392188467,0.834252392188467,30000,41,,False,budget_exhausted,0.014584891000595235
CDA (budgeted),griewank_10d,10,16,0.9126216247856433,0.9126216247856433,30000,38,,False,budget_exhausted,0.014340599999741244
CDA (budgeted),griewank_10d,10,17,0.6464075863238662,0.6464075863238662,30000,42,,False,budget_exhausted,0.014477458999863302
CDA (budgeted),griewank_10d,10,18,0.9777388660161574,0.9777388660161574,30000,39,,False,budget_exhausted,0.014123076000032597
CDA (budgeted),griewank_10d,10,19,0.979473331076263,0.979473331076263,30000,36,,False,budget_exhausted,0.014074765000259504
CDA (budgeted),griewank_10d,10,20,0.6887355401318724,0.6887355401318724,30000,44,,False,budget_exhausted,0.014711543999510468
CDA (budgeted),griewank_10d,10,21,0.7918007079299901,0.7918007079299901,30000,42,,False,budget_exhausted,0.014410562999728427
CDA (budgeted),griewank_10d,10,22,0.9010581307650849,0.9010581307650849,30000,37,,False,budget_exhausted,0.014092327999605914
CDA (budgeted),griewank_10d,10,23,0.2697571082179355,0.2697571082179355,30000,56,,False,budget_exhausted,0.015458165999916673
CDA (budgeted),griewank_10d,10,24,0.7803307868021366,0.7803307868021366,30000,44,,False,budget_exhausted,0.014670279000711162
CDA (budgeted),griewank_10d,10,25,0.37255627118142,0.37255627118142,30000,44,,False,budget_exhausted,0.014585431999876164
CDA (budgeted),griewank_10d,10,26,0.9874824598880106,0.9874824598880106,30000,38,,False,budget_exhausted,0.014129211999716063
CDA (budgeted),griewank_10d,10,27,0.07266889577482549,0.07266889577482549,30000,202,,False,budget_exhausted,0.024210307000430475
CDA (budgeted),griewank_10d,10,28,0.6269365412864106,0.6269365412864106,30000,42,,False,budget_exhausted,0.014656560999355861
CDA (budgeted),griewank_10d,10,29,0.5846941590834485,0.5846941590834485,30000,41,,False,budget_exhausted,0.014412077999622852
PSO,griewank_10d,10,0,0.058993241143018404,0.058993241143018404,30000,599,,False,budget_exhausted,0.026635860000169487
PSO,griewank_10d,10,1,0.031960369191587956,0.031960369191587956,30000,599,,False,budget_exhausted,0.026700403000177175
PSO,griewank_10d,10,2,0.022141438644517453,0.022141438644517453,30000,599,,False,budget_exhausted,0.02674292699975922
PSO,griewank_10d,10,3,0.07871363243831864,0.07871363243831864,30000,599,,False,budget_exhausted,0.02720558799956052
PSO,griewank_10d,10,4,0.06392381868082297,0.06392381868082297,30000,599,,False,budget_exhausted,0.02717439500065666
PSO,griewank_10d,10,5,0.041828973189515506,0.041828973189515506,30000,599,,False,budget_exhausted,0.02709265100020275
PSO,griewank_10d,10,6,0.04675882264491138,0.04675882264491138,30000,599,,False,budget_exhausted,0.027132303999678697
PSO,griewank_10d,10,7,0.0909461286489166,0.0909461286489166,30000,599,,False,budget_exhausted,0.02764874799959216
PSO,griewank_10d,10,8,0.05914868523246475,0.05914868523246475,30000,599,,False,budget_exhausted,0.02655964000041422
PSO,griewank_10d,10,9,0.07379580804222519,0.07379580804222519,30000,599,,False,budget_exhausted,0.026957942000080948
PSO,griewank_10d,10,10,0.03441336289716124,0.03441336289716124,30000,599,,False,budget_exhausted,0.02699649300029705
PSO,griewank_10d,10,11,0.08124837557330089,0.08124837557330089,30000,599,,False,budget_exhausted,0.02685549599937076
PSO,griewank_10d,10,12,0.0491784746673426,0.0491784746673426,30000,599,,False,budget_exhausted,0.02716944300027535
PSO,griewank_10d,10,13,0.04565166957719202,0.04565166957719202,30000,599,,False,budget_exhausted,0.026954408999699808
PSO,griewank_10d,10,14,0.11809110502925535,0.11809110502925535,30000,599,,False,budget_exhausted,0.027307368999572645
PSO,griewank_10d,10,15,0.07621302420694576,0.07621302420694576,30000,599,,False,budget_exhausted,0.026748688999759906
PSO,griewank_10d,10,16,0.059072491789899484,0.059072491789899484,30000,599,,False,budget_exhausted,0.02702426900032151
PSO,griewank_10d,10,17,0.0688144764809574,0.0688144764809574,30000,599,,False,budget_exhausted,0.026541612000073656
PSO,griewank_10d,10,18,0.11066564816479418,0.11066564816479418,30000,599,,False,budget_exhausted,0.027100366999547987
PSO,griewank_10d,10,19,0.09587104404914759,0.09587104404914759,30000,599,,False,budget_exhausted,0.026888251999480417
PSO,griewank_10d,10,20,0.007396040334114895,0.007396040334114895,30000,599,,False,budget_exhausted,0.02671923600064474
PSO,griewank_10d,10,21,0.03447470130394392,0.03447470130394392,30000,599,,False,budget_exhausted,0.026928192999548628
PSO,griewank_10d,10,22,0.08605057872053368,0.08605057872053368,30000,599,,False,budget_exhausted,0.026583803999528755
PSO,griewank_10d,10,23,0.06890289997118626,0.06890289997118626,30000,599,,False,budget_exhausted,0.02652317000047333
PSO,griewank_10d,10,24,0.0590037895447606,0.0590037895447606,30000,599,,False,budget_exhausted,0.027098888000182342
PSO,griewank_10d,10,25,0.007396040334114895,0.007396040334114895,30000,599,,False,budget_exhausted,0.026820733999556978
PSO,griewank_10d,10,26,0.08849713465689191,0.08849713465689191,30000,599,,False,budget_exhausted,0.02677578199927666
PSO,griewank_10d,10,27,0.10086958606576446,0.10086958606576446,30000,599,,False,budget_exhausted,0.026854650999666774
PSO,griewank_10d,10,28,0.04918819705401034,0.04918819705401034,30000,599,,False,budget_exhausted,0.027258553999672586
PSO,griewank_10d,10,29,0.0861535935331883,0.0861535935331883,30000,599,,False,budget_exhausted,0.026914803000181564
GA,griewank_10d,10,0,0.028637152516426845,0.028637152516426845,30000,599,,False,budget_exhausted,0.04473394900014682
GA,griewank_10d,10,1,0.06646711225904856,0.06646711225904856,30000,599,,False,budget_exhausted,0.04439953200017044
GA,griewank_10d,10,2,0.15827898807475893,0.15827898807475893,30000,599,,False,budget_exhausted,0.04448941600003309
GA,griewank_10d,10,3,0.057528882368898304,0.057528882368898304,30000,599,,False,budget_exhausted,0.0440591830001722
GA,griewank_10d,10,4,0.12572155080984238,0.12572155080984238,30000,599,,False,budget_exhausted,0.04405675300040457
GA,griewank_10d,10,5,0.07151301455872738,0.07151301455872738,30000,599,,False,budget_exhausted,0.043437323999569344
GA,griewank_10d,10,6,0.11789957121461103,0.11789957121461103,30000,599,,False,budget_exhausted,0.04406790300072316
GA,griewank_10d,10,7,0.10181226972410728,0.10181226972410728,30000,599,,False,budget_exhausted,0.04416168500029016
GA,griewank_10d,10,8,0.04432955260888072,0.04432955260888072,30000,599,,False,budget_exhausted,0.04388710000057472
GA,griewank_10d,10,9,0.13656557982754036,0.13656557982754036,30000,599,,False,budget_exhausted,0.0441519280002467
GA,griewank_10d,10,10,0.11022775897055792,0.11022775897055792,30000,599,,False,budget_exhausted,0.04394435700032773
GA,griewank_10d,10,11,0.07743140170350626,0.07743140170350626,30000,599,,False,budget_exhausted,0.04341829099939787
GA,griewank_10d,10,12,0.1068576674589301,0.1068576674589301,30000,599,,False,budget_exhausted,0.044079094999688095
GA,griewank_10d,10,13,0.035406010219714124,0.035406010219714124,30000,599,,False,budget_exhausted,0.04385134799940715
GA,griewank_10d,10,14,0.11720934055386123,0.11720934055386123,30000,599,,False,budget_exhausted,0.04449058399950445
GA,griewank_10d,10,15,0.08311524384732683,0.08311524384732683,30000,599,,False,budget_exhausted,0.04430500899979961
GA,griewank_10d,10,16,0.0816069118813636,0.0816069118813636,30000,599,,False,budget_exhausted,0.0438372939997862
GA,griewank_10d,10,17,0.06370047514586552,0.06370047514586552,30000,599,,False,budget_exhausted,0.04363586399995256
GA,griewank_10d,10,18,0.15513651296059772,0.15513651296059772,30000,599,,False,budget_exhausted,0.04405751199919905
GA,griewank_10d,10,19,0.09861921067512491,0.09861921067512491,30000,599,,False,budget_exhausted,0.043955287000244425
GA,griewank_10d,10,20,0.17269460668598913,0.17269460668598913,30000,599,,False,budget_exhausted,0.04454055899986997
GA,griewank_10d,10,21,0.09053445905651825,0.09053445905651825,30000,599,,False,budget_exhausted,0.043875489000129164
GA,griewank_10d,10,22,0.12081381026432347,0.12081381026432347,30000,599,,False,budget_exhausted,0.0441378719997374
GA,griewank_10d,10,23,0.05436225322292476,0.05436225322292476,30000,599,,False,budget_exhausted,0.044132888000604
GA,griewank_10d,10,24,0.1184943055554929,0.1184943055554929,30000,599,,False,budget_exhausted,0.044250001000364136
GA,griewank_10d,10,25,0.11363439738713155,0.11363439738713155,30000,599,,False,budget_exhausted,0.04370890999962285
GA,griewank_10d,10,26,0.050300853651012556,0.050300853651012556,30000,599,,False,budget_exhausted,0.043797010999696795
GA,griewank_10d,10,27,0.061911848825266014,0.061911848825266014,30000,599,,False,budget_exhausted,0.04388605500025733
GA,griewank_10d,10,28,0.061607995572521834,0.061607995572521834,30000,599,,False,budget_exhausted,0.04383317599967995
GA,griewank_10d,10,29,0.08446185619791202,0.08446185619791202,30000,599,,False,budget_exhausted,0.043977452000035555
DE,griewank_10d,10,0,0.17197482832056332,0.17197482832056332,30000,599,,False,budget_exhausted,0.046175008000318485
DE,griewank_10d,10,1,5.82332920329165e-07,5.82332920329165e-07,30000,599,27500,True,budget_exhausted,0.045385115000499354
DE,griewank_10d,10,2,0.0073964723841328794,0.0073964723841328794,30000,599,,False,budget_exhausted,0.0456421799999589
DE,griewank_10d,10,3,0.31404000372656704,0.31404000372656704,30000,599,,False,budget_exhausted,0.046173896999789577
DE,griewank_10d,10,4,0.14105330835184782,0.14105330835184782,30000,599,,False,budget_exhausted,0.04623267399983888
DE,griewank_10d,10,5,0.17209132149649753,0.17209132149649753,30000,599,,False,budget_exhausted,0.04622239200034528
DE,griewank_10d,10,6,0.2743306294960117,0.2743306294960117,30000,599,,False,budget_exhausted,0.046166535999873304
DE,griewank_10d,10,7,0.05408438748495681,0.05408438748495681,30000,599,,False,budget_exhausted,0.046270735000689456
DE,griewank_10d,10,8,0.12009506311010676,0.12009506311010676,30000,599,,False,budget_exhausted,0.045972076999532874
DE,griewank_10d,10,9,0.09698820184958368,0.09698820184958368,30000,599,,False,budget_exhausted,0.04594200300016382
DE,griewank_10d,10,10,0.2676864912527719,0.2676864912527719,30000,599,,False,budget_exhausted,0.04612269400058722
DE,griewank_10d,10,11,0.03200296002019676,0.03200296002019676,30000,599,,False,budget_exhausted,0.04589377299998887
DE,griewank_10d,10,12,0.02463706318532266,0.02463706318532266,30000,599,,False,budget_exhausted,0.045863108999583346
DE,griewank_10d,10,13,7.771561172376096e-16,7.771561172376096e-16,30000,599,16950,True,budget_exhausted,0.04511340999943059
DE,griewank_10d,10,14,0.01234507680634711,0.01234507680634711,30000,599,,False,budget_exhausted,0.04580966499997885
DE,griewank_10d,10,15,0.19353852458640652,0.19353852458640652,30000,599,,False,budget_exhausted,0.046260953999990306
DE,griewank_10d,10,16,0.08515305376084314,0.08515305376084314,30000,599,,False,budget_exhausted,0.0459645470000396
DE,griewank_10d,10,17,0.07688197926786655,0.07688197926786655,30000,599,,False,budget_exhausted,0.04605700299998716
DE,griewank_10d,10,18,0.027560980854816175,0.027560980854816175,30000,599,,False,budget_exhausted,0.04546106399993732
DE,griewank_10d,10,19,0.05197301420632028,0.05197301420632028,30000,599,,False,budget_exhausted,0.04610033199969621
DE,griewank_10d,10,20,0.14561858221324975,0.14561858221324975,30000,599,,False,budget_exhausted,0.0460573509999449
DE,griewank_10d,10,21,0.011446389517036137,0.011446389517036137,30000,599,,False,budget_exhausted,0.04584446599983494
DE,griewank_10d,10,22,0.2999949816340255,0.2999949816340255,30000,599,,False,budget_exhausted,0.04624452900043252
DE,griewank_10d,10,23,0.06334845383427401,0.06334845383427401,30000,599,,False,budget_exhausted,0.046096246000161045
DE,griewank_10d,10,24,0.0020361483793296387,0.0020361483793296387,30000,599,,False,budget_exhausted,0.045754273000056855
DE,griewank_10d,10,25,0.012316073933738458,0.012316073933738458,30000,599,,False,budget_exhausted,0.045461180000529566
DE,griewank_10d,10,26,0.024750569830319535,0.024750569830319535,30000,599,,False,budget_exhausted,0.04586149100032344
DE,griewank_10d,10,27,0.09384039130762056,0.09384039130762056,30000,599,,False,budget_exhausted,0.04569856699981756
DE,griewank_10d,10,28,0.3885124132302965,0.3885124132302965,30000,599,,False,budget_exhausted,0.04622596699937276
DE,griewank_10d,10,29,0.16134893035503994,0.16134893035503994,30000,599,,False,budget_exhausted,0.04564690099959989
Random,griewank_10d,10,0,43.14715126553089,43.14715126553089,30000,600,,False,budget_exhausted,0.019072649000008823
Random,griewank_10d,10,1,34.127378666619364,34.127378666619364,30000,600,,False,budget_exhausted,0.019320645999869157
Random,griewank_10d,10,2,33.17014195340184,33.17014195340184,30000,600,,False,budget_exhausted,0.019116497000140953
Random,griewank_10d,10,3,45.424550348257085,45.424550348257085,30000,600,,False,budget_exhausted,0.019329331999870192
Random,griewank_10d,10,4,51.697835192594,51.697835192594,30000,600,,False,budget_exhausted,0.019331581000187725
Random,griewank_10d,10,5,40.31331535932135,40.31331535932135,30000,600,,False,budget_exhausted,0.01920983600030013
Random,griewank_10d,10,6,37.045607648140326,37.045607648140326,30000,600,,False,budget_exhausted,0.019395899000301142
Random,griewank_10d,10,7,54.1110532554919,54.1110532554919,30000,600,,False,budget_exhausted,0.019412998000007065
Random,griewank_10d,10,8,44.74788658330809,44.74788658330809,30000,600,,False,budget_exhausted,0.019402676000026986
Random,griewank_10d,10,9,17.035609766052993,17.035609766052993,30000,600,,False,budget_exhausted,0.019318906999615137
Random,griewank_10d,10,10,40.585082734906784,40.585082734906784,30000,600,,False,budget_exhausted,0.019668604999424133
Random,griewank_10d,10,11,29.17557964573432,29.17557964573432,30000,600,,False,budget_exhausted,0.019173863000105484
Random,griewank_10d,10,12,29.325831731980777,29.325831731980777,30000,600,,False,budget_exhausted,0.019351962000655476
Random,griewank_10d,10,13,36.41521673790487,36.41521673790487,30000,600,,False,budget_exhausted,0.019166342000062286
Random,griewank_10d,10,14,27.312284800698578,27.312284800698578,30000,600,,False,budget_exhausted,0.019209000999580894
Random,griewank_10d,10,15,41.44979857864331,41.44979857864331,30000,600,,False,budget_exhausted,0.019286218999695848
Random,griewank_10d,10,16,37.33044425728379,37.33044425728379,30000,600,,False,budget_exhausted,0.019444590000603057
Random,griewank_10d,10,17,38.82231246611804,38.82231246611804,30000,600,,False,budget_exhausted,0.019353486999534653
Random,griewank_10d,10,18,41.13565837079431,41.13565837079431,30000,600,,False,budget_exhausted,0.019482384999719216
Random,griewank_10d,10,19,27.192295437715813,27.192295437715813,30000,600,,False,budget_exhausted,0.019291358000373293
Random,griewank_10d,10,20,23.952410463880987,23.952410463880987,30000,600,,False,budget_exhausted,0.019455954000477504
Random,griewank_10d,10,21,29.884595912469376,29.884595912469376,30000,600,,False,budget_exhausted,0.019370162999621243
Random,griewank_10d,10,22,30.75929621129893,30.75929621129893,30000,600,,False,budget_exhausted,0.01914509000016551
Random,griewank_10d,10,23,47.06630413168306,47.06630413168306,30000,600,,False,budget_exhausted,0.019077269999797863
Random,griewank_10d,10,24,38.371515352046835,38.371515352046835,30000,600,,False,budget_exhausted,0.01923354000064137
Random,griewank_10d,10,25,39.67070383138544,39.67070383138544,30000,600,,False,budget_exhausted,0.019283187999462825
Random,griewank_10d,10,26,29.013100957753288,29.013100957753288,30000,600,,False,budget_exhausted,0.019157061999976577
Random,griewank_10d,10,27,42.65192624915534,42.65192624915534,30000,600,,False,budget_exhausted,0.019468260000394366
Random,griewank_10d,10,28,41.105044889826736,41.105044889826736,30000,600,,False,budget_exhausted,0.019269559999884223
Random,griewank_10d,10,29,28.48302513331568,28.48302513331568,30000,600,,False,budget_exhausted,0.019242921999648388
CDA (paper),griewank_30d,30,0,9.866643755847981,9.866643755847981,33426,91,,False,mean_gap,0.03957782099951146
CDA (paper),griewank_30d,30,1,23.12974599638135,23.12974599638135,27320,81,,False,mean_gap,0.03222924300007435
CDA (paper),griewank_30d,30,2,8.063856960986847,8.063856960986847,32655,103,,False,mean_gap,0.03884186199957185
CDA (paper),griewank_30d,30,3,8.010472419141756,8.010472419141756,27792,97,,False,mean_gap,0.03385933400022623
CDA (paper),griewank_30d,30,4,7.536350853904777,7.536350853904777,21755,92,,False,mean_gap,0.026792886999828625
CDA (paper),griewank_30d,30,5,7.075387154913296,7.075387154913296,31930,98,,False,mean_gap,0.03781511299985141
CDA (paper),griewank_30d,30,6,14.736505680109103,14.736505680109103,21499,85,,False,mean_gap,0.026575495000543015
CDA (paper),griewank_30d,30,7,9.886859572297283,9.886859572297283,26541,90,,False,mean_gap,0.03132886099956522
CDA (paper),griewank_30d,30,8,6.198773479565508,6.198773479565508,37681,110,,False,mean_gap,0.04449959100020351
CDA (paper),griewank_30d,30,9,7.68937570286522,7.68937570286522,20575,94,,False,mean_gap,0.027652841999952216
CDA (paper),griewank_30d,30,10,11.27014401665286,11.27014401665286,28567,88,,False,mean_gap,0.03401738799948362
CDA (paper),griewank_30d,30,11,12.761836557647863,12.761836557647863,27760,92,,False,mean_gap,0.03368287200009945
CDA (paper),griewank_30d,30,12,10.09504510191038,10.09504510191038,24443,96,,False,mean_gap,0.030012340000212134
CDA (paper),griewank_30d,30,13,6.6188899061149655,6.6188899061149655,33295,102,,False,mean_gap,0.03912628899979609
CDA (paper),griewank_30d,30,14,53.37052698412222,53.37052698412222,22395,62,,False,mean_gap,0.026445122999575688
CDA (paper),griewank_30d,30,15,6.143804313283147,6.143804313283147,29184,108,,False,mean_gap,0.03599976199984667
CDA (paper),griewank_30d,30,16,9.04328686516508,9.04328686516508,31990,95,,False,mean_gap,0.03779028900044068
CDA (paper),griewank_30d,30,17,48.49662041198569,48.49662041198569,26267,61,,False,mean_gap,0.029901717999564426
CDA (paper),griewank_30d,30,18,9.498525724843454,9.498525724843454,37563,99,,False,mean_gap,0.04329360399970028
CDA (paper),griewank_30d,30,19,15.855948006602294,15.855948006602294,33947,90,,False,mean_gap,0.03910351200011064
CDA (paper),griewank_30d,30,20,6.273946774998497,6.273946774998497,27868,92,,False,mean_gap,0.03359031899981346
CDA (paper),griewank_30d,30,21,10.264047117684255,10.264047117684255,25831,87,,False,mean_gap,0.031116175000533985
CDA (paper),griewank_30d,30,22,37.64584713478764,37.64584713478764,18924,66,,False,mean_gap,0.023251046000041242
CDA (paper),griewank_30d,30,23,74.10671958657612,74.10671958657612,21212,57,,False,mean_gap,0.024970198999653803
CDA (paper),griewank_30d,30,24,17.656379420924683,17.656379420924683,34680,82,,False,mean_gap,0.03922974300076021
CDA (paper),griewank_30d,30,25,8.146880499060327,8.146880499060327,25693,96,,False,mean_gap,0.03126775300006557
CDA (paper),griewank_30d,30,26,10.18583655244745,10.18583655244745,30462,96,,False,mean_gap,0.03595494700039126
CDA (paper),griewank_30d,30,27,14.540456090252091,14.540456090252091,29275,86,,False,mean_gap,0.03409073700004228
CDA (paper),griewank_30d,30,28,3.839715480155208,3.839715480155208,33244,107,,False,mean_gap,0.03908423600023525
CDA (paper),griewank_30d,30,29,8.86147690546374,8.86147690546374,37305,103,,False,mean_gap,0.04339270699983899
CDA (budgeted),griewank_30d,30,0,2.2607498381080666,2.2607498381080666,60000,72,,False,budget_exhausted,0.06464594800036139
CDA (budgeted),griewank_30d,30,1,2.754161232996511,2.754161232996511,60000,70,,False,budget_exhausted,0.06438964999961172
CDA (budgeted),griewank_30d,30,2,1.1174879294911628,1.1174879294911628,60000,186,,False,budget_exhausted,0.07136809100029495
CDA (budgeted),griewank_30d,30,3,1.124849968061414,1.124849968061414,60000,188,,False,budget_exhausted,0.07212302300013107
CDA (budgeted),griewank_30d,30,4,1.2874892705981724,1.2874892705981724,60000,195,,False,budget_exhausted,0.07248928199987859
CDA (budgeted),griewank_30d,30,5,1.1516465654511123,1.1516465654511123,60000,196,,False,budget_exhausted,0.07295122899995476
CDA (budgeted),griewank_30d,30,6,1.1065899552744374,1.1065899552744374,60000,197,,False,budget_exhausted,0.07291922700005671
CDA (budgeted),griewank_30d,30,7,1.1033653744888368,1.1033653744888368,60000,198,,False,budget_exhausted,0.07189704499978689
CDA (budgeted),griewank_30d,30,8,1.1605111675209825,1.1605111675209825,60000,191,,False,budget_exhausted,0.07176874900051189
CDA (budgeted),griewank_30d,30,9,1.8296987623810255,1.8296987623810255,60000,81,,False,budget_exhausted,0.06654910700035543
CDA (budgeted),griewank_30d,30,10,1.1182015835794767,1.1182015835794767,60000,190,,False,budget_exhausted,0.07293222199950833
CDA (budgeted),griewank_30d,30,11,1.0852978368761008,1.0852978368761008,60000,188,,False,budget_exhausted,0.07194706399968709
CDA (budgeted),griewank_30d,30,12,1.1635473459554966,1.1635473459554966,60000,197,,False,budget_exhausted,0.07256686500022624
CDA (budgeted),griewank_30d,30,13,1.3057980935472489,1.3057980935472489,60000,126,,False,budget_exhausted,0.067360885999733
CDA (budgeted),griewank_30d,30,14,2.0654194885927524,2.0654194885927524,60000,74,,False,budget_exhausted,0.0644882790002157
CDA (budgeted),griewank_30d,30,15,1.1751664437833123,1.1751664437833123,60000,186,,False,budget_exhausted,0.07196896900040883
CDA (budgeted),griewank_30d,30,16,1.5852048402633083,1.5852048402633083,60000,97,,False,budget_exhausted,0.06679361999977118
CDA (budgeted),griewank_30d,30,17,1.145560379614001,1.145560379614001,60000,145,,False,budget_exhausted,0.06816196699946886
CDA (budgeted),griewank_30d,30,18,2.9030960344981303,2.9030960344981303,60000,72,,False,budget_exhausted,0.06483215099979134
CDA (budgeted),griewank_30d,30,19,1.1641065677711326,1.1641065677711326,60000,168,,False,budget_exhausted,0.07012741800008371
CDA (budgeted),griewank_30d,30,20,1.1697044118705178,1.1697044118705178,60000,194,,False,budget_exhausted,0.07177455800047028
CDA (budgeted),griewank_30d,30,21,1.0627086672274657,1.0627086672274657,60000,193,,False,budget_exhausted,0.07243996600027458
CDA (budgeted),griewank_30d,30,22,1.3112546361082458,1.3112546361082458,60000,126,,False,budget_exhausted,0.08553161599957093
CDA (budgeted),griewank_30d,30,23,1.4727136054471743,1.4727136054471743,60000,98,,False,budget_exhausted,0.07743737300006615
CDA (budgeted),griewank_30d,30,24,2.063376431076268,2.063376431076268,60000,81,,False,budget_exhausted,0.06799302699982945
CDA (budgeted),griewank_30d,30,25,1.2202236683878172,1.2202236683878172,60000,130,,False,budget_exhausted,0.0689708680001786
CDA (budgeted),griewank_30d,30,26,1.7222656291729477,1.7222656291729477,60000,87,,False,budget_exhausted,0.06607951899968612
CDA (budgeted),griewank_30d,30,27,1.13106996454045,1.13106996454045,60000,183,,False,budget_exhausted,0.07346094400054426
CDA (budgeted),griewank_30d,30,28,1.1639223557937792,1.1639223557937792,60000,191,,False,budget_exhausted,0.07377410900062387
CDA (budgeted),griewank_30d,30,29,1.1793059589480774,1.1793059589480774,60000,192,,False,budget_exhausted,0.07357078600034583
PSO,griewank_30d,30,0,0.007396040334115006,0.007396040334115006,60000,1199,,False,budget_exhausted,0.07290768000075332
PSO,griewank_30d,30,1,0.0,0.0,60000,1199,18600,True,budget_exhausted,0.07136512299985043
PSO,griewank_30d,30,2,0.05637662866997417,0.05637662866997417,60000,1199,,False,budget_exhausted,0.0713196999995489
PSO,griewank_30d,30,3,0.0,0.0,60000,1199,19650,True,budget_exhausted,0.07043046899980254
PSO,griewank_30d,30,4,0.009857284607820871,0.009857284607820871,60000,1199,,False,budget_exhausted,0.0719400609996228
PSO,griewank_30d,30,5,0.022141438644517453,0.022141438644517453,60000,1199,,False,budget_exhausted,0.07079359500039573
PSO,griewank_30d,30,6,0.0,0.0,60000,1199,20700,True,budget_exhausted,0.07159852700078773
PSO,griewank_30d,30,7,0.0,0.0,60000,1199,18350,True,budget_exhausted,0.07097734000035416
PSO,griewank_30d,30,8,0.014779776754825669,0.014779776754825669,60000,1199,,False,budget_exhausted,0.07136807799997769
PSO,griewank_30d,30,9,0.0,0.0,60000,1199,20100,True,budget_exhausted,0.07131448500058468
PSO,griewank_30d,30,10,0.00985728460782076,0.00985728460782076,60000,1199,,False,budget_exhausted,0.07105793800019455
PSO,griewank_30d,30,11,0.00985728460782076,0.00985728460782076,60000,1199,,False,budget_exhausted,0.07142583099994226
PSO,griewank_30d,30,12,0.01231607251926159,0.01231607251926159,60000,1199,,False,budget_exhausted,0.07191305299966189
PSO,griewank_30d,30,13,0.0,0.0,60000,1199,20150,True,budget_exhausted,0.07133421300022746
PSO,griewank_30d,30,14,0.019719489248184785,0.019719489248184785,60000,1199,,False,budget_exhausted,0.07141200700061745
PSO,griewank_30d,30,15,0.00985728460782076,0.00985728460782076,60000,1199,,False,budget_exhausted,0.07121955700040417
PSO,griewank_30d,30,16,0.0,0.0,60000,1199,20700,True,budget_exhausted,0.07070283700068103
PSO,griewank_30d,30,17,5.551115123125783e-16,5.551115123125783e-16,60000,1199,21950,True,budget_exhausted,0.07082824200006144
PSO,griewank_30d,30,18,0.014779776754825669,0.014779776754825669,60000,1199,,False,budget_exhausted,0.07130382699961046
PSO,griewank_30d,30,19,0.0,0.0,60000,1199,19200,True,budget_exhausted,0.07104365299983328
PSO,griewank_30d,30,20,0.054039809705235475,0.054039809705235475,60000,1199,,False,budget_exhausted,0.07175763299983373
PSO,griewank_30d,30,21,0.009864672061006163,0.009864672061006163,60000,1199,,False,budget_exhausted,0.07126166000034573
PSO,griewank_30d,30,22,90.47638875636301,90.47638875636301,60000,1199,,False,budget_exhausted,0.07170609499917191
PSO,griewank_30d,30,23,0.014772407722822956,0.014772407722822956,60000,1199,,False,budget_exhausted,0.07112224899992725
PSO,griewank_30d,30,24,0.0,0.0,60000,1199,18650,True,budget_exhausted,0.07045683600063057
PSO,griewank_30d,30,25,0.0,0.0,60000,1199,18750,True,budget_exhausted,0.07080036200022732
PSO,griewank_30d,30,26,0.0,0.0,60000,1199,18400,True,budget_exhausted,0.07051916000000347
PSO,griewank_30d,30,27,0.007396040334115006,0.007396040334115006,60000,1199,,False,budget_exhausted,0.0705061749995366
PSO,griewank_30d,30,28,0.0,0.0,60000,1199,18800,True,budget_exhausted,0.07082367100065312
PSO,griewank_30d,30,29,0.024590437451777247,0.024590437451777247,60000,1199,,False,budget_exhausted,0.07159275400044862
GA,griewank_30d,30,0,0.0038533383373746677,0.0038533383373746677,60000,1199,,False,budget_exhausted,0.11847548600053415
GA,griewank_30d,30,1,0.0824959321384181,0.0824959321384181,60000,1199,,False,budget_exhausted,0.11904405200039037
GA,griewank_30d,30,2,0.015496748583832098,0.015496748583832098,60000,1199,,False,budget_exhausted,0.11996463700052118
GA,griewank_30d,30,3,0.063957840521355,0.063957840521355,60000,1199,,False,budget_exhausted,0.12039591500069946
GA,griewank_30d,30,4,0.045711279735433874,0.045711279735433874,60000,1199,,False,budget_exhausted,0.12136249500053964
GA,griewank_30d,30,5,0.05352681058704556,0.05352681058704556,60000,1199,,False,budget_exhausted,0.11843533400042361
GA,griewank_30d,30,6,0.03713191175539776,0.03713191175539776,60000,1199,,False,budget_exhausted,0.11872425299952738
GA,griewank_30d,30,7,0.03149108104954268,0.03149108104954268,60000,1199,,False,budget_exhausted,0.1185167920002641
GA,griewank_30d,30,8,0.03224617837235744,0.03224617837235744,60000,1199,,False,budget_exhausted,0.11796358500032511
GA,griewank_30d,30,9,0.0210739202986322,0.0210739202986322,60000,1199,,False,budget_exhausted,0.1182003199992323
GA,griewank_30d,30,10,0.0010265834500434723,0.0010265834500434723,60000,1199,,False,budget_exhausted,0.11869398100043327
GA,griewank_30d,30,11,0.041029142633509874,0.041029142633509874,60000,1199,,False,budget_exhausted,0.11823185100001865
GA,griewank_30d,30,12,0.09895175410264012,0.09895175410264012,60000,1199,,False,budget_exhausted,0.11909057599950756
GA,griewank_30d,30,13,0.047146564620906606,0.047146564620906606,60000,1199,,False,budget_exhausted,0.11842146400067577
GA,griewank_30d,30,14,0.040172863077597265,0.040172863077597265,60000,1199,,False,budget_exhausted,0.11909287900016352
GA,griewank_30d,30,15,0.013413745613499839,0.013413745613499839,60000,1199,,False,budget_exhausted,0.11827624599936826
GA,griewank_30d,30,16,0.06213193903594605,0.06213193903594605,60000,1199,,False,budget_exhausted,0.11827779600025679
GA,griewank_30d,30,17,0.034892617053762676,0.034892617053762676,60000,1199,,False,budget_exhausted,0.11823669400018844
GA,griewank_30d,30,18,0.021520020162407394,0.021520020162407394,60000,1199,,False,budget_exhausted,0.1184269100003803
GA,griewank_30d,30,19,0.01470323372188087,0.01470323372188087,60000,1199,,False,budget_exhausted,0.11915672399936739
GA,griewank_30d,30,20,0.07613030226772233,0.07613030226772233,60000,1199,,False,budget_exhausted,0.11976006600070832
GA,griewank_30d,30,21,0.0170243064256137,0.0170243064256137,60000,1199,,False,budget_exhausted,0.11893288099963684
GA,griewank_30d,30,22,0.1079232995818914,0.1079232995818914,60000,1199,,False,budget_exhausted,0.11833165600000939
GA,griewank_30d,30,23,0.015199114607182929,0.015199114607182929,60000,1199,,False,budget_exhausted,0.11753667899938591
GA,griewank_30d,30,24,0.008284188097511969,0.008284188097511969,60000,1199,,False,budget_exhausted,0.11721989099987695
GA,griewank_30d,30,25,0.02138891773352869,0.02138891773352869,60000,1199,,False,budget_exhausted,0.11757021399989753
GA,griewank_30d,30,26,0.0016776744532610577,0.0016776744532610577,60000,1199,,False,budget_exhausted,0.11801172200011933
GA,griewank_30d,30,27,0.005221961789903751,0.005221961789903751,60000,1199,,False,budget_exhausted,0.11814528099966992
GA,griewank_30d,30,28,0.043754060372784176,0.043754060372784176,60000,1199,,False,budget_exhausted,0.11878406699997868
GA,griewank_30d,30,29,0.07232273189521299,0.07232273189521299,60000,1199,,False,budget_exhausted,0.11923669800034986
DE,griewank_30d,30,0,6.772360450213455e-15,6.772360450213455e-15,60000,1199,29000,True,budget_exhausted,0.10598010000012437
DE,griewank_30d,30,1,1.2656542480726785e-14,1.2656542480726785e-14,60000,1199,28050,True,budget_exhausted,0.10546387899921683
DE,griewank_30d,30,2,3.9745984281580604e-14,3.9745984281580604e-14,60000,1199,30700,True,budget_exhausted,0.1053360869991593
DE,griewank_30d,30,3,4.8183679268731794e-14,4.8183679268731794e-14,60000,1199,31300,True,budget_exhausted,0.10594867600048019
DE,griewank_30d,30,4,1.2989609388114332e-14,1.2989609388114332e-14,60000,1199,28050,True,budget_exhausted,0.10612503100037429
DE,griewank_30d,30,5,0.012316072519281018,0.012316072519281018,60000,1199,,False,budget_exhausted,0.10665325399986614
DE,griewank_30d,30,6,3.3306690738754696e-15,3.3306690738754696e-15,60000,1199,29250,True,budget_exhausted,0.1053942279995681
DE,griewank_30d,30,7,4.4297898682543746e-14,4.4297898682543746e-14,60000,1199,30000,True,budget_exhausted,0.10672076299943001
DE,griewank_30d,30,8,7.216449660063518e-15,7.216449660063518e-15,60000,1199,28800,True,budget_exhausted,0.10543716400025005
DE,griewank_30d,30,9,6.461498003318411e-14,6.461498003318411e-14,60000,1199,30700,True,budget_exhausted,0.1058277829997678
DE,griewank_30d,30,10,1.9984014443252818e-15,1.9984014443252818e-15,60000,1199,27350,True,budget_exhausted,0.10543975700056762
DE,griewank_30d,30,11,2.919886554764162e-14,2.919886554764162e-14,60000,1199,28500,True,budget_exhausted,0.10623481800030277
DE,griewank_30d,30,12,8.43769498715119e-15,8.43769498715119e-15,60000,1199,27600,True,budget_exhausted,0.10533055100040656
DE,griewank_30d,30,13,8.881784197001252e-16,8.881784197001252e-16,60000,1199,27750,True,budget_exhausted,0.10573871300039173
DE,griewank_30d,30,14,1.0880185641326534e-14,1.0880185641326534e-14,60000,1199,28700,True,budget_exhausted,0.10573151300013706
DE,griewank_30d,30,15,3.3306690738754696e-15,3.3306690738754696e-15,60000,1199,28100,True,budget_exhausted,0.10519961200043326
DE,griewank_30d,30,16,1.9984014443252818e-15,1.9984014443252818e-15,60000,1199,28200,True,budget_exhausted,0.1063582030001271
DE,griewank_30d,30,17,1.887379141862766e-15,1.887379141862766e-15,60000,1199,27350,True,budget_exhausted,0.1058383400004459
DE,griewank_30d,30,18,3.708144902248023e-14,3.708144902248023e-14,60000,1199,30450,True,budget_exhausted,0.10490071000003809
DE,griewank_30d,30,19,2.6645352591003757e-15,2.6645352591003757e-15,60000,1199,27250,True,budget_exhausted,0.10563885400006257
DE,griewank_30d,30,20,4.218847493575595e-15,4.218847493575595e-15,60000,1199,28150,True,budget_exhausted,0.10731469200072752
DE,griewank_30d,30,21,6.17284001691587e-14,6.17284001691587e-14,60000,1199,30050,True,budget_exhausted,0.10740695000004052
DE,griewank_30d,30,22,1.4765966227514582e-14,1.4765966227514582e-14,60000,1199,29450,True,budget_exhausted,0.10599638300027436
DE,griewank_30d,30,23,3.4083846855992306e-14,3.4083846855992306e-14,60000,1199,29650,True,budget_exhausted,0.10620769399974961
DE,griewank_30d,30,24,0.007396040334173959,0.007396040334173959,60000,1199,,False,budget_exhausted,0.10659037200002786
DE,griewank_30d,30,25,2.6645352591003757e-15,2.6645352591003757e-15,60000,1199,27600,True,budget_exhausted,0.1065329049997672
DE,griewank_30d,30,26,8.548717289613705e-15,8.548717289613705e-15,60000,1199,28500,True,budget_exhausted,0.10668088999955216
DE,griewank_30d,30,27,0.007396040334117893,0.007396040334117893,60000,1199,,False,budget_exhausted,0.10609924699929252
DE,griewank_30d,30,28,1.9984014443252818e-15,1.9984014443252818e-15,60000,1199,27700,True,budget_exhausted,0.10598110199953226
DE,griewank_30d,30,29,0.014772407722836944,0.014772407722836944,60000,1199,,False,budget_exhausted,0.10605052700066153
Random,griewank_30d,30,0,386.037797000355,386.037797000355,60000,1200,,False,budget_exhausted,0.06087591200048337
Random,griewank_30d,30,1,370.548953041834,370.548953041834,60000,1200,,False,budget_exhausted,0.06074835500021436
Random,griewank_30d,30,2,340.64374548701034,340.64374548701034,60000,1200,,False,budget_exhausted,0.06040566400042735
Random,griewank_30d,30,3,233.8243869668631,233.8243869668631,60000,1200,,False,budget_exhausted,0.060682478000671836
Random,griewank_30d,30,4,385.68869862434906,385.68869862434906,60000,1200,,False,budget_exhausted,0.06083574999956909
Random,griewank_30d,30,5,351.7214493427321,351.7214493427321,60000,1200,,False,budget_exhausted,0.060665216999950644
Random,griewank_30d,30,6,340.1329952722841,340.1329952722841,60000,1200,,False,budget_exhausted,0.06040528799985623
Random,griewank_30d,30,7,331.7682646311452,331.7682646311452,60000,1200,,False,budget_exhausted,0.060624513999755436
Random,griewank_30d,30,8,334.23828718106887,334.23828718106887,60000,1200,,False,budget_exhausted,0.06079219799994462
Random,griewank_30d,30,9,350.2820306152507,350.2820306152507,60000,1200,,False,budget_exhausted,0.060993175000476185
Random,griewank_30d,30,10,377.4519592580191,377.4519592580191,60000,1200,,False,budget_exhausted,0.06079727399992407
Random,griewank_30d,30,11,295.8942439330179,295.8942439330179,60000,1200,,False,budget_exhausted,0.06071228300061193
Random,griewank_30d,30,12,330.69243154982934,330.69243154982934,60000,1200,,False,budget_exhausted,0.06072639399917534
Random,griewank_30d,30,13,375.5427515750934,375.5427515750934,60000,1200,,False,budget_exhausted,0.061451151999790454
Random,griewank_30d,30,14,358.9954304917606,358.9954304917606,60000,1200,,False,budget_exhausted,0.06060679399979563
Random,griewank_30d,30,15,336.8770658968214,336.8770658968214,60000,1200,,False,budget_exhausted,0.06061409399990225
Random,griewank_30d,30,16,371.2562413239628,371.2562413239628,60000,1200,,False,budget_exhausted,0.06087505199957377
Random,griewank_30d,30,17,399.1993626030914,399.1993626030914,60000,1200,,False,budget_exhausted,0.06074826799977018
Random,griewank_30d,30,18,356.71662408151906,356.71662408151906,60000,1200,,False,budget_exhausted,0.060635797000031744
Random,griewank_30d,30,19,294.4521920732173,294.4521920732173,60000,1200,,False,budget_exhausted,0.060635707000074035
Random,griewank_30d,30,20,382.2007986373835,382.2007986373835,60000,1200,,False,budget_exhausted,0.06053936700027407
Random,griewank_30d,30,21,351.45209673024107,351.45209673024107,60000,1200,,False,budget_exhausted,0.06085947399969882
Random,griewank_30d,30,22,337.28364298625127,337.28364298625127,60000,1200,,False,budget_exhausted,0.06066471099984483
Random,griewank_30d,30,23,373.66173112205894,373.66173112205894,60000,1200,,False,budget_exhausted,0.060932252000384324
Random,griewank_30d,30,24,352.4641807140733,352.4641807140733,60000,1200,,False,budget_exhausted,0.060757303000173124
Random,griewank_30d,30,25,379.5070337526739,379.5070337526739,60000,1200,,False,budget_exhausted,0.0609016939997673
Random,griewank_30d,30,26,332.5073285329232,332.5073285329232,60000,1200,,False,budget_exhausted,0.061205629000141926
Random,griewank_30d,30,27,394.176374232695,394.176374232695,60000,1200,,False,budget_exhausted,0.06067738999990979
Random,griewank_30d,30,28,371.56131517290646,371.56131517290646,60000,1200,,False,budget_exhausted,0.06043932699958532
Random,griewank_30d,30,29,346.02155352902054,346.02155352902054,60000,1200,,False,budget_exhausted,0.06084425700009888
CDA (paper),schwefel_10d,10,0,1574.9770455379467,1574.9770455379467,1085,21,,False,extinction,0.001861009000094782
CDA (paper),schwefel_10d,10,1,1610.9935326515424,1610.9935326515424,1056,28,,False,extinction,0.002131844000359706
CDA (paper),schwefel_10d,10,2,1501.0388519920102,1501.0388519920102,965,16,,False,extinction,0.001357806999294553
CDA (paper),schwefel_10d,10,3,1585.5471958678795,1585.5471958678795,988,42,,False,mean_gap,0.0028603090004253318
CDA (paper),schwefel_10d,10,4,1637.649918578319,1637.649918578319,1263,45,,False,mean_gap,0.003213312000298174
CDA (paper),schwefel_10d,10,5,2138.281651782119,2138.281651782119,1341,27,,False,extinction,0.0021362379993661307
CDA (paper),schwefel_10d,10,6,1741.9948750018489,1741.9948750018489,1056,41,,False,mean_gap,0.002809429000080854
CDA (paper),schwefel_10d,10,7,1568.7539510507354,1568.7539510507354,833,11,,False,extinction,0.001005873999929463
CDA (paper),schwefel_10d,10,8,1891.6466098923756,1891.6466098923756,1622,29,,False,extinction,0.0023576900002808543
CDA (paper),schwefel_10d,10,9,1364.9507566385705,1364.9507566385705,1270,20,,False,extinction,0.0017350690004604985
CDA (paper),schwefel_10d,10,10,1935.0222036200976,1935.0222036200976,1349,43,,False,mean_gap,0.0030847340003674617
CDA (paper),schwefel_10d,10,11,1673.116607476752,1673.116607476752,2041,41,,False,mean_gap,0.00318242299999838
CDA (paper),schwefel_10d,10,12,1708.103976557777,1708.103976557777,1711,42,,False,mean_gap,0.0031345289999080705
CDA (paper),schwefel_10d,10,13,1902.993186672741,1902.993186672741,1095,40,,False,extinction,0.0027443230001154006
CDA (paper),schwefel_10d,10,14,1760.964531657718,1760.964531657718,2013,38,,False,mean_gap,0.002985744999932649
CDA (paper),schwefel_10d,10,15,1207.7551168475675,1207.7551168475675,2089,29,,False,extinction,0.0025220540001100744
CDA (paper),schwefel_10d,10,16,1313.5137785200222,1313.5137785200222,1402,31,,False,extinction,0.0023746880006001447
CDA (paper),schwefel_10d,10,17,1320.2906081997694,1320.2906081997694,1591,41,,False,mean_gap,0.003106320000370033
CDA (paper),schwefel_10d,10,18,1536.4847345156586,1536.4847345156586,1426,22,,False,extinction,0.0018881770001826226
CDA (paper),schwefel_10d,10,19,1584.241370370467,1584.241370370467,1171,36,,False,extinction,0.00252905599973019
CDA (paper),schwefel_10d,10,20,2138.843246115717,2138.843246115717,1052,28,,False,extinction,0.0020943580002494855
CDA (paper),schwefel_10d,10,21,1352.594689216568,1352.594689216568,1932,45,,False,mean_gap,0.0033428869992349064
CDA (paper),schwefel_10d,10,22,1087.5185004221476,1087.5185004221476,956,40,,False,mean_gap,0.0027609380003923434
CDA (paper),schwefel_10d,10,23,1300.4120879801044,1300.4120879801044,1217,30,,False,extinction,0.00222328300060326
CDA (paper),schwefel_10d,10,24,1825.8542167693454,1825.8542167693454,1513,39,,False,extinction,0.002845654999873659
CDA (paper),schwefel_10d,10,25,1296.074579889605,1296.074579889605,5342,43,,False,mean_gap,0.004488004999984696
CDA (paper),schwefel_10d,10,26,1703.6693009322462,1703.6693009322462,2319,37,,False,mean_gap,0.003045667999685975
CDA (paper),schwefel_10d,10,27,1737.3316897440682,1737.3316897440682,2014,41,,False,mean_gap,0.003175954999278474
CDA (paper),schwefel_10d,10,28,2122.576262116748,2122.576262116748,843,15,,False,extinction,0.0012857869996878435
CDA (paper),schwefel_10d,10,29,1514.37672441528,1514.37672441528,2180,42,,False,mean_gap,0.0033622199998717406
CDA (budgeted),schwefel_10d,10,0,635.6092601863247,635.6092601863247,30000,143,,False,budget_exhausted,0.01928650399986509
CDA (budgeted),schwefel_10d,10,1,868.6198409634362,868.6198409634362,30000,570,,False,budget_exhausted,0.042748218000269844
CDA (budgeted),schwefel_10d,10,2,959.0260501058251,959.0260501058251,30000,131,,False,budget_exhausted,0.01823501600028976
CDA (budgeted),schwefel_10d,10,3,869.1957286743504,869.1957286743504,30000,302,,False,budget_exhausted,0.02889086600043811
CDA (budgeted),schwefel_10d,10,4,1013.8655516925487,1013.8655516925487,30000,179,,False,budget_exhausted,0.02155674900041049
CDA (budgeted),schwefel_10d,10,5,1105.4408048291493,1105.4408048291493,30000,499,,False,budget_exhausted,0.03942031299993687
CDA (budgeted),schwefel_10d,10,6,1031.6082514294335,1031.6082514294335,30000,536,,False,budget_exhausted,0.04164855900035036
CDA (budgeted),schwefel_10d,10,7,1105.5536441066215,1105.5536441066215,30000,311,,False,budget_exhausted,0.029014480000114418
CDA (budgeted),schwefel_10d,10,8,651.4303158707839,651.4303158707839,30000,431,,False,budget_exhausted,0.03499832400029845
CDA (budgeted),schwefel_10d,10,9,829.0995904518554,829.0995904518554,30000,734,,False,budget_exhausted,0.052118567999968946
CDA (budgeted),schwefel_10d,10,10,1401.6167575511295,1401.6167575511295,30000,639,,False,budget_exhausted,0.04754225300075632
CDA (budgeted),schwefel_10d,10,11,1239.3534555143456,1239.3534555143456,30000,265,,False,budget_exhausted,0.025753965000149037
CDA (budgeted),schwefel_10d,10,12,829.1217722592637,829.1217722592637,30000,595,,False,budget_exhausted,0.04504560900022625
CDA (budgeted),schwefel_10d,10,13,987.0050722183832,987.0050722183832,30000,340,,False,budget_exhausted,0.030102857000201766
CDA (budgeted),schwefel_10d,10,14,973.827272438929,973.827272438929,30000,256,,False,budget_exhausted,0.02469772400036163
CDA (budgeted),schwefel_10d,10,15,690.8943649983089,690.8943649983089,30000,284,,False,budget_exhausted,0.026925871999992523
CDA (budgeted),schwefel_10d,10,16,1169.5965598302278,1169.5965598302278,30000,145,,False,budget_exhausted,0.018844693000573898
CDA (budgeted),schwefel_10d,10,17,1072.7251226849398,1072.7251226849398,30000,302,,False,budget_exhausted,0.02836611900056596
CDA (budgeted),schwefel_10d,10,18,955.5383045081294,955.5383045081294,30000,126,,False,budget_exhausted,0.017495926000265172
CDA (budgeted),schwefel_10d,10,19,832.3725203033932,832.3725203033932,30000,311,,False,budget_exhausted,0.02819783799986908
CDA (budgeted),schwefel_10d,10,20,1081.2175001212863,1081.2175001212863,30000,353,,False,budget_exhausted,0.030899331999535207
CDA (budgeted),schwefel_10d,10,21,1143.7699154883594,1143.7699154883594,30000,337,,False,budget_exhausted,0.030030121999516268
CDA (budgeted),schwefel_10d,10,22,1283.1813481967379,1283.1813481967379,30000,368,,False,budget_exhausted,0.03173355800026911
CDA (budgeted),schwefel_10d,10,23,872.3578639435077,872.3578639435077,30000,427,,False,budget_exhausted,0.035077564999483
CDA (budgeted),schwefel_10d,10,24,533.6479950501621,533.6479950501621,30000,344,,False,budget_exhausted,0.030705449000379303
CDA (budgeted),schwefel_10d,10,25,1026.506884792152,1026.506884792152,30000,426,,False,budget_exhausted,0.03459609099991212
CDA (budgeted),schwefel_10d,10,26,1049.7973661489332,1049.7973661489332,30000,341,,False,budget_exhausted,0.02988945800007059
CDA (budgeted),schwefel_10d,10,27,1144.9582017102443,1144.9582017102443,30000,273,,False,budget_exhausted,0.026103320000402164
CDA (budgeted),schwefel_10d,10,28,1008.4402018544092,1008.4402018544092,30000,328,,False,budget_exhausted,0.02958413600026688
CDA (budgeted),schwefel_10d,10,29,1144.9175311741383,1144.9175311741383,30000,466,,False,budget_exhausted,0.03744333600025129
PSO,schwefel_10d,10,0,832.1024613253899,832.1024613253899,30000,599,,False,budget_exhausted,0.02369084899964946
PSO,schwefel_10d,10,1,1308.8899188074743,1308.8899188074743,30000,599,,False,budget_exhausted,0.023789332999513135
PSO,schwefel_10d,10,2,1072.0132495785983,1072.0132495785983,30000,599,,False,budget_exhausted,0.023819037999601278
PSO,schwefel_10d,10,3,475.27039796990994,475.27039796990994,30000,599,,False,budget_exhausted,0.023202604000289284
PSO,schwefel_10d,10,4,929.286736589359,929.286736589359,30000,599,,False,budget_exhausted,0.023674477999520604
PSO,schwefel_10d,10,5,952.0578554519939,952.0578554519939,30000,599,,False,budget_exhausted,0.02375854599995364
PSO,schwefel_10d,10,6,690.8930078483172,690.8930078483172,30000,599,,False,budget_exhausted,0.023761327000102028
PSO,schwefel_10d,10,7,713.6641267109521,713.6641267109521,30000,599,,False,budget_exhausted,0.024065782999969088
PSO,schwefel_10d,10,8,810.8484019749212,810.8484019749212,30000,599,,False,budget_exhausted,0.023281622000467905
PSO,schwefel_10d,10,9,710.63000768662,710.63000768662,30000,599,,False,budget_exhausted,0.023650138999983028
PSO,schwefel_10d,10,10,713.6641267109521,713.6641267109521,30000,599,,False,budget_exhausted,0.02368378700066387
PSO,schwefel_10d,10,11,713.6641267109526,713.6641267109526,30000,599,,False,budget_exhausted,0.02387517600072897
PSO,schwefel_10d,10,12,475.2703979699104,475.2703979699104,30000,599,,False,budget_exhausted,0.02417977000004612
PSO,schwefel_10d,10,13,832.1024613253899,832.1024613253899,30000,599,,False,budget_exhausted,0.024725942000259238
PSO,schwefel_10d,10,14,592.1916730721814,592.1916730721814,30000,599,,False,budget_exhausted,0.023974748000000545
PSO,schwefel_10d,10,15,832.1024613253899,832.1024613253899,30000,599,,False,budget_exhausted,0.02368527999988146
PSO,schwefel_10d,10,16,355.31500384330593,355.31500384330593,30000,599,,False,budget_exhausted,0.023870816000453488
PSO,schwefel_10d,10,17,1072.0132495785983,1072.0132495785983,30000,599,,False,budget_exhausted,0.02361254899915366
PSO,schwefel_10d,10,18,356.8320633554722,356.8320633554722,30000,599,,False,budget_exhausted,0.023871100999713235
PSO,schwefel_10d,10,19,953.5749149641601,953.5749149641601,30000,599,,False,budget_exhausted,0.02361580500019045
PSO,schwefel_10d,10,20,236.8766692288682,236.8766692288682,30000,599,,False,budget_exhausted,0.023606854000718158
PSO,schwefel_10d,10,21,832.1024613253899,832.1024613253899,30000,599,,False,budget_exhausted,0.023790563000147813
PSO,schwefel_10d,10,22,1188.9345246808698,1188.9345246808698,30000,599,,False,budget_exhausted,0.02355175499997131
PSO,schwefel_10d,10,23,1188.9345246808698,1188.9345246808698,30000,599,,False,budget_exhausted,0.02379761599968333
PSO,schwefel_10d,10,24,830.5854018132236,830.5854018132236,30000,599,,False,budget_exhausted,0.023873127000115346
PSO,schwefel_10d,10,25,592.1916730721814,592.1916730721814,30000,599,,False,budget_exhausted,0.023918225999295828
PSO,schwefel_10d,10,26,592.1916730721814,592.1916730721814,30000,599,,False,budget_exhausted,0.02370335699924908
PSO,schwefel_10d,10,27,475.27039796990994,475.27039796990994,30000,599,,False,budget_exhausted,0.023305233000428416
PSO,schwefel_10d,10,28,475.27039796990994,475.27039796990994,30000,599,,False,budget_exhausted,0.02356169599988789
PSO,schwefel_10d,10,29,713.6641267109526,713.6641267109526,30000,599,,False,budget_exhausted,0.02361051200023212
GA,schwefel_10d,10,0,355.34553258432106,355.34553258432106,30000,599,,False,budget_exhausted,0.04163667699958751
GA,schwefel_10d,10,1,355.60423862897414,355.60423862897414,30000,599,,False,budget_exhausted,0.04081134599982761
GA,schwefel_10d,10,2,473.75564515175984,473.75564515175984,30000,599,,False,budget_exhausted,0.040832777000105125
GA,schwefel_10d,10,3,473.7657804683904,473.7657804683904,30000,599,,False,budget_exhausted,0.04084909399989556
GA,schwefel_10d,10,4,710.7487870308701,710.7487870308701,30000,599,,False,budget_exhausted,0.04073431399956462
GA,schwefel_10d,10,5,829.108672617459,829.108672617459,30000,599,,False,budget_exhausted,0.04118546799963951
GA,schwefel_10d,10,6,473.80040072078555,473.80040072078555,30000,599,,False,budget_exhausted,0.04085555199981172
GA,schwefel_10d,10,7,710.645235253075,710.645235253075,30000,599,,False,budget_exhausted,0.04100177199961763
GA,schwefel_10d,10,8,355.3355926880454,355.3355926880454,30000,599,,False,budget_exhausted,0.04100485800063325
GA,schwefel_10d,10,9,473.760009797782,473.760009797782,30000,599,,False,budget_exhausted,0.04074824300005275
GA,schwefel_10d,10,10,355.3168006998221,355.3168006998221,30000,599,,False,budget_exhausted,0.040743576999375364
GA,schwefel_10d,10,11,592.1966946232092,592.1966946232092,30000,599,,False,budget_exhausted,0.04080675400018663
GA,schwefel_10d,10,12,473.77305051313624,473.77305051313624,30000,599,,False,budget_exhausted,0.04035144399949786
GA,schwefel_10d,10,13,355.36038947294264,355.36038947294264,30000,599,,False,budget_exhausted,0.0408143860004202
GA,schwefel_10d,10,14,592.2242576914996,592.2242576914996,30000,599,,False,budget_exhausted,0.04073293300007208
GA,schwefel_10d,10,15,355.3235808696595,355.3235808696595,30000,599,,False,budget_exhausted,0.04094162599994888
GA,schwefel_10d,10,16,355.31966955589724,355.31966955589724,30000,599,,False,budget_exhausted,0.040726295999775175
GA,schwefel_10d,10,17,473.8307575903177,473.8307575903177,30000,599,,False,budget_exhausted,0.040974280000227736
GA,schwefel_10d,10,18,355.4203224337325,355.4203224337325,30000,599,,False,budget_exhausted,0.040762921000350616
GA,schwefel_10d,10,19,355.4017195978936,355.4017195978936,30000,599,,False,budget_exhausted,0.041118670999821916
GA,schwefel_10d,10,20,236.8880840250472,236.8880840250472,30000,599,,False,budget_exhausted,0.041429574999710894
GA,schwefel_10d,10,21,592.1996465521397,592.1996465521397,30000,599,,False,budget_exhausted,0.04095291800058476
GA,schwefel_10d,10,22,118.45385387614624,118.45385387614624,30000,599,,False,budget_exhausted,0.040976396000587556
GA,schwefel_10d,10,23,236.89300064574627,236.89300064574627,30000,599,,False,budget_exhausted,0.040806070000144246
GA,schwefel_10d,10,24,473.7763656257184,473.7763656257184,30000,599,,False,budget_exhausted,0.04107602299973223
GA,schwefel_10d,10,25,355.3484094347573,355.3484094347573,30000,599,,False,budget_exhausted,0.04100655199999892
GA,schwefel_10d,10,26,829.0929629457601,829.0929629457601,30000,599,,False,budget_exhausted,0.041010269000253174
GA,schwefel_10d,10,27,473.7807232033829,473.7807232033829,30000,599,,False,budget_exhausted,0.04111003799971513
GA,schwefel_10d,10,28,236.94890267395567,236.94890267395567,30000,599,,False,budget_exhausted,0.04100779700002022
GA,schwefel_10d,10,29,473.75630424073233,473.75630424073233,30000,599,,False,budget_exhausted,0.04117833799955406
DE,schwefel_10d,10,0,265.7655528538444,265.7655528538444,30000,599,,False,budget_exhausted,0.04307680900001287
DE,schwefel_10d,10,1,262.4870724710413,262.4870724710413,30000,599,,False,budget_exhausted,0.04320676900078979
DE,schwefel_10d,10,2,476.78783791176056,476.78783791176056,30000,599,,False,budget_exhausted,0.04296456199972454
DE,schwefel_10d,10,3,121.7616265226734,121.7616265226734,30000,599,,False,budget_exhausted,0.043083765000119456
DE,schwefel_10d,10,4,896.1929644910015,896.1929644910015,30000,599,,False,budget_exhausted,0.043334920999768656
DE,schwefel_10d,10,5,246.52968771762062,246.52968771762062,30000,599,,False,budget_exhausted,0.042482623000069
DE,schwefel_10d,10,6,187.82204769100508,187.82204769100508,30000,599,,False,budget_exhausted,0.04246925299958093
DE,schwefel_10d,10,7,118.44291352639084,118.44291352639084,30000,599,,False,budget_exhausted,0.04345553999974072
DE,schwefel_10d,10,8,239.83405926441355,239.83405926441355,30000,599,,False,budget_exhausted,0.0426771930005998
DE,schwefel_10d,10,9,25.588066709186023,25.588066709186023,30000,599,,False,budget_exhausted,0.04307103400060441
DE,schwefel_10d,10,10,238.39372874247738,238.39372874247738,30000,599,,False,budget_exhausted,0.04261189099997864
DE,schwefel_10d,10,11,356.8320636649969,356.8320636649969,30000,599,,False,budget_exhausted,0.04233661000034772
DE,schwefel_10d,10,12,58.189804350615304,58.189804350615304,30000,599,,False,budget_exhausted,0.042895728000075906
DE,schwefel_10d,10,13,118.43833464203362,118.43833464203362,30000,599,,False,budget_exhausted,0.04270040899973537
DE,schwefel_10d,10,14,544.6432504169461,544.6432504169461,30000,599,,False,budget_exhausted,0.04287826900053915
DE,schwefel_10d,10,15,241.63262497891446,241.63262497891446,30000,599,,False,budget_exhausted,0.042239594000420766
DE,schwefel_10d,10,16,373.31777183337135,373.31777183337135,30000,599,,False,budget_exhausted,0.042611994999788294
DE,schwefel_10d,10,17,120.03938457210643,120.03938457210643,30000,599,,False,budget_exhausted,0.04348606399980781
DE,schwefel_10d,10,18,432.33177274821765,432.33177274821765,30000,599,,False,budget_exhausted,0.04301094699985697
DE,schwefel_10d,10,19,320.32506567138216,320.32506567138216,30000,599,,False,budget_exhausted,0.043476898000335495
DE,schwefel_10d,10,20,356.88185322080517,356.88185322080517,30000,599,,False,budget_exhausted,0.042375909999464056
DE,schwefel_10d,10,21,475.2703979956814,475.2703979956814,30000,599,,False,budget_exhausted,0.0426634709992868
DE,schwefel_10d,10,22,1.420483772818443,1.420483772818443,30000,599,,False,budget_exhausted,0.04265317000044888
DE,schwefel_10d,10,23,118.43836381256142,118.43836381256142,30000,599,,False,budget_exhausted,0.04284233500038681
DE,schwefel_10d,10,24,356.8320633597764,356.8320633597764,30000,599,,False,budget_exhausted,0.042733119999866176
DE,schwefel_10d,10,25,529.3085692761892,529.3085692761892,30000,599,,False,budget_exhausted,0.042943712000123924
DE,schwefel_10d,10,26,1011.8490707652245,1011.8490707652245,30000,599,,False,budget_exhausted,0.043300008999722195
DE,schwefel_10d,10,27,354.7356054148768,354.7356054148768,30000,599,,False,budget_exhausted,0.043157335999239876
DE,schwefel_10d,10,28,514.374163247167,514.374163247167,30000,599,,False,budget_exhausted,0.0424130649998915
DE,schwefel_10d,10,29,0.2209633531556392,0.2209633531556392,30000,599,,False,budget_exhausted,0.042918680000184395
Random,schwefel_10d,10,0,1671.657085608918,1671.657085608918,30000,600,,False,budget_exhausted,0.016623548999632476
Random,schwefel_10d,10,1,1713.19544084699,1713.19544084699,30000,600,,False,budget_exhausted,0.016603531999862753
Random,schwefel_10d,10,2,1753.3864984189859,1753.3864984189859,30000,600,,False,budget_exhausted,0.016464838000501913
Random,schwefel_10d,10,3,1635.1456309935375,1635.1456309935375,30000,600,,False,budget_exhausted,0.016483782999785035
Random,schwefel_10d,10,4,1740.0030771461397,1740.0030771461397,30000,600,,False,budget_exhausted,0.01644585200028814
Random,schwefel_10d,10,5,1485.4389804825832,1485.4389804825832,30000,600,,False,budget_exhausted,0.016666135000377835
Random,schwefel_10d,10,6,2015.5972321231802,2015.5972321231802,30000,600,,False,budget_exhausted,0.016431134000413294
Random,schwefel_10d,10,7,1816.7430253167695,1816.7430253167695,30000,600,,False,budget_exhausted,0.016524987000593683
Random,schwefel_10d,10,8,1840.2714390791934,1840.2714390791934,30000,600,,False,budget_exhausted,0.016469417999360303
Random,schwefel_10d,10,9,1303.380310133909,1303.380310133909,30000,600,,False,budget_exhausted,0.016449282000394305
Random,schwefel_10d,10,10,1733.2921139852,1733.2921139852,30000,600,,False,budget_exhausted,0.01662655400014046
Random,schwefel_10d,10,11,1869.1441593010536,1869.1441593010536,30000,600,,False,budget_exhausted,0.016369805000067572
Random,schwefel_10d,10,12,1685.2298459667295,1685.2298459667295,30000,600,,False,budget_exhausted,0.016593586000453797
Random,schwefel_10d,10,13,1639.596673630453,1639.596673630453,30000,600,,False,budget_exhausted,0.01654652500019438
Random,schwefel_10d,10,14,1895.2236492581155,1895.2236492581155,30000,600,,False,budget_exhausted,0.016512999000042328
Random,schwefel_10d,10,15,1733.0718260860613,1733.0718260860613,30000,600,,False,budget_exhausted,0.016574212999330484
Random,schwefel_10d,10,16,1733.0901494766476,1733.0901494766476,30000,600,,False,budget_exhausted,0.01654109400078596
Random,schwefel_10d,10,17,1712.6630815364229,1712.6630815364229,30000,600,,False,budget_exhausted,0.016581980000410113
Random,schwefel_10d,10,18,1689.716688355666,1689.716688355666,30000,600,,False,budget_exhausted,0.016493447000357264
Random,schwefel_10d,10,19,1857.4928816106162,1857.4928816106162,30000,600,,False,budget_exhausted,0.016525218000424502
Random,schwefel_10d,10,20,1501.6330787797665,1501.6330787797665,30000,600,,False,budget_exhausted,0.0165266869998959
Random,schwefel_10d,10,21,1663.225903922214,1663.225903922214,30000,600,,False,budget_exhausted,0.016515502000402194
Random,schwefel_10d,10,22,1925.9686271656847,1925.9686271656847,30000,600,,False,budget_exhausted,0.016419298000073468
Random,schwefel_10d,10,23,1463.3501210845666,1463.3501210845666,30000,600,,False,budget_exhausted,0.01651293400027498
Random,schwefel_10d,10,24,1777.193856334749,1777.193856334749,30000,600,,False,budget_exhausted,0.016514011999788636
Random,schwefel_10d,10,25,1849.327343185188,1849.327343185188,30000,600,,False,budget_exhausted,0.016620399999737856
Random,schwefel_10d,10,26,1410.7953613882555,1410.7953613882555,30000,600,,False,budget_exhausted,0.01647545200012246
Random,schwefel_10d,10,27,1328.0252648632427,1328.0252648632427,30000,600,,False,budget_exhausted,0.016486909999912314
Random,schwefel_10d,10,28,1601.4873792501471,1601.4873792501471,30000,600,,False,budget_exhausted,0.01648717499938357
Random,schwefel_10d,10,29,1749.3853864350103,1749.3853864350103,30000,600,,False,budget_exhausted,0.016440858999885677
CDA (paper),levy_10d,10,0,5.393406556573878,5.393406556573878,5730,30,,False,extinction,0.004770055999870237
CDA (paper),levy_10d,10,1,2.699723832049627,2.699723832049627,8508,29,,False,extinction,0.005523341999833065
CDA (paper),levy_10d,10,2,5.172125982249159,5.172125982249159,6075,31,,False,mean_gap,0.0047794880001674755
CDA (paper),levy_10d,10,3,4.11946196273384,4.11946196273384,5817,25,,False,extinction,0.004085141999894404
CDA (paper),levy_10d,10,4,7.934270378289287,7.934270378289287,7361,29,,False,mean_gap,0.005020161999709671
CDA (paper),levy_10d,10,5,7.959650193076126,7.959650193076126,5564,36,,False,mean_gap,0.0046868910003468045
CDA (paper),levy_10d,10,6,5.076202027280369,5.076202027280369,8449,35,,False,mean_gap,0.005865113000254496
CDA (paper),levy_10d,10,7,4.614414873560501,4.614414873560501,7150,33,,False,mean_gap,0.005351079000320169
CDA (paper),levy_10d,10,8,3.624524011080645,3.624524011080645,7763,38,,False,mean_gap,0.005832683999869914
CDA (paper),levy_10d,10,9,2.3540455205966992,2.3540455205966992,9501,32,,False,mean_gap,0.006131149999418994
CDA (paper),levy_10d,10,10,5.018357327513287,5.018357327513287,6955,18,,False,extinction,0.003990298999269726
CDA (paper),levy_10d,10,11,0.5717627751007714,0.5717627751007714,7336,29,,False,extinction,0.004896305999864126
CDA (paper),levy_10d,10,12,6.386618729885721,6.386618729885721,8413,34,,False,mean_gap,0.005661503000737866
CDA (paper),levy_10d,10,13,3.934601894737795,3.934601894737795,8857,35,,False,mean_gap,0.006086708000111685
CDA (paper),levy_10d,10,14,6.85738525287696,6.85738525287696,6272,32,,False,mean_gap,0.004830707000110124
CDA (paper),levy_10d,10,15,3.7890678136235674,3.7890678136235674,7287,33,,False,mean_gap,0.005267496999294963
CDA (paper),levy_10d,10,16,2.4082874492287094,2.4082874492287094,7496,33,,False,mean_gap,0.005498128999533947
CDA (paper),levy_10d,10,17,6.367208504596418,6.367208504596418,6922,20,,False,extinction,0.004255724000358896
CDA (paper),levy_10d,10,18,5.175651684884264,5.175651684884264,7474,33,,False,extinction,0.005185596000046644
CDA (paper),levy_10d,10,19,0.42326274948496745,0.42326274948496745,11194,34,,False,mean_gap,0.006725786000060907
CDA (paper),levy_10d,10,20,3.1402304659452818,3.1402304659452818,7233,33,,False,mean_gap,0.005320261000633764
CDA (paper),levy_10d,10,21,2.847638188334447,2.847638188334447,5395,35,,False,mean_gap,0.004575846000079764
CDA (paper),levy_10d,10,22,2.594133575938256,2.594133575938256,7675,31,,False,mean_gap,0.005225871999755327
CDA (paper),levy_10d,10,23,6.7740870526087615,6.7740870526087615,7685,28,,False,extinction,0.00495357799991325
CDA (paper),levy_10d,10,24,1.193418790521922,1.193418790521922,8853,32,,False,mean_gap,0.0057588859999668784
CDA (paper),levy_10d,10,25,1.1371632949883987,1.1371632949883987,7285,34,,False,mean_gap,0.005318769000041357
CDA (paper),levy_10d,10,26,0.8918182239023648,0.8918182239023648,8398,34,,False,mean_gap,0.0058365260001664865
CDA (paper),levy_10d,10,27,4.830748672949377,4.830748672949377,7984,35,,False,mean_gap,0.005623160999675747
CDA (paper),levy_10d,10,28,3.724236482606859,3.724236482606859,8081,26,,False,extinction,0.005071454000244557
CDA (paper),levy_10d,10,29,1.8472033380625668,1.8472033380625668,6167,33,,False,mean_gap,0.004875448000348115
CDA (budgeted),levy_10d,10,0,0.0014193125710095377,0.0014193125710095377,30000,160,,False,budget_exhausted,0.022148115999698348
CDA (budgeted),levy_10d,10,1,1.0932895236424397e-05,1.0932895236424397e-05,30000,167,17889,True,budget_exhausted,0.023313909999160387
CDA (budgeted),levy_10d,10,2,0.0011242548004722261,0.0011242548004722261,30000,138,,False,budget_exhausted,0.020990819999497035
CDA (budgeted),levy_10d,10,3,0.09074657467097065,0.09074657467097065,30000,174,,False,budget_exhausted,0.023700367999481387
CDA (budgeted),levy_10d,10,4,0.0026886723362995967,0.0026886723362995967,30000,66,,False,budget_exhausted,0.016142714999659802
CDA (budgeted),levy_10d,10,5,0.00045000228666166773,0.00045000228666166773,30000,175,,False,budget_exhausted,0.023646567000469076
CDA (budgeted),levy_10d,10,6,0.0036310365127745917,0.0036310365127745917,30000,125,,False,budget_exhausted,0.02064087400049175
CDA (budgeted),levy_10d,10,7,0.00019891548532465915,0.00019891548532465915,30000,174,,False,budget_exhausted,0.023277049000171246
CDA (budgeted),levy_10d,10,8,0.0012249679548215636,0.0012249679548215636,30000,177,,False,budget_exhausted,0.023693458000707324
CDA (budgeted),levy_10d,10,9,0.0006848648323417964,0.0006848648323417964,30000,173,,False,budget_exhausted,0.023419293999722868
CDA (budgeted),levy_10d,10,10,0.1797531771504709,0.1797531771504709,30000,174,,False,budget_exhausted,0.023749533999762207
CDA (budgeted),levy_10d,10,11,0.0009074268276990678,0.0009074268276990678,30000,175,,False,budget_exhausted,0.023912436000500747
CDA (budgeted),levy_10d,10,12,0.4594696295297364,0.4594696295297364,30000,177,,False,budget_exhausted,0.023860465999860025
CDA (budgeted),levy_10d,10,13,0.000717031490605854,0.000717031490605854,30000,160,,False,budget_exhausted,0.02263596700049675
CDA (budgeted),levy_10d,10,14,0.0017679740135506472,0.0017679740135506472,30000,46,,False,budget_exhausted,0.014711658000123862
CDA (budgeted),levy_10d,10,15,1.7242040982273683,1.7242040982273683,30000,56,,False,budget_exhausted,0.015823458999875584
CDA (budgeted),levy_10d,10,16,0.0014185676290678468,0.0014185676290678468,30000,174,,False,budget_exhausted,0.02351123600055871
CDA (budgeted),levy_10d,10,17,0.5450010631475316,0.5450010631475316,30000,174,,False,budget_exhausted,0.023734481000246888
CDA (budgeted),levy_10d,10,18,0.0008480554197453706,0.0008480554197453706,30000,157,,False,budget_exhausted,0.02241324300030101
CDA (budgeted),levy_10d,10,19,0.03903638376290533,0.03903638376290533,30000,31,,False,budget_exhausted,0.013636772000609199
CDA (budgeted),levy_10d,10,20,0.0001001932083242497,0.0001001932083242497,30000,170,,False,budget_exhausted,0.023434414000803372
CDA (budgeted),levy_10d,10,21,0.0005054917414034666,0.0005054917414034666,30000,170,,False,budget_exhausted,0.02309625700036122
CDA (budgeted),levy_10d,10,22,0.0019499798254157153,0.0019499798254157153,30000,160,,False,budget_exhausted,0.022835290000330133
CDA (budgeted),levy_10d,10,23,0.48706379649433906,0.48706379649433906,30000,46,,False,budget_exhausted,0.014980666000155907
CDA (budgeted),levy_10d,10,24,0.008244747991728483,0.008244747991728483,30000,84,,False,budget_exhausted,0.01711115900070581
CDA (budgeted),levy_10d,10,25,0.004580743738919873,0.004580743738919873,30000,40,,False,budget_exhausted,0.013796518000162905
CDA (budgeted),levy_10d,10,26,0.0006191898666042528,0.0006191898666042528,30000,56,,False,budget_exhausted,0.015274323000085133
CDA (budgeted),levy_10d,10,27,0.546919598523026,0.546919598523026,30000,181,,False,budget_exhausted,0.02434044800065749
CDA (budgeted),levy_10d,10,28,0.08977031405418527,0.08977031405418527,30000,135,,False,budget_exhausted,0.020882378999885987
CDA (budgeted),levy_10d,10,29,0.0002339234170105182,0.0002339234170105182,30000,172,,False,budget_exhausted,0.02364595000017289
PSO,levy_10d,10,0,1.8333940529216638e-29,1.8333940529216638e-29,30000,599,6300,True,budget_exhausted,0.030098754999926314
PSO,levy_10d,10,1,4.993144285814311e-30,4.993144285814311e-30,30000,599,5550,True,budget_exhausted,0.02998064199982764
PSO,levy_10d,10,2,2.122128241318715e-31,2.122128241318715e-31,30000,599,4900,True,budget_exhausted,0.029958036000607535
PSO,levy_10d,10,3,3.202285238948245e-30,3.202285238948245e-30,30000,599,5200,True,budget_exhausted,0.030042391999813844
PSO,levy_10d,10,4,1.4997597826618576e-32,1.4997597826618576e-32,30000,599,5450,True,budget_exhausted,0.03005416599989985
PSO,levy_10d,10,5,4.206941202408242e-27,4.206941202408242e-27,30000,599,6600,True,budget_exhausted,0.03032507700027054
PSO,levy_10d,10,6,1.7513235603758046e-29,1.7513235603758046e-29,30000,599,5700,True,budget_exhausted,0.030161083999701077
PSO,levy_10d,10,7,8.688036600749655e-30,8.688036600749655e-30,30000,599,5300,True,budget_exhausted,0.030009144999894488
PSO,levy_10d,10,8,1.9335938670861654e-29,1.9335938670861654e-29,30000,599,5050,True,budget_exhausted,0.03009807800026465
PSO,levy_10d,10,9,1.4997597826618576e-32,1.4997597826618576e-32,30000,599,5150,True,budget_exhausted,0.030021696999938285
PSO,levy_10d,10,10,1.608641418387432e-30,1.608641418387432e-30,30000,599,5550,True,budget_exhausted,0.030306243999802973
PSO,levy_10d,10,11,1.608641418387432e-30,1.608641418387432e-30,30000,599,5400,True,budget_exhausted,0.03016697600014595
PSO,levy_10d,10,12,1.4997597826618576e-32,1.4997597826618576e-32,30000,599,5150,True,budget_exhausted,0.02994145499997103
PSO,levy_10d,10,13,8.038585030476304e-31,8.038585030476304e-31,30000,599,5000,True,budget_exhausted,0.03007081299983838
PSO,levy_10d,10,14,1.5775389181311021e-28,1.5775389181311021e-28,30000,599,5350,True,budget_exhausted,0.030046632999983558
PSO,levy_10d,10,15,7.611447987837049e-29,7.611447987837049e-29,30000,599,6900,True,budget_exhausted,0.030233937000048172
PSO,levy_10d,10,16,1.4865396656687648e-29,1.4865396656687648e-29,30000,599,5100,True,budget_exhausted,0.030286340000202472
PSO,levy_10d,10,17,1.0365721426412504e-29,1.0365721426412504e-29,30000,599,5250,True,budget_exhausted,0.03016367399959563
PSO,levy_10d,10,18,3.991146144169257e-30,3.991146144169257e-30,30000,599,4900,True,budget_exhausted,0.030040888999792514
PSO,levy_10d,10,19,1.608641418387432e-30,1.608641418387432e-30,30000,599,4700,True,budget_exhausted,0.03006902800007083
PSO,levy_10d,10,20,1.805856644692685e-30,1.805856644692685e-30,30000,599,5200,True,budget_exhausted,0.0301595159999124
PSO,levy_10d,10,21,3.991146144169257e-30,3.991146144169257e-30,30000,599,5550,True,budget_exhausted,0.029996372999448795
PSO,levy_10d,10,22,9.131868511813043e-29,9.131868511813043e-29,30000,599,5800,True,budget_exhausted,0.030112946999906853
PSO,levy_10d,10,23,1.4997597826618576e-32,1.4997597826618576e-32,30000,599,5600,True,budget_exhausted,0.030079149999437504
PSO,levy_10d,10,24,1.4997597826618576e-32,1.4997597826618576e-32,30000,599,4100,True,budget_exhausted,0.029918809000264446
PSO,levy_10d,10,25,1.961448409813254e-29,1.961448409813254e-29,30000,599,5600,True,budget_exhausted,0.03033850900010293
PSO,levy_10d,10,26,5.756746835420257e-29,5.756746835420257e-29,30000,599,5900,True,budget_exhausted,0.030094509999798902
PSO,levy_10d,10,27,4.993144285814311e-30,4.993144285814311e-30,30000,599,5800,True,budget_exhausted,0.030190280000169878
PSO,levy_10d,10,28,3.0491445414787436e-29,3.0491445414787436e-29,30000,599,5600,True,budget_exhausted,0.02993225399950461
PSO,levy_10d,10,29,2.122128241318715e-31,2.122128241318715e-31,30000,599,4600,True,budget_exhausted,0.030124178999358264
GA,levy_10d,10,0,4.060286179528087e-06,4.060286179528087e-06,30000,599,15750,True,budget_exhausted,0.06262679700012086
GA,levy_10d,10,1,3.082439192344661e-07,3.082439192344661e-07,30000,599,10600,True,budget_exhausted,0.04835216799983755
GA,levy_10d,10,2,9.99288420946425e-07,9.99288420946425e-07,30000,599,14600,True,budget_exhausted,0.048172411000450666
GA,levy_10d,10,3,3.279540140632989e-05,3.279540140632989e-05,30000,599,13350,True,budget_exhausted,0.04840297099963209
GA,levy_10d,10,4,2.614083308691635e-05,2.614083308691635e-05,30000,599,6300,True,budget_exhausted,0.04831970400027785
GA,levy_10d,10,5,0.0001292825341491144,0.0001292825341491144,30000,599,,False,budget_exhausted,0.047976761999962036
GA,levy_10d,10,6,2.6791399065755083e-05,2.6791399065755083e-05,30000,599,25200,True,budget_exhausted,0.048195870999734325
GA,levy_10d,10,7,0.0001624549708293764,0.0001624549708293764,30000,599,,False,budget_exhausted,0.048015344999839726
GA,levy_10d,10,8,2.6675399220268625e-10,2.6675399220268625e-10,30000,599,3050,True,budget_exhausted,0.04698854000071151
GA,levy_10d,10,9,3.967918390295369e-05,3.967918390295369e-05,30000,599,8650,True,budget_exhausted,0.04793614800018986
GA,levy_10d,10,10,2.762948110998985e-05,2.762948110998985e-05,30000,599,13150,True,budget_exhausted,0.0480924640005469
GA,levy_10d,10,11,5.545185057606481e-06,5.545185057606481e-06,30000,599,15600,True,budget_exhausted,0.04809421800018754
GA,levy_10d,10,12,0.00023309629810507913,0.00023309629810507913,30000,599,,False,budget_exhausted,0.04865250599959836
GA,levy_10d,10,13,0.00011910121303683269,0.00011910121303683269,30000,599,,False,budget_exhausted,0.04800059599983797
GA,levy_10d,10,14,3.83144509159097e-06,3.83144509159097e-06,30000,599,13500,True,budget_exhausted,0.048298249000254145
GA,levy_10d,10,15,2.1103422902240873e-05,2.1103422902240873e-05,30000,599,10800,True,budget_exhausted,0.04793436199997814
GA,levy_10d,10,16,0.00017621675052762674,0.00017621675052762674,30000,599,,False,budget_exhausted,0.048153759999877366
GA,levy_10d,10,17,9.195831295906462e-05,9.195831295906462e-05,30000,599,16750,True,budget_exhausted,0.048102821000611584
GA,levy_10d,10,18,2.5203087823565822e-05,2.5203087823565822e-05,30000,599,13100,True,budget_exhausted,0.04815398600021581
GA,levy_10d,10,19,0.00046641917589173497,0.00046641917589173497,30000,599,,False,budget_exhausted,0.04818695199992362
GA,levy_10d,10,20,7.221594059516641e-05,7.221594059516641e-05,30000,599,28350,True,budget_exhausted,0.047915575999468274
GA,levy_10d,10,21,1.290560440827567e-05,1.290560440827567e-05,30000,599,8250,True,budget_exhausted,0.048055108999506047
GA,levy_10d,10,22,2.293714747654746e-06,2.293714747654746e-06,30000,599,5850,True,budget_exhausted,0.04811288299970329
GA,levy_10d,10,23,3.834829206350936e-07,3.834829206350936e-07,30000,599,3600,True,budget_exhausted,0.04800315500051511
GA,levy_10d,10,24,2.623790271273616e-06,2.623790271273616e-06,30000,599,6400,True,budget_exhausted,0.047266438999940874
GA,levy_10d,10,25,9.243091252368483e-06,9.243091252368483e-06,30000,599,4000,True,budget_exhausted,0.04805700100041577
GA,levy_10d,10,26,0.0007540662754644496,0.0007540662754644496,30000,599,,False,budget_exhausted,0.04777261700019153
GA,levy_10d,10,27,0.0003070151126341156,0.0003070151126341156,30000,599,,False,budget_exhausted,0.04826606000005995
GA,levy_10d,10,28,0.00012204979208839235,0.00012204979208839235,30000,599,,False,budget_exhausted,0.04797279200010962
GA,levy_10d,10,29,2.3772433481291083e-05,2.3772433481291083e-05,30000,599,16800,True,budget_exhausted,0.04816284099979384
DE,levy_10d,10,0,1.2295741963850718e-24,1.2295741963850718e-24,30000,599,7100,True,budget_exhausted,0.049029880000489356
DE,levy_10d,10,1,1.1790736261596123e-24,1.1790736261596123e-24,30000,599,7750,True,budget_exhausted,0.04886390100000426
DE,levy_10d,10,2,9.070356484783723e-24,9.070356484783723e-24,30000,599,7750,True,budget_exhausted,0.04906333600047219
DE,levy_10d,10,3,1.4910765672475115e-23,1.4910765672475115e-23,30000,599,8350,True,budget_exhausted,0.04835502800051472
DE,levy_10d,10,4,1.4037567726518611e-24,1.4037567726518611e-24,30000,599,8500,True,budget_exhausted,0.048390558999926725
DE,levy_10d,10,5,2.9373288172710977e-24,2.9373288172710977e-24,30000,599,7450,True,budget_exhausted,0.048245382999994035
DE,levy_10d,10,6,2.639100189812755e-24,2.639100189812755e-24,30000,599,7400,True,budget_exhausted,0.048434723999889684
DE,levy_10d,10,7,7.419614950860762e-24,7.419614950860762e-24,30000,599,7550,True,budget_exhausted,0.0490851209997345
DE,levy_10d,10,8,1.9442829558511558e-23,1.9442829558511558e-23,30000,599,8100,True,budget_exhausted,0.04838523400030681
DE,levy_10d,10,9,1.5193488722303773e-24,1.5193488722303773e-24,30000,599,7950,True,budget_exhausted,0.04835520100004942
DE,levy_10d,10,10,8.528407522514426e-25,8.528407522514426e-25,30000,599,8000,True,budget_exhausted,0.04789417600022716
DE,levy_10d,10,11,2.174425017884092e-24,2.174425017884092e-24,30000,599,7550,True,budget_exhausted,0.04857589400035067
DE,levy_10d,10,12,3.852718036818353e-24,3.852718036818353e-24,30000,599,7300,True,budget_exhausted,0.04851901499932865
DE,levy_10d,10,13,1.130474202173513e-24,1.130474202173513e-24,30000,599,7250,True,budget_exhausted,0.04851028099983523
DE,levy_10d,10,14,3.084345405009847e-24,3.084345405009847e-24,30000,599,7500,True,budget_exhausted,0.04863827400004084
DE,levy_10d,10,15,9.329712680046755e-25,9.329712680046755e-25,30000,599,7500,True,budget_exhausted,0.04847748400061391
DE,levy_10d,10,16,1.159339143760433e-23,1.159339143760433e-23,30000,599,7800,True,budget_exhausted,0.04853303900017636
DE,levy_10d,10,17,1.1936376167905839e-24,1.1936376167905839e-24,30000,599,8050,True,budget_exhausted,0.04844959300044138
DE,levy_10d,10,18,1.418221240623557e-24,1.418221240623557e-24,30000,599,7700,True,budget_exhausted,0.048972640999636496
DE,levy_10d,10,19,2.3459547561877313e-23,2.3459547561877313e-23,30000,599,7700,True,budget_exhausted,0.048691289000089455
DE,levy_10d,10,20,3.3512543062952636e-25,3.3512543062952636e-25,30000,599,7050,True,budget_exhausted,0.04858855900056369
DE,levy_10d,10,21,4.4315193008408565e-24,4.4315193008408565e-24,30000,599,7400,True,budget_exhausted,0.048335252000470064
DE,levy_10d,10,22,9.151377121740751e-25,9.151377121740751e-25,30000,599,7300,True,budget_exhausted,0.04850601900034235
DE,levy_10d,10,23,2.3255256711909916e-25,2.3255256711909916e-25,30000,599,7550,True,budget_exhausted,0.04849902999922051
DE,levy_10d,10,24,6.263571737962593e-24,6.263571737962593e-24,30000,599,8500,True,budget_exhausted,0.048573766999652435
DE,levy_10d,10,25,3.7086014546248355e-25,3.7086014546248355e-25,30000,599,7100,True,budget_exhausted,0.04839832200013916
DE,levy_10d,10,26,2.037650158495341e-24,2.037650158495341e-24,30000,599,7350,True,budget_exhausted,0.0484967879992837
DE,levy_10d,10,27,2.0170366579372177e-24,2.0170366579372177e-24,30000,599,7650,True,budget_exhausted,0.04849787999955879
DE,levy_10d,10,28,4.111932457512764e-25,4.111932457512764e-25,30000,599,7400,True,budget_exhausted,0.04822877799961134
DE,levy_10d,10,29,3.197086485356814e-24,3.197086485356814e-24,30000,599,7750,True,budget_exhausted,0.04897324200010189
Random,levy_10d,10,0,11.100253101434049,11.100253101434049,30000,600,,False,budget_exhausted,0.02281545499954518
Random,levy_10d,10,1,5.5709891750439,5.5709891750439,30000,600,,False,budget_exhausted,0.0224310029998378
Random,levy_10d,10,2,7.093758592339814,7.093758592339814,30000,600,,False,budget_exhausted,0.02244585999960691
Random,levy_10d,10,3,9.830000557435183,9.830000557435183,30000,600,,False,budget_exhausted,0.0223571760006962
Random,levy_10d,10,4,10.61349528777754,10.61349528777754,30000,600,,False,budget_exhausted,0.0224268989995835
Random,levy_10d,10,5,12.124839602625212,12.124839602625212,30000,600,,False,budget_exhausted,0.022370450999915192
Random,levy_10d,10,6,8.472892151302085,8.472892151302085,30000,600,,False,budget_exhausted,0.022542480000083742
Random,levy_10d,10,7,6.559253953412076,6.559253953412076,30000,600,,False,budget_exhausted,0.02247678699950484
Random,levy_10d,10,8,9.362478416625201,9.362478416625201,30000,600,,False,budget_exhausted,0.022453515000051993
Random,levy_10d,10,9,6.844198175390947,6.844198175390947,30000,600,,False,budget_exhausted,0.02237566700023308
Random,levy_10d,10,10,10.50267868844891,10.50267868844891,30000,600,,False,budget_exhausted,0.02237693900042359
Random,levy_10d,10,11,9.228473917346006,9.228473917346006,30000,600,,False,budget_exhausted,0.022467042000243964
Random,levy_10d,10,12,8.826055358793525,8.826055358793525,30000,600,,False,budget_exhausted,0.022302415000012843
Random,levy_10d,10,13,8.97425228561274,8.97425228561274,30000,600,,False,budget_exhausted,0.02244479299952218
Random,levy_10d,10,14,3.757118382410212,3.757118382410212,30000,600,,False,budget_exhausted,0.022365168999385787
Random,levy_10d,10,15,8.803482801633072,8.803482801633072,30000,600,,False,budget_exhausted,0.022446392999881937
Random,levy_10d,10,16,10.20506578123622,10.20506578123622,30000,600,,False,budget_exhausted,0.02241563400002633
Random,levy_10d,10,17,9.15342812066589,9.15342812066589,30000,600,,False,budget_exhausted,0.022934323999834305
Random,levy_10d,10,18,10.765376786302964,10.765376786302964,30000,600,,False,budget_exhausted,0.02247881800030882
Random,levy_10d,10,19,6.228705126127157,6.228705126127157,30000,600,,False,budget_exhausted,0.022470795999652182
Random,levy_10d,10,20,8.35227200833408,8.35227200833408,30000,600,,False,budget_exhausted,0.02245372400011547
Random,levy_10d,10,21,9.737006730666899,9.737006730666899,30000,600,,False,budget_exhausted,0.022322410000015225
Random,levy_10d,10,22,10.400200275597243,10.400200275597243,30000,600,,False,budget_exhausted,0.022555852000550658
Random,levy_10d,10,23,8.804199869997879,8.804199869997879,30000,600,,False,budget_exhausted,0.022326375000375265
Random,levy_10d,10,24,12.853116046652888,12.853116046652888,30000,600,,False,budget_exhausted,0.022673613999359077
Random,levy_10d,10,25,9.432879595781236,9.432879595781236,30000,600,,False,budget_exhausted,0.022457881000264024
Random,levy_10d,10,26,10.890168909678277,10.890168909678277,30000,600,,False,budget_exhausted,0.022399363999284105
Random,levy_10d,10,27,5.910574068917211,5.910574068917211,30000,600,,False,budget_exhausted,0.02237413300008484
Random,levy_10d,10,28,7.495262263899385,7.495262263899385,30000,600,,False,budget_exhausted,0.022347787000398966
Random,levy_10d,10,29,6.3850754720764655,6.3850754720764655,30000,600,,False,budget_exhausted,0.02239788499991846
CDA (paper),michalewicz_2d,2,0,-1.8012954270247656,7.98307523441899e-06,273,10,254,True,extinction,0.0008658579999973881
CDA (paper),michalewicz_2d,2,1,-1.7978723725953343,0.0034310375046657793,375,23,,False,extinction,0.0015150709996305523
CDA (paper),michalewicz_2d,2,2,-1.8012939542696298,9.455830370264096e-06,529,23,428,True,mean_gap,0.0015584439997837762
CDA (paper),michalewicz_2d,2,3,-1.8013033726484649,3.7451535206400877e-08,473,12,434,True,extinction,0.0008710179999980028
CDA (paper),michalewicz_2d,2,4,-1.7840541170532818,0.017249293046718295,323,6,,False,extinction,0.0004745030000776751
CDA (paper),michalewicz_2d,2,5,-1.801277918554856,2.5491545144085137e-05,360,16,326,True,extinction,0.0011417639998398954
CDA (paper),michalewicz_2d,2,6,-1.8013034099346317,1.6536838565173184e-10,647,19,456,True,mean_gap,0.0013531759996112669
CDA (paper),michalewicz_2d,2,7,-1.790935238151636,0.010368171948364147,297,6,,False,extinction,0.0004811199996765936
CDA (paper),michalewicz_2d,2,8,-1.8013015061009692,1.903999030883341e-06,260,11,247,True,extinction,0.0007828809993952746
CDA (paper),michalewicz_2d,2,9,-1.8012272717552205,7.613834477959713e-05,347,13,339,True,extinction,0.0008839510001052986
CDA (paper),michalewicz_2d,2,10,-1.801277860406402,2.554969359813697e-05,750,29,610,True,mean_gap,0.0019391729993003537
CDA (paper),michalewicz_2d,2,11,-1.8013021452303897,1.2648696103845225e-06,785,12,554,True,extinction,0.000977164999312663
CDA (paper),michalewicz_2d,2,12,-1.8012959869942593,7.4231057407558865e-06,706,26,580,True,extinction,0.00175993999982893
CDA (paper),michalewicz_2d,2,13,-1.799815545394139,0.0014878647058611527,485,29,,False,extinction,0.0018601769997985684
CDA (paper),michalewicz_2d,2,14,-1.801298241374637,5.168725363047244e-06,257,8,251,True,extinction,0.0005763330000263522
CDA (paper),michalewicz_2d,2,15,-1.8012989153982284,4.494701771662335e-06,824,12,753,True,extinction,0.0009140849997493206
CDA (paper),michalewicz_2d,2,16,-1.8013034082472066,1.8527934741996432e-09,816,20,651,True,mean_gap,0.0014069050002945005
CDA (paper),michalewicz_2d,2,17,-1.8012945019719766,8.908128023454864e-06,775,27,619,True,mean_gap,0.0018590689996926812
CDA (paper),michalewicz_2d,2,18,-1.8011133330081588,0.00019007709184126753,528,26,,False,mean_gap,0.0017255980001209537
CDA (paper),michalewicz_2d,2,19,-1.801303409084904,1.0150960072508042e-09,302,17,253,True,extinction,0.0011348990001351922
CDA (paper),michalewicz_2d,2,20,-1.8010922153703772,0.00021119472962283226,551,29,,False,mean_gap,0.001868528000159131
CDA (paper),michalewicz_2d,2,21,-1.8012068646561719,9.654544382819985e-05,478,30,358,True,mean_gap,0.001938375999998243
CDA (paper),michalewicz_2d,2,22,-1.792664665048633,0.00863874505136697,281,9,,False,extinction,0.0006531740000355057
CDA (paper),michalewicz_2d,2,23,-1.8012684019965777,3.5008103422384806e-05,250,9,245,True,extinction,0.000626160000138043
CDA (paper),michalewicz_2d,2,24,-1.7609436427872875,0.04035976731271251,414,16,,False,extinction,0.001095696999982465
CDA (paper),michalewicz_2d,2,25,-1.8012621052572477,4.130484275233215e-05,403,14,397,True,extinction,0.0009764599999471102
CDA (paper),michalewicz_2d,2,26,-1.8012731079128956,3.0302187104425116e-05,711,25,582,True,mean_gap,0.0017633610004850198
CDA (paper),michalewicz_2d,2,27,-1.8012991546173438,4.255482656256859e-06,387,27,263,True,mean_gap,0.0017710060001263628
CDA (paper),michalewicz_2d,2,28,-1.8012748235616165,2.858653838355707e-05,501,30,366,True,mean_gap,0.001960200000212353
CDA (paper),michalewicz_2d,2,29,-1.801200737770912,0.00010267232908800494,427,16,,False,extinction,0.0010898669997914112
CDA (budgeted),michalewicz_2d,2,0,-1.80129102961225,1.2380487750096592e-05,10000,149,335,True,budget_exhausted,0.011037164999834204
CDA (budgeted),michalewicz_2d,2,1,-1.8010756199793778,0.0002277901206222399,10000,178,,False,budget_exhausted,0.012855693999881623
CDA (budgeted),michalewicz_2d,2,2,-1.8012408171722005,6.259292779953185e-05,10000,201,6847,True,budget_exhausted,0.014197051999872201
CDA (budgeted),michalewicz_2d,2,3,-1.8012766038343901,2.6806265609913282e-05,10000,130,6501,True,budget_exhausted,0.009820425999350846
CDA (budgeted),michalewicz_2d,2,4,-1.80128662868623,1.6781413770150522e-05,10000,197,5382,True,budget_exhausted,0.01387022499966406
CDA (budgeted),michalewicz_2d,2,5,-1.8012144221996982,8.898790030187342e-05,10000,172,2229,True,budget_exhausted,0.012386515999423864
CDA (budgeted),michalewicz_2d,2,6,-1.801277415044963,2.5995055036975856e-05,10000,165,121,True,budget_exhausted,0.011788982000325632
CDA (budgeted),michalewicz_2d,2,7,-1.8012749002241566,2.8509875843463206e-05,10000,159,822,True,budget_exhausted,0.011587609999878623
CDA (budgeted),michalewicz_2d,2,8,-1.8012406451982026,6.276490179746297e-05,10000,184,4997,True,budget_exhausted,0.01309655000022758
CDA (budgeted),michalewicz_2d,2,9,-1.8012838439403742,1.9566159625838964e-05,10000,159,1976,True,budget_exhausted,0.011545149000085075
CDA (budgeted),michalewicz_2d,2,10,-1.8011115440791134,0.00019186602088661076,10000,157,,False,budget_exhausted,0.0115385500002958
CDA (budgeted),michalewicz_2d,2,11,-1.8008548994467062,0.0004485106532938765,10000,157,,False,budget_exhausted,0.011458121000032406
CDA (budgeted),michalewicz_2d,2,12,-1.8012958292806556,7.580819344488177e-06,10000,192,9966,True,budget_exhausted,0.013632170999699156
CDA (budgeted),michalewicz_2d,2,13,-1.8012377149451888,6.569515481125165e-05,10000,163,1822,True,budget_exhausted,0.011830755999653775
CDA (budgeted),michalewicz_2d,2,14,-1.8012340673399754,6.934276002468209e-05,10000,185,2739,True,budget_exhausted,0.013287257000229147
CDA (budgeted),michalewicz_2d,2,15,-1.8012634936803154,3.991641968470461e-05,10000,215,5990,True,budget_exhausted,0.015018088999568135
CDA (budgeted),michalewicz_2d,2,16,-1.8012184485915634,8.496150843662065e-05,10000,114,4547,True,budget_exhausted,0.008860631000061403
CDA (budgeted),michalewicz_2d,2,17,-1.8012485145214643,5.489557853577409e-05,10000,215,2112,True,budget_exhausted,0.015096875999915937
CDA (budgeted),michalewicz_2d,2,18,-1.8011992737598064,0.00010413634019368345,10000,173,,False,budget_exhausted,0.012382197000079032
CDA (budgeted),michalewicz_2d,2,19,-1.8011010934957827,0.000202316604217323,10000,179,,False,budget_exhausted,0.012719559999823105
CDA (budgeted),michalewicz_2d,2,20,-1.801295561666544,7.848433456025816e-06,10000,197,5501,True,budget_exhausted,0.01376169899958768
CDA (budgeted),michalewicz_2d,2,21,-1.8012960171532588,7.392946741235917e-06,10000,181,2739,True,budget_exhausted,0.01295290300004126
CDA (budgeted),michalewicz_2d,2,22,-1.8011971370473698,0.00010627305263022357,10000,185,,False,budget_exhausted,0.01317736400051217
CDA (budgeted),michalewicz_2d,2,23,-1.8013000230319585,3.3870680415937215e-06,10000,188,4003,True,budget_exhausted,0.013401096000052348
CDA (budgeted),michalewicz_2d,2,24,-1.8011635233274843,0.00013988677251575155,10000,189,,False,budget_exhausted,0.01342860099975951
CDA (budgeted),michalewicz_2d,2,25,-1.8012801174537398,2.3292646260220096e-05,10000,146,5766,True,budget_exhausted,0.010925096999926609
CDA (budgeted),michalewicz_2d,2,26,-1.8012862462274584,1.716387254169227e-05,10000,153,582,True,budget_exhausted,0.01133625399961602
CDA (budgeted),michalewicz_2d,2,27,-1.8012661318758014,3.727822419863358e-05,10000,175,1065,True,budget_exhausted,0.012325472000156878
CDA (budgeted),michalewicz_2d,2,28,-1.8011850096053377,0.00011840049466238511,10000,154,,False,budget_exhausted,0.011429368000790419
CDA (budgeted),michalewicz_2d,2,29,-1.8012696513041009,3.375879589917474e-05,10000,216,3207,True,budget_exhausted,0.015188067999588384
PSO,michalewicz_2d,2,0,-1.8013034100985537,1.446398556481654e-12,10000,199,450,True,budget_exhausted,0.0074219340003764955
PSO,michalewicz_2d,2,1,-1.8013034100985534,1.446620601086579e-12,10000,199,1400,True,budget_exhausted,0.007411550999677274
PSO,michalewicz_2d,2,2,-1.8013034100985537,1.446398556481654e-12,10000,199,750,True,budget_exhausted,0.007342584999605606
PSO,michalewicz_2d,2,3,-1.8013034100985537,1.446398556481654e-12,10000,199,1100,True,budget_exhausted,0.007352354999966337
PSO,michalewicz_2d,2,4,-1.8013034100985537,1.446398556481654e-12,10000,199,1300,True,budget_exhausted,0.0073876260003089556
PSO,michalewicz_2d,2,5,-1.8013034100985537,1.446398556481654e-12,10000,199,1400,True,budget_exhausted,0.00742660000014439
PSO,michalewicz_2d,2,6,-1.8013034100985534,1.446620601086579e-12,10000,199,1500,True,budget_exhausted,0.007367109000369965
PSO,michalewicz_2d,2,7,-1.8013034100985537,1.446398556481654e-12,10000,199,1250,True,budget_exhausted,0.007437319999553438
PSO,michalewicz_2d,2,8,-1.8013034100985537,1.446398556481654e-12,10000,199,1700,True,budget_exhausted,0.0072777750001478125
PSO,michalewicz_2d,2,9,-1.8013034100985534,1.446620601086579e-12,10000,199,1550,True,budget_exhausted,0.007264276000569225
PSO,michalewicz_2d,2,10,-1.8013034100985537,1.446398556481654e-12,10000,199,1000,True,budget_exhausted,0.00732390499979374
PSO,michalewicz_2d,2,11,-1.8013034100985534,1.446620601086579e-12,10000,199,1500,True,budget_exhausted,0.007367598000200815
PSO,michalewicz_2d,2,12,-1.8013034100985537,1.446398556481654e-12,10000,199,1350,True,budget_exhausted,0.007366044000264083
PSO,michalewicz_2d,2,13,-1.8013034100985534,1.446620601086579e-12,10000,199,1000,True,budget_exhausted,0.007398216000183311
PSO,michalewicz_2d,2,14,-1.8013034100985534,1.446620601086579e-12,10000,199,1050,True,budget_exhausted,0.007416168000418111
PSO,michalewicz_2d,2,15,-1.8013034100985537,1.446398556481654e-12,10000,199,1000,True,budget_exhausted,0.007363570999586955
PSO,michalewicz_2d,2,16,-1.8013034100985537,1.446398556481654e-12,10000,199,1400,True,budget_exhausted,0.007336227999985567
PSO,michalewicz_2d,2,17,-1.8013034100985537,1.446398556481654e-12,10000,199,1550,True,budget_exhausted,0.007442350999554037
PSO,michalewicz_2d,2,18,-1.8013034100985537,1.446398556481654e-12,10000,199,1850,True,budget_exhausted,0.0074261380004827515
PSO,michalewicz_2d,2,19,-1.8013034100985537,1.446398556481654e-12,10000,199,1850,True,budget_exhausted,0.007369824999841512
PSO,michalewicz_2d,2,20,-1.8013034100985537,1.446398556481654e-12,10000,199,1300,True,budget_exhausted,0.0074233940003978205
PSO,michalewicz_2d,2,21,-1.8013034100985537,1.446398556481654e-12,10000,199,1600,True,budget_exhausted,0.007331843000429217
PSO,michalewicz_2d,2,22,-1.8013034100985534,1.446620601086579e-12,10000,199,1150,True,budget_exhausted,0.007526121999944735
PSO,michalewicz_2d,2,23,-1.8013034100985537,1.446398556481654e-12,10000,199,1400,True,budget_exhausted,0.007462704000317899
PSO,michalewicz_2d,2,24,-1.8013034100985537,1.446398556481654e-12,10000,199,300,True,budget_exhausted,0.0073586520002209
PSO,michalewicz_2d,2,25,-1.8013034100985537,1.446398556481654e-12,10000,199,1150,True,budget_exhausted,0.007489379999242374
PSO,michalewicz_2d,2,26,-1.8013034100985537,1.446398556481654e-12,10000,199,1350,True,budget_exhausted,0.007427694000398333
PSO,michalewicz_2d,2,27,-1.8013034100985534,1.446620601086579e-12,10000,199,1750,True,budget_exhausted,0.007341950999943947
PSO,michalewicz_2d,2,28,-1.8013034100985534,1.446620601086579e-12,10000,199,300,True,budget_exhausted,0.00739977600005659
PSO,michalewicz_2d,2,29,-1.8013034100985534,1.446620601086579e-12,10000,199,1300,True,budget_exhausted,0.007313500000236672
GA,michalewicz_2d,2,0,-1.8013034100985532,1.446842645691504e-12,10000,199,400,True,budget_exhausted,0.01173756800017145
GA,michalewicz_2d,2,1,-1.8013034100985534,1.446620601086579e-12,10000,199,450,True,budget_exhausted,0.011580575000152749
GA,michalewicz_2d,2,2,-1.8013034100985537,1.446398556481654e-12,10000,199,350,True,budget_exhausted,0.011617551000199455
GA,michalewicz_2d,2,3,-1.8013034100985537,1.446398556481654e-12,10000,199,450,True,budget_exhausted,0.011546106000423606
GA,michalewicz_2d,2,4,-1.8013034100985537,1.446398556481654e-12,10000,199,600,True,budget_exhausted,0.011625301000094623
GA,michalewicz_2d,2,5,-1.8013034100985534,1.446620601086579e-12,10000,199,450,True,budget_exhausted,0.011566899999706948
GA,michalewicz_2d,2,6,-1.8013034100985537,1.446398556481654e-12,10000,199,550,True,budget_exhausted,0.011634088000391785
GA,michalewicz_2d,2,7,-1.8013034097698364,3.301636741781522e-10,10000,199,700,True,budget_exhausted,0.01161430400043173
GA,michalewicz_2d,2,8,-1.8013034100985537,1.446398556481654e-12,10000,199,400,True,budget_exhausted,0.011675493999973696
GA,michalewicz_2d,2,9,-1.8013034100985534,1.446620601086579e-12,10000,199,600,True,budget_exhausted,0.011500120999698993
GA,michalewicz_2d,2,10,-1.8013034100985514,1.4486190025309043e-12,10000,199,800,True,budget_exhausted,0.011573405000490311
GA,michalewicz_2d,2,11,-1.8013034100985528,1.447286734901354e-12,10000,199,450,True,budget_exhausted,0.011560009000277205
GA,michalewicz_2d,2,12,-1.8013028234956505,5.86604349539499e-07,10000,199,550,True,budget_exhausted,0.01170031400033622
GA,michalewicz_2d,2,13,-1.8011543383463693,0.00014907175363076952,10000,199,,False,budget_exhausted,0.011606424999627052
GA,michalewicz_2d,2,14,-1.8013034100985537,1.446398556481654e-12,10000,199,550,True,budget_exhausted,0.011662732999866421
GA,michalewicz_2d,2,15,-1.8013034100985537,1.446398556481654e-12,10000,199,450,True,budget_exhausted,0.01156882899977063
GA,michalewicz_2d,2,16,-1.8013034100985537,1.446398556481654e-12,10000,199,400,True,budget_exhausted,0.011684811000122863
GA,michalewicz_2d,2,17,-1.8013034100985537,1.446398556481654e-12,10000,199,500,True,budget_exhausted,0.011638418999609712
GA,michalewicz_2d,2,18,-1.8013034100985534,1.446620601086579e-12,10000,199,500,True,budget_exhausted,0.011581024999941292
GA,michalewicz_2d,2,19,-1.8013034100985534,1.446620601086579e-12,10000,199,500,True,budget_exhausted,0.011530019999554497
GA,michalewicz_2d,2,20,-1.8013034100985534,1.446620601086579e-12,10000,199,350,True,budget_exhausted,0.011591366999709862
GA,michalewicz_2d,2,21,-1.8013034002820074,9.817992641103501e-09,10000,199,2100,True,budget_exhausted,0.011936296000385482
GA,michalewicz_2d,2,22,-1.8013034100971954,2.8046454048080705e-12,10000,199,450,True,budget_exhausted,0.011584356000639673
GA,michalewicz_2d,2,23,-1.8013034100985537,1.446398556481654e-12,10000,199,450,True,budget_exhausted,0.011563749999368156
GA,michalewicz_2d,2,24,-1.8013034100985537,1.446398556481654e-12,10000,199,700,True,budget_exhausted,0.011579362000702531
GA,michalewicz_2d,2,25,-1.8013034100985534,1.446620601086579e-12,10000,199,450,True,budget_exhausted,0.011655041999802052
GA,michalewicz_2d,2,26,-1.8013034100985534,1.446620601086579e-12,10000,199,550,True,budget_exhausted,0.011644143999546941
GA,michalewicz_2d,2,27,-1.8013034100985537,1.446398556481654e-12,10000,199,200,True,budget_exhausted,0.011432831999627524
GA,michalewicz_2d,2,28,-1.8013034100985537,1.446398556481654e-12,10000,199,300,True,budget_exhausted,0.011477333000584622
GA,michalewicz_2d,2,29,-1.8013034100985537,1.446398556481654e-12,10000,199,650,True,budget_exhausted,0.011548698999831686
DE,michalewicz_2d,2,0,-1.8013034100985537,1.446398556481654e-12,10000,199,1100,True,budget_exhausted,0.01374710199979745
DE,michalewicz_2d,2,1,-1.8013034100985537,1.446398556481654e-12,10000,199,1050,True,budget_exhausted,0.013646559999870078
DE,michalewicz_2d,2,2,-1.8013034100985537,1.446398556481654e-12,10000,199,1150,True,budget_exhausted,0.013342846999876201
DE,michalewicz_2d,2,3,-1.8013034100985537,1.446398556481654e-12,10000,199,1200,True,budget_exhausted,0.013203960999817355
DE,michalewicz_2d,2,4,-1.8013034100985537,1.446398556481654e-12,10000,199,1300,True,budget_exhausted,0.013791002000289154
DE,michalewicz_2d,2,5,-1.8013034100985537,1.446398556481654e-12,10000,199,1000,True,budget_exhausted,0.013318618000084825
DE,michalewicz_2d,2,6,-1.8013034100985537,1.446398556481654e-12,10000,199,1400,True,budget_exhausted,0.013541917000111425
DE,michalewicz_2d,2,7,-1.8013034100985537,1.446398556481654e-12,10000,199,1100,True,budget_exhausted,0.013462244999573159
DE,michalewicz_2d,2,8,-1.8013034100985537,1.446398556481654e-12,10000,199,950,True,budget_exhausted,0.013768718999926932
DE,michalewicz_2d,2,9,-1.8013034100985537,1.446398556481654e-12,10000,199,1050,True,budget_exhausted,0.01359587100068893
DE,michalewicz_2d,2,10,-1.8013034100985537,1.446398556481654e-12,10000,199,1200,True,budget_exhausted,0.013667293000253267
DE,michalewicz_2d,2,11,-1.8013034100985537,1.446398556481654e-12,10000,199,1150,True,budget_exhausted,0.013752529000157665
DE,michalewicz_2d,2,12,-1.8013034100985537,1.446398556481654e-12,10000,199,1200,True,budget_exhausted,0.013676551000571635
DE,michalewicz_2d,2,13,-1.8013034100985537,1.446398556481654e-12,10000,199,1200,True,budget_exhausted,0.013590563000434486
DE,michalewicz_2d,2,14,-1.8013034100985537,1.446398556481654e-12,10000,199,1050,True,budget_exhausted,0.013566354000431602
DE,michalewicz_2d,2,15,-1.8013034100985537,1.446398556481654e-12,10000,199,1250,True,budget_exhausted,0.01368704800006526
DE,michalewicz_2d,2,16,-1.8013034100985537,1.446398556481654e-12,10000,199,950,True,budget_exhausted,0.013778536000245367
DE,michalewicz_2d,2,17,-1.8013034100985537,1.446398556481654e-12,10000,199,1300,True,budget_exhausted,0.013598952000393183
DE,michalewicz_2d,2,18,-1.8013034100985537,1.446398556481654e-12,10000,199,1150,True,budget_exhausted,0.013665133000358765
DE,michalewicz_2d,2,19,-1.8013034100985537,1.446398556481654e-12,10000,199,900,True,budget_exhausted,0.013679976999810606
DE,michalewicz_2d,2,20,-1.8013034100985537,1.446398556481654e-12,10000,199,1200,True,budget_exhausted,0.013726897000196914
DE,michalewicz_2d,2,21,-1.8013034100985537,1.446398556481654e-12,10000,199,1200,True,budget_exhausted,0.013435105000098702
DE,michalewicz_2d,2,22,-1.8013034100985537,1.446398556481654e-12,10000,199,1200,True,budget_exhausted,0.013301404000230832
DE,michalewicz_2d,2,23,-1.8013034100985537,1.446398556481654e-12,10000,199,1100,True,budget_exhausted,0.013578165000581066
DE,michalewicz_2d,2,24,-1.8013034100985537,1.446398556481654e-12,10000,199,1300,True,budget_exhausted,0.013645600000018021
DE,michalewicz_2d,2,25,-1.8013034100985537,1.446398556481654e-12,10000,199,1100,True,budget_exhausted,0.013646184999743127
DE,michalewicz_2d,2,26,-1.8013034100985537,1.446398556481654e-12,10000,199,1150,True,budget_exhausted,0.013628583999889088
DE,michalewicz_2d,2,27,-1.8013034100985537,1.446398556481654e-12,10000,199,1200,True,budget_exhausted,0.013738583999838738
DE,michalewicz_2d,2,28,-1.8013034100985537,1.446398556481654e-12,10000,199,1050,True,budget_exhausted,0.014750344999811205
DE,michalewicz_2d,2,29,-1.8013034100985537,1.446398556481654e-12,10000,199,1400,True,budget_exhausted,0.014551025000400841
Random,michalewicz_2d,2,0,-1.786551549327866,0.014751860772133973,10000,200,,False,budget_exhausted,0.005136897000738827
Random,michalewicz_2d,2,1,-1.7803627405071114,0.02094066959288865,10000,200,,False,budget_exhausted,0.004939927000123134
Random,michalewicz_2d,2,2,-1.7992635364371226,0.0020398736628775005,10000,200,,False,budget_exhausted,0.0048723449999670265
Random,michalewicz_2d,2,3,-1.7934220254186228,0.007881384681377224,10000,200,,False,budget_exhausted,0.00482860800002527
Random,michalewicz_2d,2,4,-1.780323592892938,0.0209798172070621,10000,200,,False,budget_exhausted,0.00483655700008967
Random,michalewicz_2d,2,5,-1.7952132767728424,0.006090133327157687,10000,200,,False,budget_exhausted,0.004827745999136823
Random,michalewicz_2d,2,6,-1.7977224751357124,0.0035809349642876853,10000,200,,False,budget_exhausted,0.004852666999795474
Random,michalewicz_2d,2,7,-1.800420125846734,0.0008832842532660035,10000,200,,False,budget_exhausted,0.0048109570007
Random,michalewicz_2d,2,8,-1.7949845449793376,0.006318865120662487,10000,200,,False,budget_exhausted,0.004861491000156093
Random,michalewicz_2d,2,9,-1.7915010805728282,0.00980232952717186,10000,200,,False,budget_exhausted,0.004774879999786208
Random,michalewicz_2d,2,10,-1.800038262175303,0.0012651479246970077,10000,200,,False,budget_exhausted,0.004978113999641209
Random,michalewicz_2d,2,11,-1.7987958703321902,0.002507539767809819,10000,200,,False,budget_exhausted,0.004767806000018027
Random,michalewicz_2d,2,12,-1.800528130054298,0.0007752800457021536,10000,200,,False,budget_exhausted,0.004846073999942746
Random,michalewicz_2d,2,13,-1.7989824677434396,0.0023209423565604403,10000,200,,False,budget_exhausted,0.00475611299953016
Random,michalewicz_2d,2,14,-1.7849006163800532,0.016402793719946906,10000,200,,False,budget_exhausted,0.00489474300047732
Random,michalewicz_2d,2,15,-1.7974614761171208,0.003841933982879242,10000,200,,False,budget_exhausted,0.004778161999638542
Random,michalewicz_2d,2,16,-1.7794626005579617,0.021840809542038375,10000,200,,False,budget_exhausted,0.004978531000233488
Random,michalewicz_2d,2,17,-1.7888781041625608,0.01242530593743929,10000,200,,False,budget_exhausted,0.0048301830001946655
Random,michalewicz_2d,2,18,-1.7904149513925172,0.010888458707482895,10000,200,,False,budget_exhausted,0.004780913000104192
Random,michalewicz_2d,2,19,-1.7990872470967068,0.0022161630032933033,10000,200,,False,budget_exhausted,0.004735563999929582
Random,michalewicz_2d,2,20,-1.7890503454106472,0.012253064689352833,10000,200,,False,budget_exhausted,0.004770603999531886
Random,michalewicz_2d,2,21,-1.7864848006049485,0.014818609495051538,10000,200,,False,budget_exhausted,0.004711094999947818
Random,michalewicz_2d,2,22,-1.800266315041951,0.0010370950580491645,10000,200,,False,budget_exhausted,0.004772590000357013
Random,michalewicz_2d,2,23,-1.7831477398732098,0.01815567022679021,10000,200,,False,budget_exhausted,0.004803459999493498
Random,michalewicz_2d,2,24,-1.7980972680857867,0.00320614201421332,10000,200,,False,budget_exhausted,0.0048824420000528335
Random,michalewicz_2d,2,25,-1.788045275796986,0.013258134303014035,10000,200,,False,budget_exhausted,0.004776220000167086
Random,michalewicz_2d,2,26,-1.7979402654635188,0.003363144636481241,10000,200,,False,budget_exhausted,0.00484328699985781
Random,michalewicz_2d,2,27,-1.8003906667022131,0.0009127433977869082,10000,200,,False,budget_exhausted,0.00481105699964246
Random,michalewicz_2d,2,28,-1.7885842342477114,0.012719175852288656,10000,200,,False,budget_exhausted,0.004830261999813956
Random,michalewicz_2d,2,29,-1.7988096938406086,0.002493716259391432,10000,200,,False,budget_exhausted,0.004835547999391565
CDA (paper),michalewicz_10d,10,0,-5.183152782149427,4.476998917850573,487,10,,False,extinction,0.0011488949994600262
CDA (paper),michalewicz_10d,10,1,-5.221069860820178,4.439081839179822,687,32,,False,mean_gap,0.002418092999505461
CDA (paper),michalewicz_10d,10,2,-4.915072706318062,4.745078993681938,433,18,,False,extinction,0.0014598970001316047
CDA (paper),michalewicz_10d,10,3,-5.252618679564616,4.407533020435384,369,7,,False,extinction,0.0007073789993228274
CDA (paper),michalewicz_10d,10,4,-4.877005092463812,4.783146607536188,532,23,,False,extinction,0.0017502749997220235
CDA (paper),michalewicz_10d,10,5,-4.79081632115585,4.86933537884415,603,28,,False,extinction,0.0021391569998741033
CDA (paper),michalewicz_10d,10,6,-4.203335988125833,5.456815711874167,551,33,,False,mean_gap,0.00243031200079713
CDA (paper),michalewicz_10d,10,7,-4.537636199617232,5.122515500382768,356,11,,False,extinction,0.0009261479999622679
CDA (paper),michalewicz_10d,10,8,-6.824355465735151,2.8357962342648495,770,36,,False,mean_gap,0.0026643969995348016
CDA (paper),michalewicz_10d,10,9,-5.131374900291426,4.528776799708574,992,35,,False,mean_gap,0.0027272060005998355
CDA (paper),michalewicz_10d,10,10,-4.483599146244222,5.176552553755778,485,20,,False,extinction,0.001541990999612608
CDA (paper),michalewicz_10d,10,11,-6.711881311853892,2.948270388146108,1014,35,,False,extinction,0.0026606040000842768
CDA (paper),michalewicz_10d,10,12,-5.100513827360626,4.5596378726393745,465,21,,False,extinction,0.001578420000441838
CDA (paper),michalewicz_10d,10,13,-4.852639658410053,4.8075120415899475,720,32,,False,mean_gap,0.0024160680004570168
CDA (paper),michalewicz_10d,10,14,-5.117975625960797,4.542176074039203,818,34,,False,mean_gap,0.0026139319998037536
CDA (paper),michalewicz_10d,10,15,-5.154371830049934,4.505779869950066,554,19,,False,extinction,0.001547197000036249
CDA (paper),michalewicz_10d,10,16,-5.18699498252085,4.47315671747915,314,7,,False,extinction,0.0006759699999747681
CDA (paper),michalewicz_10d,10,17,-4.760873288550219,4.899278411449781,661,36,,False,mean_gap,0.0025356260002808995
CDA (paper),michalewicz_10d,10,18,-6.504776125820053,3.1553755741799474,839,34,,False,mean_gap,0.0025945940005840384
CDA (paper),michalewicz_10d,10,19,-5.821294310816942,3.838857389183058,403,10,,False,extinction,0.0009718739993331837
CDA (paper),michalewicz_10d,10,20,-5.328610982560558,4.3315407174394425,764,38,,False,mean_gap,0.0028110610001021996
CDA (paper),michalewicz_10d,10,21,-6.287550440152743,3.372601259847257,557,22,,False,extinction,0.0016926570006035035
CDA (paper),michalewicz_10d,10,22,-4.487220932873054,5.172930767126946,379,8,,False,extinction,0.0008003579996511689
CDA (paper),michalewicz_10d,10,23,-5.345637960045299,4.314513739954701,490,18,,False,extinction,0.001459961999898951
CDA (paper),michalewicz_10d,10,24,-6.116751292584675,3.5434004074153247,691,39,,False,mean_gap,0.002783506000014313
CDA (paper),michalewicz_10d,10,25,-4.614949503987868,5.0452021960121325,671,34,,False,mean_gap,0.002479939999830094
CDA (paper),michalewicz_10d,10,26,-5.455598673479667,4.204553026520333,610,32,,False,mean_gap,0.0023427539999829605
CDA (paper),michalewicz_10d,10,27,-5.154696281022692,4.505455418977308,633,36,,False,mean_gap,0.002673560999937763
CDA (paper),michalewicz_10d,10,28,-5.585132115034774,4.075019584965226,608,38,,False,mean_gap,0.002715777000048547
CDA (paper),michalewicz_10d,10,29,-5.073812690918337,4.586339009081663,654,27,,False,extinction,0.002103374999933294
CDA (budgeted),michalewicz_10d,10,0,-6.92165149378196,2.73850020621804,30000,492,,False,budget_exhausted,0.0476413809992664
CDA (budgeted),michalewicz_10d,10,1,-7.7235066884229,1.9366450115771006,30000,481,,False,budget_exhausted,0.04692007100038609
CDA (budgeted),michalewicz_10d,10,2,-7.203561727043359,2.4565899729566407,30000,488,,False,budget_exhausted,0.04759474200000113
CDA (budgeted),michalewicz_10d,10,3,-7.95816268316114,1.7019890168388603,30000,704,,False,budget_exhausted,0.06012057499992807
CDA (budgeted),michalewicz_10d,10,4,-8.134623575904538,1.5255281240954623,30000,803,,False,budget_exhausted,0.06539517900000646
CDA (budgeted),michalewicz_10d,10,5,-7.76366423717491,1.8964874628250898,30000,505,,False,budget_exhausted,0.04823555699931603
CDA (budgeted),michalewicz_10d,10,6,-7.279691169938872,2.3804605300611277,30000,662,,False,budget_exhausted,0.05726414200034924
CDA (budgeted),michalewicz_10d,10,7,-7.291256352743674,2.368895347256326,30000,479,,False,budget_exhausted,0.046717374999388994
CDA (budgeted),michalewicz_10d,10,8,-7.824325242055193,1.8358264579448074,30000,549,,False,budget_exhausted,0.05144646900043881
CDA (budgeted),michalewicz_10d,10,9,-7.749576536780894,1.9105751632191064,30000,642,,False,budget_exhausted,0.05650770700049179
CDA (budgeted),michalewicz_10d,10,10,-7.477132639980245,2.183019060019755,30000,659,,False,budget_exhausted,0.057031576000554196
CDA (budgeted),michalewicz_10d,10,11,-7.805455661692323,1.8546960383076767,30000,553,,False,budget_exhausted,0.050932600000123784
CDA (budgeted),michalewicz_10d,10,12,-8.096633408409492,1.5635182915905084,30000,447,,False,budget_exhausted,0.044585728000129166
CDA (budgeted),michalewicz_10d,10,13,-7.896813072503161,1.7633386274968395,30000,497,,False,budget_exhausted,0.04776902000048722
CDA (budgeted),michalewicz_10d,10,14,-8.036913294270118,1.6232384057298823,30000,514,,False,budget_exhausted,0.04884246900019207
CDA (budgeted),michalewicz_10d,10,15,-7.979099863999249,1.6810518360007514,30000,552,,False,budget_exhausted,0.051525414000025194
CDA (budgeted),michalewicz_10d,10,16,-7.722644577120333,1.9375071228796674,30000,686,,False,budget_exhausted,0.05921574700005294
CDA (budgeted),michalewicz_10d,10,17,-7.450993752737144,2.209157947262856,30000,768,,False,budget_exhausted,0.0634532220001347
CDA (budgeted),michalewicz_10d,10,18,-8.113214798005142,1.546936901994858,30000,524,,False,budget_exhausted,0.04895859699990979
CDA (budgeted),michalewicz_10d,10,19,-8.217022516773403,1.4431291832265973,30000,561,,False,budget_exhausted,0.05177084899969486
CDA (budgeted),michalewicz_10d,10,20,-7.142084707698373,2.518066992301627,30000,587,,False,budget_exhausted,0.052701493999848026
CDA (budgeted),michalewicz_10d,10,21,-7.0992085913471294,2.5609431086528707,30000,684,,False,budget_exhausted,0.057896405999599665
CDA (budgeted),michalewicz_10d,10,22,-8.859592719310887,0.8005589806891127,30000,572,,False,budget_exhausted,0.051515163999283686
CDA (budgeted),michalewicz_10d,10,23,-7.684514102267954,1.975637597732046,30000,496,,False,budget_exhausted,0.0482548610007143
CDA (budgeted),michalewicz_10d,10,24,-7.7465242385008555,1.9136274614991446,30000,528,,False,budget_exhausted,0.04951244899984886
CDA (budgeted),michalewicz_10d,10,25,-7.997432017508684,1.662719682491316,30000,552,,False,budget_exhausted,0.050644593000470195
CDA (budgeted),michalewicz_10d,10,26,-7.717832207777322,1.942319492222678,30000,567,,False,budget_exhausted,0.051440789000480436
CDA (budgeted),michalewicz_10d,10,27,-7.783511846172908,1.8766398538270925,30000,519,,False,budget_exhausted,0.04924091700013378
CDA (budgeted),michalewicz_10d,10,28,-7.814462715032791,1.8456889849672091,30000,739,,False,budget_exhausted,0.061871079000411555
CDA (budgeted),michalewicz_10d,10,29,-7.850650337582226,1.809501362417774,30000,449,,False,budget_exhausted,0.04487842199978331
PSO,michalewicz_10d,10,0,-8.01022397842981,1.6499277215701902,30000,599,,False,budget_exhausted,0.03230303400050616
PSO,michalewicz_10d,10,1,-8.728365313474706,0.9317863865252942,30000,599,,False,budget_exhausted,0.0300979070007088
PSO,michalewicz_10d,10,2,-8.47977395294797,1.180377747052031,30000,599,,False,budget_exhausted,0.030742668000129925
PSO,michalewicz_10d,10,3,-7.241040519102623,2.419111180897377,30000,599,,False,budget_exhausted,0.030024020000382734
PSO,michalewicz_10d,10,4,-7.342205595579969,2.317946104420031,30000,599,,False,budget_exhausted,0.029455749999215186
PSO,michalewicz_10d,10,5,-8.264313653804779,1.3958380461952213,30000,599,,False,budget_exhausted,0.03046591800011811
PSO,michalewicz_10d,10,6,-8.313797879504301,1.3463538204956986,30000,599,,False,budget_exhausted,0.03143114799968316
PSO,michalewicz_10d,10,7,-9.150039532915157,0.5101121670848432,30000,599,,False,budget_exhausted,0.030007616999682796
PSO,michalewicz_10d,10,8,-9.555654200158571,0.10449749984142898,30000,599,,False,budget_exhausted,0.029917150999608566
PSO,michalewicz_10d,10,9,-8.989996585995943,0.6701551140040571,30000,599,,False,budget_exhausted,0.030048087000068335
PSO,michalewicz_10d,10,10,-7.9868505616409635,1.6733011383590366,30000,599,,False,budget_exhausted,0.029149238000172772
PSO,michalewicz_10d,10,11,-7.585040719226716,2.0751109807732844,30000,599,,False,budget_exhausted,0.030389455000658927
PSO,michalewicz_10d,10,12,-8.934472166408593,0.725679533591407,30000,599,,False,budget_exhausted,0.029656815000635106
PSO,michalewicz_10d,10,13,-6.886671185214721,2.7734805147852795,30000,599,,False,budget_exhausted,0.029310764000001654
PSO,michalewicz_10d,10,14,-9.177293788142828,0.4828579118571721,30000,599,,False,budget_exhausted,0.03013903500050219
PSO,michalewicz_10d,10,15,-8.484680565599911,1.1754711344000892,30000,599,,False,budget_exhausted,0.03177510300065478
PSO,michalewicz_10d,10,16,-8.581212079054632,1.078939620945368,30000,599,,False,budget_exhausted,0.029966353999952844
PSO,michalewicz_10d,10,17,-7.001326954380969,2.6588247456190315,30000,599,,False,budget_exhausted,0.029240254000796995
PSO,michalewicz_10d,10,18,-8.944978771575308,0.7151729284246926,30000,599,,False,budget_exhausted,0.029772417999993195
PSO,michalewicz_10d,10,19,-8.25884035379439,1.4013113462056097,30000,599,,False,budget_exhausted,0.031245440999555285
PSO,michalewicz_10d,10,20,-9.03990059065497,0.6202511093450305,30000,599,,False,budget_exhausted,0.02963022199946863
PSO,michalewicz_10d,10,21,-7.503018186461365,2.1571335135386347,30000,599,,False,budget_exhausted,0.030254976000833267
PSO,michalewicz_10d,10,22,-9.193891215960504,0.4662604840394966,30000,599,,False,budget_exhausted,0.029556432999925164
PSO,michalewicz_10d,10,23,-8.592200255307077,1.0679514446929232,30000,599,,False,budget_exhausted,0.029986243000166724
PSO,michalewicz_10d,10,24,-7.462440589568761,2.1977111104312392,30000,599,,False,budget_exhausted,0.030200285999853804
PSO,michalewicz_10d,10,25,-9.3280919873982,0.3320597126018008,30000,599,,False,budget_exhausted,0.02967028799957916
PSO,michalewicz_10d,10,26,-7.595781829921011,2.0643698700789894,30000,599,,False,budget_exhausted,0.029715740999563423
PSO,michalewicz_10d,10,27,-8.790898499888195,0.869253200111805,30000,599,,False,budget_exhausted,0.030001293999703194
PSO,michalewicz_10d,10,28,-8.447263484258501,1.2128882157414989,30000,599,,False,budget_exhausted,0.029575663000287022
PSO,michalewicz_10d,10,29,-8.72488421831758,0.9352674816824198,30000,599,,False,budget_exhausted,0.029447097000229405
GA,michalewicz_10d,10,0,-9.619020384272766,0.04113131572723461,30000,599,,False,budget_exhausted,0.046492859999489156
GA,michalewicz_10d,10,1,-9.6513286598248,0.008823040175199637,30000,599,,False,budget_exhausted,0.04682543400031136
GA,michalewicz_10d,10,2,-9.653000382639778,0.007151317360222009,30000,599,,False,budget_exhausted,0.0464332090004973
GA,michalewicz_10d,10,3,-9.613466121083329,0.04668557891667113,30000,599,,False,budget_exhausted,0.04675166300057754
GA,michalewicz_10d,10,4,-9.65947199815602,0.0006797018439801406,30000,599,,False,budget_exhausted,0.046652653000819555
GA,michalewicz_10d,10,5,-9.612605653389984,0.047546046610015935,30000,599,,False,budget_exhausted,0.04687826000008499
GA,michalewicz_10d,10,6,-9.575841672841701,0.08431002715829905,30000,599,,False,budget_exhausted,0.04699159900064842
GA,michalewicz_10d,10,7,-9.48742111479997,0.17273058520003026,30000,599,,False,budget_exhausted,0.04657544799920288
GA,michalewicz_10d,10,8,-9.65523458197353,0.004917118026469325,30000,599,,False,budget_exhausted,0.04627178400005505
GA,michalewicz_10d,10,9,-9.497348989423998,0.1628027105760026,30000,599,,False,budget_exhausted,0.04670123599953513
GA,michalewicz_10d,10,10,-9.400844090052527,0.2593076099474736,30000,599,,False,budget_exhausted,0.04630119600005855
GA,michalewicz_10d,10,11,-9.660016187939625,0.00013551206037476504,30000,599,,False,budget_exhausted,0.046509695000167994
GA,michalewicz_10d,10,12,-9.656903716932323,0.0032479830676770405,30000,599,,False,budget_exhausted,0.046139197000229615
GA,michalewicz_10d,10,13,-9.613344289763692,0.0468074102363083,30000,599,,False,budget_exhausted,0.0464101080006003
GA,michalewicz_10d,10,14,-9.516532757549717,0.14361894245028317,30000,599,,False,budget_exhausted,0.046211441999730596
GA,michalewicz_10d,10,15,-9.655183135194576,0.004968564805423625,30000,599,,False,budget_exhausted,0.04649875100039935
GA,michalewicz_10d,10,16,-9.509669959913943,0.15048174008605741,30000,599,,False,budget_exhausted,0.04635922400029813
GA,michalewicz_10d,10,17,-9.618132486912454,0.04201921308754564,30000,599,,False,budget_exhausted,0.0467895009996937
GA,michalewicz_10d,10,18,-9.655228553392284,0.004923146607715978,30000,599,,False,budget_exhausted,0.04663485099990794
GA,michalewicz_10d,10,19,-9.660062883858126,8.88161418739486e-05,30000,599,28850,True,budget_exhausted,0.04652467400046589
GA,michalewicz_10d,10,20,-9.658093658678622,0.0020580413213782123,30000,599,,False,budget_exhausted,0.046390911000344204
GA,michalewicz_10d,10,21,-9.66007116727254,8.053272746089135e-05,30000,599,22350,True,budget_exhausted,0.04634932099997968
GA,michalewicz_10d,10,22,-9.606312385138427,0.05383931486157323,30000,599,,False,budget_exhausted,0.04634524999983114
GA,michalewicz_10d,10,23,-9.497064477359162,0.1630872226408382,30000,599,,False,budget_exhausted,0.046708229000614665
GA,michalewicz_10d,10,24,-9.659966042279274,0.00018565772072598463,30000,599,,False,budget_exhausted,0.04667302199959522
GA,michalewicz_10d,10,25,-9.613443359074905,0.046708340925095015,30000,599,,False,budget_exhausted,0.046702503000233264
GA,michalewicz_10d,10,26,-9.62226423838678,0.0378874616132201,30000,599,,False,budget_exhausted,0.04665353200016398
GA,michalewicz_10d,10,27,-9.321254228596304,0.33889747140369586,30000,599,,False,budget_exhausted,0.04616002500006289
GA,michalewicz_10d,10,28,-9.615610118330856,0.04454158166914368,30000,599,,False,budget_exhausted,0.04643506399952457
GA,michalewicz_10d,10,29,-9.18871769618202,0.47143400381798095,30000,599,,False,budget_exhausted,0.046607876000052784
DE,michalewicz_10d,10,0,-7.221179638680106,2.4389720613198937,30000,599,,False,budget_exhausted,0.05073162799999409
DE,michalewicz_10d,10,1,-8.03988801374557,1.6202636862544306,30000,599,,False,budget_exhausted,0.052872338999804924
DE,michalewicz_10d,10,2,-7.710190271075995,1.9499614289240048,30000,599,,False,budget_exhausted,0.0539578950001669
DE,michalewicz_10d,10,3,-8.500787440893568,1.1593642591064324,30000,599,,False,budget_exhausted,0.05051919700053986
DE,michalewicz_10d,10,4,-8.3320562607899,1.3280954392101005,30000,599,,False,budget_exhausted,0.05091209400052321
DE,michalewicz_10d,10,5,-8.347509140791068,1.312642559208932,30000,599,,False,budget_exhausted,0.05089279100047861
DE,michalewicz_10d,10,6,-8.615913625274544,1.044238074725456,30000,599,,False,budget_exhausted,0.05103073300051619
DE,michalewicz_10d,10,7,-8.07352758833107,1.5866241116689306,30000,599,,False,budget_exhausted,0.0505160929997146
DE,michalewicz_10d,10,8,-8.147651212035182,1.512500487964818,30000,599,,False,budget_exhausted,0.050645360999624245
DE,michalewicz_10d,10,9,-7.883141383899388,1.777010316100612,30000,599,,False,budget_exhausted,0.05080530599934718
DE,michalewicz_10d,10,10,-9.0537244172729,0.6064272827271004,30000,599,,False,budget_exhausted,0.05050740800015774
DE,michalewicz_10d,10,11,-8.616865595896535,1.0432861041034656,30000,599,,False,budget_exhausted,0.050645282000004954
DE,michalewicz_10d,10,12,-8.967782469351542,0.6923692306484579,30000,599,,False,budget_exhausted,0.050799788999938755
DE,michalewicz_10d,10,13,-8.092334533845069,1.5678171661549314,30000,599,,False,budget_exhausted,0.05053592500007653
DE,michalewicz_10d,10,14,-8.226994745361795,1.4331569546382052,30000,599,,False,budget_exhausted,0.05087179800011654
DE,michalewicz_10d,10,15,-7.431967699970027,2.228184000029973,30000,599,,False,budget_exhausted,0.05101892600032443
DE,michalewicz_10d,10,16,-7.841256291904049,1.8188954080959512,30000,599,,False,budget_exhausted,0.05121214199971291
DE,michalewicz_10d,10,17,-8.47674505889226,1.1834066411077409,30000,599,,False,budget_exhausted,0.05111983999995573
DE,michalewicz_10d,10,18,-7.958318823584469,1.7018328764155308,30000,599,,False,budget_exhausted,0.05024213700016844
DE,michalewicz_10d,10,19,-7.505662469186528,2.154489230813472,30000,599,,False,budget_exhausted,0.05112388099951204
DE,michalewicz_10d,10,20,-8.836521451850135,0.8236302481498647,30000,599,,False,budget_exhausted,0.050680642000770604
DE,michalewicz_10d,10,21,-8.649650629867082,1.0105010701329178,30000,599,,False,budget_exhausted,0.05048927200004982
DE,michalewicz_10d,10,22,-7.884495111955453,1.775656588044547,30000,599,,False,budget_exhausted,0.05146553899976425
DE,michalewicz_10d,10,23,-8.711027477457433,0.9491242225425669,30000,599,,False,budget_exhausted,0.05093784699965909
DE,michalewicz_10d,10,24,-9.066769225446508,0.5933824745534917,30000,599,,False,budget_exhausted,0.05054242099959083
DE,michalewicz_10d,10,25,-8.80529597908138,0.8548557209186196,30000,599,,False,budget_exhausted,0.05113637100021151
DE,michalewicz_10d,10,26,-8.95528893095495,0.7048627690450502,30000,599,,False,budget_exhausted,0.05076530799942702
DE,michalewicz_10d,10,27,-8.324941381816423,1.3352103181835773,30000,599,,False,budget_exhausted,0.05083283800013305
DE,michalewicz_10d,10,28,-7.889798375481741,1.7703533245182594,30000,599,,False,budget_exhausted,0.05065061799996329
DE,michalewicz_10d,10,29,-8.185677325369717,1.474474374630283,30000,599,,False,budget_exhausted,0.05070557999988523
Random,michalewicz_10d,10,0,-5.244136106241842,4.416015593758158,30000,600,,False,budget_exhausted,0.024235949000285473
Random,michalewicz_10d,10,1,-4.986755508107733,4.673396191892267,30000,600,,False,budget_exhausted,0.023825357000532676
Random,michalewicz_10d,10,2,-5.132380245544785,4.527771454455215,30000,600,,False,budget_exhausted,0.023971527999492537
Random,michalewicz_10d,10,3,-4.72865070748393,4.93150099251607,30000,600,,False,budget_exhausted,0.023909359999379376
Random,michalewicz_10d,10,4,-4.663350461873435,4.996801238126565,30000,600,,False,budget_exhausted,0.023956728000484873
Random,michalewicz_10d,10,5,-5.049903997051426,4.610247702948574,30000,600,,False,budget_exhausted,0.023806082000191964
Random,michalewicz_10d,10,6,-5.014812583743707,4.645339116256293,30000,600,,False,budget_exhausted,0.02380765500038251
Random,michalewicz_10d,10,7,-5.3026210047219715,4.357530695278029,30000,600,,False,budget_exhausted,0.02395415299997694
Random,michalewicz_10d,10,8,-5.07831850099542,4.58183319900458,30000,600,,False,budget_exhausted,0.023608159000104934
Random,michalewicz_10d,10,9,-4.79207991500423,4.86807178499577,30000,600,,False,budget_exhausted,0.024200911000662018
Random,michalewicz_10d,10,10,-4.700273781882223,4.959877918117777,30000,600,,False,budget_exhausted,0.023790786000063235
Random,michalewicz_10d,10,11,-4.5804123213486605,5.07973937865134,30000,600,,False,budget_exhausted,0.02399764000074356
Random,michalewicz_10d,10,12,-4.993659439715644,4.666492260284356,30000,600,,False,budget_exhausted,0.02386897099950147
Random,michalewicz_10d,10,13,-5.21735524792693,4.44279645207307,30000,600,,False,budget_exhausted,0.02396794099968247
Random,michalewicz_10d,10,14,-5.146811378393275,4.513340321606725,30000,600,,False,budget_exhausted,0.023708713000814896
Random,michalewicz_10d,10,15,-5.28808757769572,4.37206412230428,30000,600,,False,budget_exhausted,0.023800517999916337
Random,michalewicz_10d,10,16,-4.60743400696932,5.05271769303068,30000,600,,False,budget_exhausted,0.02387823000026401
Random,michalewicz_10d,10,17,-5.4120204716261595,4.248131228373841,30000,600,,False,budget_exhausted,0.02370106000034866
Random,michalewicz_10d,10,18,-4.540527480527248,5.119624219472752,30000,600,,False,budget_exhausted,0.023884438000095543
Random,michalewicz_10d,10,19,-5.301662468114608,4.358489231885392,30000,600,,False,budget_exhausted,0.023862488999839115
Random,michalewicz_10d,10,20,-5.199755162747638,4.460396537252362,30000,600,,False,budget_exhausted,0.024007502000131353
Random,michalewicz_10d,10,21,-5.324468932591999,4.335682767408001,30000,600,,False,budget_exhausted,0.023789189999661176
Random,michalewicz_10d,10,22,-5.144357551472018,4.515794148527982,30000,600,,False,budget_exhausted,0.02370279200022196
Random,michalewicz_10d,10,23,-5.46914651369967,4.19100518630033,30000,600,,False,budget_exhausted,0.02374244499969791
Random,michalewicz_10d,10,24,-4.772242705142697,4.887908994857303,30000,600,,False,budget_exhausted,0.0239055689999077
Random,michalewicz_10d,10,25,-4.913557944267454,4.746593755732546,30000,600,,False,budget_exhausted,0.023933323999699496
Random,michalewicz_10d,10,26,-4.9871022698176555,4.673049430182345,30000,600,,False,budget_exhausted,0.023752485999466444
Random,michalewicz_10d,10,27,-4.865499344469363,4.794652355530637,30000,600,,False,budget_exhausted,0.024079581000478356
Random,michalewicz_10d,10,28,-5.022018101061315,4.638133598938685,30000,600,,False,budget_exhausted,0.023786198000379954
Random,michalewicz_10d,10,29,-5.194422886417983,4.465728813582017,30000,600,,False,budget_exhausted,0.024448992000543512
